site_id,monitoring_period,missing_data_count,protocol_deviation_count,data_entry_delay_avg,query_resolution_avg,behavior,total_patients,dropped_out_patients,patient_dropout_rate,total_visits,completed_visits,visit_completion_rate,average_visit_delay_days,total_adverse_events,serious_adverse_events,severe_adverse_events,average_reported_delay_days,serious_event_rate,severe_event_rate
SITE0001,1,4.0,2.0,0.0,0.0,Stable,10,0,0.0,15,14,0.9333333333333332,1.6428571428571428,2.0,0.0,0.0,2.0,0.0,0.0
SITE0001,2,1.0,0.0,0.0,18.0,Stable,20,1,0.05,30,29,0.9666666666666668,1.9310344827586208,1.0,0.0,0.0,3.0,0.0,0.0
SITE0001,3,1.0,1.0,4.0,14.666666666666666,Stable,32,6,0.1875,55,50,0.9090909090909092,1.9,4.0,0.0,0.0,1.5,0.0,0.0
SITE0001,4,0.0,2.0,11.0,8.0,Stable,42,6,0.1428571428571428,65,64,0.9846153846153848,1.390625,7.0,1.0,1.0,2.7142857142857144,0.1428571428571428,0.1428571428571428
SITE0001,5,2.0,1.0,10.5,10.5,Stable,39,5,0.1282051282051282,59,55,0.9322033898305084,2.5090909090909093,13.0,1.0,1.0,1.5384615384615383,0.0769230769230769,0.0769230769230769
SITE0001,6,3.0,2.0,8.5,4.0,Stable,35,4,0.1142857142857142,54,50,0.925925925925926,2.38,9.0,0.0,0.0,1.4444444444444444,0.0,0.0
SITE0001,7,1.0,1.0,0.0,0.0,Stable,39,4,0.1025641025641025,64,60,0.9375,1.8166666666666669,13.0,1.0,1.0,2.1538461538461537,0.0769230769230769,0.0769230769230769
SITE0001,8,1.0,0.0,8.6,2.0,Stable,37,2,0.054054054054054,61,58,0.9508196721311476,1.9827586206896552,8.0,0.0,0.0,3.0,0.0,0.0
SITE0001,9,1.0,0.0,0.0,0.0,Stable,39,4,0.1025641025641025,63,55,0.873015873015873,2.2,8.0,0.0,0.0,0.75,0.0,0.0
SITE0001,10,1.0,0.0,5.666666666666667,0.0,Stable,35,3,0.0857142857142857,53,47,0.8867924528301887,1.680851063829787,16.0,3.0,3.0,2.8125,0.1875,0.1875
SITE0001,11,2.0,1.0,5.5,15.333333333333334,Stable,34,1,0.0294117647058823,54,47,0.8703703703703703,2.148936170212766,13.0,2.0,2.0,2.076923076923077,0.1538461538461538,0.1538461538461538
SITE0001,12,1.0,2.0,10.666666666666666,0.0,Stable,26,0,0.0,87,80,0.9195402298850576,2.4375,47.0,2.0,2.0,1.9574468085106385,0.0425531914893617,0.0425531914893617
SITE0002,1,3.0,2.0,14.0,12.5,Stable,9,2,0.2222222222222222,14,14,1.0,1.7142857142857142,3.0,1.0,1.0,3.0,0.3333333333333333,0.3333333333333333
SITE0002,2,2.0,0.0,5.5,3.0,Stable,20,1,0.05,31,28,0.9032258064516128,1.7857142857142858,0.0,0.0,0.0,0.0,0.0,0.0
SITE0002,3,0.0,0.0,0.0,10.0,Stable,30,8,0.2666666666666666,47,45,0.9574468085106383,2.2444444444444445,4.0,1.0,1.0,0.75,0.25,0.25
SITE0002,4,4.0,2.0,12.0,8.0,Stable,38,14,0.3684210526315789,62,55,0.8870967741935484,2.109090909090909,10.0,1.0,1.0,2.4,0.1,0.1
SITE0002,5,2.0,2.0,0.0,10.5,Stable,39,17,0.4358974358974359,60,56,0.9333333333333332,2.696428571428572,7.0,1.0,1.0,2.142857142857143,0.1428571428571428,0.1428571428571428
SITE0002,6,1.0,2.0,6.0,0.0,Stable,40,12,0.3,66,60,0.9090909090909092,1.75,9.0,0.0,0.0,2.7777777777777777,0.0,0.0
SITE0002,7,1.0,0.0,4.5,20.0,Stable,41,5,0.1219512195121951,64,60,0.9375,2.1166666666666667,11.0,0.0,0.0,1.9090909090909087,0.0,0.0
SITE0002,8,0.0,0.0,13.0,20.0,Stable,44,3,0.0681818181818181,67,62,0.9253731343283582,2.048387096774193,13.0,2.0,2.0,2.3076923076923075,0.1538461538461538,0.1538461538461538
SITE0002,9,0.0,0.0,0.0,15.0,Stable,39,5,0.1282051282051282,63,57,0.9047619047619048,2.017543859649123,19.0,1.0,1.0,1.7894736842105263,0.0526315789473684,0.0526315789473684
SITE0002,10,0.0,0.0,7.666666666666667,0.0,Stable,41,5,0.1219512195121951,65,60,0.9230769230769232,2.433333333333333,8.0,0.0,0.0,2.375,0.0,0.0
SITE0002,11,1.0,0.0,0.0,10.0,Stable,40,6,0.15,69,66,0.9565217391304348,1.7727272727272727,15.0,0.0,0.0,1.5333333333333334,0.0,0.0
SITE0002,12,0.0,2.0,8.6,7.0,Stable,28,6,0.2142857142857142,82,73,0.8902439024390244,1.547945205479452,47.0,3.0,3.0,1.680851063829787,0.0638297872340425,0.0638297872340425
SITE0003,1,10.0,4.0,9.142857142857142,11.875,High Risk,7,3,0.4285714285714285,9,9,1.0,1.3333333333333333,0.0,0.0,0.0,0.0,0.0,0.0
SITE0003,2,4.0,4.0,5.0,9.833333333333334,High Risk,15,3,0.2,23,23,1.0,1.7826086956521738,0.0,0.0,0.0,0.0,0.0,0.0
SITE0003,3,8.0,4.0,7.285714285714286,13.0,High Risk,29,7,0.2413793103448276,45,39,0.8666666666666667,2.41025641025641,3.0,0.0,0.0,3.6666666666666665,0.0,0.0
SITE0003,4,12.0,4.0,8.8,12.6,High Risk,36,6,0.1666666666666666,62,55,0.8870967741935484,1.8909090909090909,5.0,0.0,0.0,1.8,0.0,0.0
SITE0003,5,9.0,8.0,9.0,10.0,High Risk,42,4,0.0952380952380952,70,66,0.9428571428571428,2.090909090909091,6.0,2.0,2.0,1.6666666666666667,0.3333333333333333,0.3333333333333333
SITE0003,6,15.0,6.0,4.555555555555555,8.88888888888889,High Risk,46,3,0.0652173913043478,71,69,0.971830985915493,1.420289855072464,14.0,0.0,0.0,2.071428571428572,0.0,0.0
SITE0003,7,13.0,4.0,8.142857142857142,19.0,High Risk,45,4,0.0888888888888888,72,61,0.8472222222222222,1.836065573770492,12.0,0.0,0.0,1.6666666666666667,0.0,0.0
SITE0003,8,14.0,5.0,9.75,12.75,High Risk,47,5,0.1063829787234042,75,68,0.9066666666666666,2.367647058823529,9.0,0.0,0.0,1.1111111111111112,0.0,0.0
SITE0003,9,5.0,2.0,7.25,8.125,High Risk,56,9,0.1607142857142857,92,89,0.967391304347826,2.4831460674157304,18.0,0.0,0.0,1.6666666666666667,0.0,0.0
SITE0003,10,5.0,3.0,10.11111111111111,12.142857142857142,High Risk,57,10,0.175438596491228,91,77,0.8461538461538461,1.844155844155844,11.0,0.0,0.0,2.4545454545454546,0.0,0.0
SITE0003,11,9.0,5.0,9.333333333333334,11.333333333333334,High Risk,58,11,0.1896551724137931,97,88,0.9072164948453608,2.159090909090909,13.0,1.0,1.0,2.0,0.0769230769230769,0.0769230769230769
SITE0003,12,11.0,3.0,4.0,14.333333333333334,High Risk,46,13,0.2826086956521739,127,121,0.952755905511811,2.1404958677685952,59.0,2.0,2.0,1.7457627118644068,0.0338983050847457,0.0338983050847457
SITE0004,1,1.0,1.0,0.0,0.0,Stable,10,0,0.0,15,15,1.0,1.5333333333333334,1.0,0.0,0.0,0.0,0.0,0.0
SITE0004,2,3.0,0.0,7.5,0.0,Stable,18,0,0.0,30,28,0.9333333333333332,2.0357142857142856,4.0,0.0,0.0,2.75,0.0,0.0
SITE0004,3,1.0,3.0,5.0,8.0,Stable,28,0,0.0,41,37,0.902439024390244,2.4324324324324325,3.0,0.0,0.0,2.333333333333333,0.0,0.0
SITE0004,4,1.0,0.0,0.0,1.0,Stable,33,0,0.0,51,51,1.0,2.3529411764705883,5.0,0.0,0.0,2.2,0.0,0.0
SITE0004,5,2.0,0.0,0.0,6.5,Stable,31,0,0.0,50,48,0.96,3.125,10.0,0.0,0.0,1.7,0.0,0.0
SITE0004,6,2.0,1.0,0.0,0.0,Stable,30,1,0.0333333333333333,48,43,0.8958333333333334,2.3488372093023258,2.0,0.0,0.0,2.0,0.0,0.0
SITE0004,7,3.0,0.0,6.0,5.5,Stable,25,4,0.16,45,43,0.9555555555555556,1.9534883720930232,15.0,0.0,0.0,0.9333333333333332,0.0,0.0
SITE0004,8,1.0,2.0,10.333333333333334,20.0,Stable,28,4,0.1428571428571428,45,41,0.9111111111111112,2.097560975609756,9.0,0.0,0.0,1.6666666666666667,0.0,0.0
SITE0004,9,0.0,0.0,0.0,10.666666666666666,Stable,27,4,0.1481481481481481,43,43,1.0,2.232558139534884,8.0,1.0,1.0,2.75,0.125,0.125
SITE0004,10,1.0,0.0,0.0,0.0,Stable,28,3,0.1071428571428571,44,35,0.7954545454545454,2.2285714285714286,8.0,0.0,0.0,1.5,0.0,0.0
SITE0004,11,2.0,1.0,11.0,8.5,Stable,26,2,0.0769230769230769,40,37,0.925,2.1621621621621623,7.0,0.0,0.0,2.142857142857143,0.0,0.0
SITE0004,12,2.0,2.0,6.0,18.0,Stable,19,0,0.0,58,54,0.9310344827586208,2.111111111111111,30.0,3.0,3.0,1.7333333333333334,0.1,0.1
SITE0005,1,2.0,1.0,0.0,0.0,Deteriorating,14,1,0.0714285714285714,20,19,0.95,2.1578947368421053,1.0,0.0,0.0,2.0,0.0,0.0
SITE0005,2,2.0,2.0,5.0,0.0,Deteriorating,27,4,0.1481481481481481,43,41,0.9534883720930232,2.292682926829268,2.0,1.0,1.0,0.5,0.5,0.5
SITE0005,3,0.0,2.0,5.0,4.75,Deteriorating,38,4,0.1052631578947368,62,54,0.8709677419354839,1.8148148148148149,7.0,0.0,0.0,1.8571428571428568,0.0,0.0
SITE0005,4,0.0,3.0,3.0,12.0,Deteriorating,45,7,0.1555555555555555,74,68,0.918918918918919,1.6911764705882353,8.0,0.0,0.0,1.625,0.0,0.0
SITE0005,5,2.0,2.0,8.666666666666666,9.0,Deteriorating,37,5,0.1351351351351351,62,57,0.9193548387096774,1.631578947368421,5.0,0.0,0.0,1.0,0.0,0.0
SITE0005,6,3.0,1.0,9.333333333333334,10.6,Deteriorating,42,5,0.119047619047619,65,63,0.9692307692307692,2.1904761904761907,12.0,1.0,1.0,1.1666666666666667,0.0833333333333333,0.0833333333333333
SITE0005,7,6.0,4.0,0.0,7.5,Deteriorating,45,6,0.1333333333333333,72,67,0.9305555555555556,1.6567164179104477,16.0,0.0,0.0,1.625,0.0,0.0
SITE0005,8,3.0,4.0,3.5,0.0,Deteriorating,48,12,0.25,82,78,0.951219512195122,1.8205128205128205,19.0,1.0,1.0,1.631578947368421,0.0526315789473684,0.0526315789473684
SITE0005,9,7.0,3.0,6.5,13.0,Deteriorating,53,15,0.2830188679245283,83,78,0.9397590361445785,1.4102564102564104,11.0,0.0,0.0,1.6363636363636365,0.0,0.0
SITE0005,10,8.0,1.0,7.333333333333333,10.5,Deteriorating,45,12,0.2666666666666666,69,65,0.9420289855072465,2.1846153846153844,16.0,0.0,0.0,1.6875,0.0,0.0
SITE0005,11,5.0,0.0,8.6,11.333333333333334,Deteriorating,41,11,0.2682926829268293,67,61,0.9104477611940298,2.1311475409836067,16.0,1.0,1.0,2.125,0.0625,0.0625
SITE0005,12,4.0,5.0,4.333333333333333,14.0,Deteriorating,29,8,0.2758620689655172,75,68,0.9066666666666666,2.397058823529412,52.0,3.0,3.0,1.8269230769230769,0.0576923076923076,0.0576923076923076
SITE0006,1,3.0,2.0,0.0,0.0,Stable,14,1,0.0714285714285714,20,20,1.0,2.1,2.0,0.0,0.0,1.0,0.0,0.0
SITE0006,2,3.0,1.0,7.5,0.0,Stable,31,2,0.064516129032258,53,48,0.9056603773584906,1.75,3.0,2.0,2.0,1.6666666666666667,0.6666666666666666,0.6666666666666666
SITE0006,3,2.0,2.0,12.0,0.0,Stable,40,2,0.05,69,64,0.927536231884058,2.6875,7.0,0.0,0.0,1.4285714285714286,0.0,0.0
SITE0006,4,3.0,1.0,11.0,0.0,Stable,46,1,0.0217391304347826,72,61,0.8472222222222222,1.9344262295081969,11.0,1.0,1.0,1.5454545454545454,0.0909090909090909,0.0909090909090909
SITE0006,5,0.0,1.0,4.0,10.0,Stable,44,1,0.0227272727272727,64,58,0.90625,2.155172413793104,12.0,0.0,0.0,2.083333333333333,0.0,0.0
SITE0006,6,3.0,5.0,12.0,2.0,Stable,41,5,0.1219512195121951,67,60,0.8955223880597015,1.9166666666666667,11.0,0.0,0.0,3.090909090909091,0.0,0.0
SITE0006,7,0.0,3.0,0.0,20.0,Stable,47,5,0.1063829787234042,76,70,0.9210526315789472,2.2285714285714286,15.0,2.0,2.0,1.8666666666666667,0.1333333333333333,0.1333333333333333
SITE0006,8,2.0,2.0,4.0,0.0,Stable,49,5,0.1020408163265306,79,75,0.9493670886075948,2.2133333333333334,20.0,1.0,1.0,2.4,0.05,0.05
SITE0006,9,1.0,1.0,9.25,1.0,Stable,52,5,0.0961538461538461,78,72,0.9230769230769232,2.680555555555556,19.0,2.0,2.0,2.210526315789474,0.1052631578947368,0.1052631578947368
SITE0006,10,3.0,0.0,0.0,0.0,Stable,54,3,0.0555555555555555,86,78,0.9069767441860463,2.0,15.0,0.0,0.0,1.6666666666666667,0.0,0.0
SITE0006,11,3.0,2.0,7.0,16.0,Stable,51,7,0.1372549019607843,84,77,0.9166666666666666,2.272727272727273,13.0,1.0,1.0,0.6923076923076923,0.0769230769230769,0.0769230769230769
SITE0006,12,2.0,2.0,4.0,0.0,Stable,37,11,0.2972972972972973,104,97,0.9326923076923076,2.618556701030928,51.0,5.0,5.0,1.568627450980392,0.0980392156862745,0.0980392156862745
SITE0007,1,8.0,0.0,6.0,0.0,High Risk,10,0,0.0,15,15,1.0,2.333333333333333,1.0,0.0,0.0,1.0,0.0,0.0
SITE0007,2,9.0,6.0,8.166666666666666,12.333333333333334,High Risk,20,0,0.0,31,29,0.935483870967742,1.4137931034482758,3.0,1.0,1.0,1.0,0.3333333333333333,0.3333333333333333
SITE0007,3,11.0,10.0,5.0,7.857142857142857,High Risk,38,6,0.1578947368421052,61,58,0.9508196721311476,2.2241379310344827,4.0,1.0,1.0,1.75,0.25,0.25
SITE0007,4,8.0,7.0,9.0,16.0,High Risk,54,9,0.1666666666666666,84,73,0.8690476190476191,1.917808219178082,10.0,1.0,1.0,1.6,0.1,0.1
SITE0007,5,5.0,4.0,6.333333333333333,11.0,High Risk,56,14,0.25,91,80,0.8791208791208791,2.025,8.0,1.0,1.0,3.125,0.125,0.125
SITE0007,6,6.0,1.0,8.8,12.0,High Risk,55,12,0.2181818181818181,83,77,0.927710843373494,2.5974025974025974,16.0,2.0,2.0,1.375,0.125,0.125
SITE0007,7,12.0,5.0,7.777777777777778,7.2,High Risk,46,8,0.1739130434782608,77,71,0.922077922077922,2.014084507042253,8.0,0.0,0.0,1.625,0.0,0.0
SITE0007,8,7.0,4.0,8.25,5.0,High Risk,37,5,0.1351351351351351,65,60,0.9230769230769232,2.25,10.0,0.0,0.0,1.8,0.0,0.0
SITE0007,9,8.0,8.0,5.714285714285714,12.555555555555555,High Risk,34,5,0.1470588235294117,48,44,0.9166666666666666,1.3409090909090908,21.0,1.0,1.0,1.380952380952381,0.0476190476190476,0.0476190476190476
SITE0007,10,9.0,5.0,5.3,8.0,High Risk,36,5,0.1388888888888889,61,58,0.9508196721311476,2.3448275862068964,14.0,0.0,0.0,1.7142857142857142,0.0,0.0
SITE0007,11,10.0,8.0,6.714285714285714,17.0,High Risk,33,5,0.1515151515151515,54,49,0.9074074074074074,1.6938775510204085,17.0,0.0,0.0,3.294117647058824,0.0,0.0
SITE0007,12,8.0,3.0,8.75,9.0,High Risk,24,3,0.125,62,59,0.9516129032258064,1.694915254237288,41.0,2.0,2.0,1.6829268292682926,0.048780487804878,0.048780487804878
SITE0008,1,1.0,0.0,11.666666666666666,7.0,Stable,13,1,0.0769230769230769,19,19,1.0,1.5789473684210529,0.0,0.0,0.0,0.0,0.0,0.0
SITE0008,2,2.0,3.0,6.666666666666667,17.0,Stable,20,2,0.1,32,29,0.90625,2.2413793103448274,3.0,0.0,0.0,3.0,0.0,0.0
SITE0008,3,2.0,1.0,9.0,0.0,Stable,35,4,0.1142857142857142,56,51,0.9107142857142856,2.2745098039215685,3.0,0.0,0.0,2.6666666666666665,0.0,0.0
SITE0008,4,3.0,2.0,0.0,19.0,Stable,45,6,0.1333333333333333,73,68,0.9315068493150684,2.397058823529412,5.0,0.0,0.0,1.4,0.0,0.0
SITE0008,5,0.0,2.0,7.5,16.0,Stable,46,4,0.0869565217391304,76,70,0.9210526315789472,2.5285714285714285,8.0,0.0,0.0,1.25,0.0,0.0
SITE0008,6,0.0,0.0,0.0,6.0,Stable,46,5,0.108695652173913,73,68,0.9315068493150684,2.294117647058824,11.0,1.0,1.0,1.5454545454545454,0.0909090909090909,0.0909090909090909
SITE0008,7,1.0,1.0,0.0,0.0,Stable,48,2,0.0416666666666666,78,70,0.8974358974358975,2.557142857142857,14.0,0.0,0.0,2.071428571428572,0.0,0.0
SITE0008,8,2.0,2.0,7.0,6.666666666666667,Stable,44,0,0.0,67,63,0.9402985074626866,1.4603174603174602,15.0,0.0,0.0,1.6,0.0,0.0
SITE0008,9,1.0,3.0,0.0,7.5,Stable,49,2,0.0408163265306122,79,70,0.8860759493670886,1.7571428571428571,14.0,2.0,2.0,1.2857142857142858,0.1428571428571428,0.1428571428571428
SITE0008,10,2.0,2.0,4.0,0.0,Stable,55,1,0.0181818181818181,82,74,0.902439024390244,1.8783783783783785,15.0,1.0,1.0,1.9333333333333331,0.0666666666666666,0.0666666666666666
SITE0008,11,2.0,2.0,10.0,14.0,Stable,52,3,0.0576923076923076,89,82,0.9213483146067416,1.902439024390244,11.0,1.0,1.0,0.8181818181818182,0.0909090909090909,0.0909090909090909
SITE0008,12,1.0,3.0,6.0,5.0,Stable,39,6,0.1538461538461538,116,102,0.8793103448275862,2.2058823529411766,55.0,3.0,3.0,2.0,0.0545454545454545,0.0545454545454545
SITE0009,1,5.0,4.0,8.666666666666666,16.0,Anomalous,19,3,0.1578947368421052,32,30,0.9375,1.7,3.0,0.0,0.0,2.6666666666666665,0.0,0.0
SITE0009,2,5.0,2.0,9.6,4.0,Anomalous,30,6,0.2,51,47,0.9215686274509804,1.7234042553191489,6.0,0.0,0.0,1.8333333333333333,0.0,0.0
SITE0009,3,0.0,3.0,6.333333333333333,6.333333333333333,Anomalous,44,9,0.2045454545454545,74,70,0.945945945945946,2.157142857142857,9.0,1.0,1.0,1.4444444444444444,0.1111111111111111,0.1111111111111111
SITE0009,4,16.0,9.0,7.8,11.0,Anomalous,47,7,0.1489361702127659,77,73,0.948051948051948,1.6575342465753424,7.0,0.0,0.0,1.8571428571428568,0.0,0.0
SITE0009,5,2.0,2.0,9.0,0.0,Anomalous,43,4,0.0930232558139534,66,58,0.8787878787878788,2.4655172413793105,9.0,1.0,1.0,1.3333333333333333,0.1111111111111111,0.1111111111111111
SITE0009,6,2.0,4.0,0.0,10.0,Anomalous,49,4,0.0816326530612244,76,69,0.9078947368421052,2.27536231884058,6.0,0.0,0.0,2.5,0.0,0.0
SITE0009,7,7.0,1.0,5.333333333333333,15.0,Anomalous,51,10,0.196078431372549,81,76,0.9382716049382716,1.973684210526316,15.0,2.0,2.0,1.3333333333333333,0.1333333333333333,0.1333333333333333
SITE0009,8,3.0,1.0,6.0,7.5,Anomalous,52,10,0.1923076923076923,86,80,0.9302325581395348,2.1875,12.0,0.0,0.0,0.5833333333333334,0.0,0.0
SITE0009,9,6.0,0.0,8.0,18.5,Anomalous,50,8,0.16,73,67,0.9178082191780822,2.1791044776119404,12.0,0.0,0.0,2.5,0.0,0.0
SITE0009,10,3.0,1.0,8.0,15.0,Anomalous,45,11,0.2444444444444444,70,63,0.9,1.8571428571428568,15.0,1.0,1.0,3.2,0.0666666666666666,0.0666666666666666
SITE0009,11,3.0,2.0,7.0,10.25,Anomalous,43,17,0.3953488372093023,77,71,0.922077922077922,1.7183098591549295,16.0,4.0,4.0,2.0,0.25,0.25
SITE0009,12,2.0,0.0,7.333333333333333,10.0,Anomalous,35,25,0.7142857142857143,95,86,0.9052631578947368,2.186046511627907,57.0,3.0,3.0,1.824561403508772,0.0526315789473684,0.0526315789473684
SITE0010,1,0.0,0.0,0.0,12.5,Deteriorating,12,1,0.0833333333333333,16,16,1.0,1.8125,2.0,0.0,0.0,1.0,0.0,0.0
SITE0010,2,3.0,0.0,1.0,1.0,Deteriorating,23,3,0.1304347826086956,33,30,0.9090909090909092,2.433333333333333,2.0,0.0,0.0,3.0,0.0,0.0
SITE0010,3,3.0,1.0,2.0,8.0,Deteriorating,31,4,0.1290322580645161,53,50,0.9433962264150944,2.18,2.0,1.0,1.0,0.0,0.5,0.5
SITE0010,4,1.0,3.0,9.0,11.0,Deteriorating,35,7,0.2,58,54,0.9310344827586208,1.8333333333333333,2.0,0.0,0.0,1.5,0.0,0.0
SITE0010,5,8.0,0.0,8.0,0.0,Deteriorating,33,5,0.1515151515151515,49,45,0.9183673469387756,1.9777777777777776,8.0,0.0,0.0,2.25,0.0,0.0
SITE0010,6,3.0,4.0,6.5,8.0,Deteriorating,31,4,0.1290322580645161,48,46,0.9583333333333334,2.3260869565217392,5.0,0.0,0.0,1.8,0.0,0.0
SITE0010,7,4.0,2.0,0.0,5.0,Deteriorating,34,3,0.088235294117647,58,53,0.913793103448276,2.2830188679245285,11.0,0.0,0.0,1.9090909090909087,0.0,0.0
SITE0010,8,6.0,0.0,4.0,9.0,Deteriorating,37,2,0.054054054054054,58,55,0.9482758620689656,2.0727272727272728,10.0,0.0,0.0,1.9,0.0,0.0
SITE0010,9,4.0,0.0,0.0,17.0,Deteriorating,33,4,0.1212121212121212,54,53,0.9814814814814816,1.7169811320754718,16.0,3.0,3.0,1.5625,0.1875,0.1875
SITE0010,10,4.0,7.0,6.636363636363637,12.333333333333334,Deteriorating,31,3,0.0967741935483871,44,40,0.9090909090909092,1.9,13.0,2.0,2.0,1.3076923076923077,0.1538461538461538,0.1538461538461538
SITE0010,11,7.0,5.0,3.5,8.142857142857142,Deteriorating,29,7,0.2413793103448276,48,46,0.9583333333333334,1.5217391304347827,9.0,2.0,2.0,2.111111111111111,0.2222222222222222,0.2222222222222222
SITE0010,12,4.0,2.0,8.25,11.6,Deteriorating,22,11,0.5,63,60,0.9523809523809524,2.1666666666666665,42.0,1.0,1.0,2.119047619047619,0.0238095238095238,0.0238095238095238
SITE0011,1,4.0,1.0,0.0,0.0,Stable,14,3,0.2142857142857142,20,19,0.95,1.5263157894736843,3.0,0.0,0.0,4.333333333333333,0.0,0.0
SITE0011,2,1.0,1.0,2.5,17.0,Stable,22,4,0.1818181818181818,40,39,0.975,1.8461538461538465,0.0,0.0,0.0,0.0,0.0,0.0
SITE0011,3,0.0,1.0,8.666666666666666,0.0,Stable,26,4,0.1538461538461538,45,40,0.8888888888888888,2.075,5.0,1.0,1.0,1.6,0.2,0.2
SITE0011,4,3.0,1.0,0.0,2.0,Stable,30,2,0.0666666666666666,51,43,0.8431372549019608,1.5116279069767442,5.0,1.0,1.0,1.4,0.2,0.2
SITE0011,5,2.0,0.0,4.0,19.0,Stable,28,5,0.1785714285714285,47,47,1.0,2.0851063829787235,7.0,1.0,1.0,0.4285714285714285,0.1428571428571428,0.1428571428571428
SITE0011,6,0.0,1.0,8.0,0.0,Stable,37,12,0.3243243243243243,62,58,0.935483870967742,1.7758620689655171,11.0,0.0,0.0,2.0,0.0,0.0
SITE0011,7,2.0,1.0,4.0,15.0,Stable,41,14,0.3414634146341463,65,61,0.9384615384615383,1.836065573770492,16.0,1.0,1.0,2.375,0.0625,0.0625
SITE0011,8,2.0,0.0,7.666666666666667,15.0,Stable,43,10,0.2325581395348837,67,61,0.9104477611940298,2.39344262295082,10.0,0.0,0.0,1.1,0.0,0.0
SITE0011,9,2.0,1.0,12.0,0.0,Stable,44,2,0.0454545454545454,68,63,0.9264705882352942,2.6666666666666665,6.0,1.0,1.0,1.8333333333333333,0.1666666666666666,0.1666666666666666
SITE0011,10,0.0,2.0,8.0,15.0,Stable,38,3,0.0789473684210526,64,57,0.890625,1.9649122807017545,13.0,2.0,2.0,1.7692307692307692,0.1538461538461538,0.1538461538461538
SITE0011,11,0.0,2.0,4.5,7.5,Stable,38,2,0.0526315789473684,58,47,0.8103448275862069,1.7872340425531914,14.0,1.0,1.0,2.642857142857143,0.0714285714285714,0.0714285714285714
SITE0011,12,1.0,2.0,7.0,0.0,Stable,27,5,0.1851851851851851,79,75,0.9493670886075948,2.013333333333333,36.0,4.0,4.0,1.805555555555556,0.1111111111111111,0.1111111111111111
SITE0012,1,4.0,0.0,0.0,14.25,Stable,16,2,0.125,23,23,1.0,1.7391304347826086,3.0,0.0,0.0,1.3333333333333333,0.0,0.0
SITE0012,2,4.0,1.0,2.0,0.0,Stable,29,6,0.2068965517241379,49,46,0.9387755102040816,2.152173913043478,2.0,0.0,0.0,3.5,0.0,0.0
SITE0012,3,2.0,1.0,12.0,0.0,Stable,35,9,0.2571428571428571,59,55,0.9322033898305084,2.2,7.0,0.0,0.0,2.142857142857143,0.0,0.0
SITE0012,4,4.0,0.0,13.0,10.0,Stable,48,8,0.1666666666666666,73,66,0.9041095890410958,2.303030303030303,3.0,1.0,1.0,0.6666666666666666,0.3333333333333333,0.3333333333333333
SITE0012,5,0.0,1.0,4.0,0.0,Stable,47,8,0.1702127659574468,73,67,0.9178082191780822,1.835820895522388,13.0,2.0,2.0,1.3076923076923077,0.1538461538461538,0.1538461538461538
SITE0012,6,0.0,0.0,9.333333333333334,9.0,Stable,49,7,0.1428571428571428,83,77,0.927710843373494,1.8571428571428568,10.0,1.0,1.0,1.4,0.1,0.1
SITE0012,7,2.0,2.0,5.0,0.0,Stable,53,8,0.1509433962264151,82,76,0.926829268292683,2.0789473684210527,23.0,1.0,1.0,1.5217391304347827,0.0434782608695652,0.0434782608695652
SITE0012,8,2.0,3.0,13.0,13.5,Stable,58,11,0.1896551724137931,89,81,0.9101123595505618,2.271604938271605,16.0,2.0,2.0,1.625,0.125,0.125
SITE0012,9,3.0,0.0,6.0,11.0,Stable,52,8,0.1538461538461538,82,76,0.926829268292683,2.289473684210526,16.0,0.0,0.0,1.875,0.0,0.0
SITE0012,10,0.0,0.0,0.0,10.0,Stable,53,14,0.2641509433962264,86,79,0.9186046511627908,2.2278481012658227,12.0,0.0,0.0,1.8333333333333333,0.0,0.0
SITE0012,11,1.0,0.0,0.0,8.0,Stable,53,16,0.3018867924528302,88,81,0.9204545454545454,2.0,15.0,2.0,2.0,1.8,0.1333333333333333,0.1333333333333333
SITE0012,12,1.0,1.0,9.0,0.0,Stable,34,23,0.6764705882352942,101,94,0.9306930693069309,2.6382978723404253,54.0,1.0,1.0,1.6296296296296295,0.0185185185185185,0.0185185185185185
SITE0013,1,4.0,3.0,10.0,6.6,Anomalous,12,2,0.1666666666666666,17,17,1.0,2.0,0.0,0.0,0.0,0.0,0.0,0.0
SITE0013,2,5.0,3.0,6.8,11.5,Anomalous,20,3,0.15,34,33,0.9705882352941176,1.818181818181818,1.0,0.0,0.0,0.0,0.0,0.0
SITE0013,3,4.0,5.0,5.0,14.666666666666666,Anomalous,40,5,0.125,55,51,0.9272727272727272,1.6862745098039216,5.0,0.0,0.0,1.2,0.0,0.0
SITE0013,4,9.0,7.0,6.9,10.6,Anomalous,46,8,0.1739130434782608,75,68,0.9066666666666666,1.7941176470588236,8.0,0.0,0.0,1.625,0.0,0.0
SITE0013,5,3.0,1.0,1.0,4.0,Anomalous,50,13,0.26,90,86,0.9555555555555556,1.9186046511627908,12.0,1.0,1.0,1.8333333333333333,0.0833333333333333,0.0833333333333333
SITE0013,6,3.0,1.0,7.5,0.0,Anomalous,52,12,0.2307692307692307,75,68,0.9066666666666666,2.25,12.0,0.0,0.0,2.083333333333333,0.0,0.0
SITE0013,7,6.0,1.0,5.25,13.0,Anomalous,48,10,0.2083333333333333,81,75,0.925925925925926,1.653333333333333,9.0,1.0,1.0,0.7777777777777778,0.1111111111111111,0.1111111111111111
SITE0013,8,6.0,1.0,10.0,11.0,Anomalous,50,10,0.2,76,73,0.9605263157894736,1.9452054794520548,10.0,0.0,0.0,1.0,0.0,0.0
SITE0013,9,3.0,3.0,3.0,15.0,Anomalous,52,6,0.1153846153846153,77,73,0.948051948051948,1.7123287671232876,20.0,1.0,1.0,2.4,0.05,0.05
SITE0013,10,0.0,2.0,13.0,9.5,Anomalous,45,7,0.1555555555555555,71,69,0.971830985915493,2.5072463768115942,13.0,0.0,0.0,1.6153846153846154,0.0,0.0
SITE0013,11,6.0,3.0,9.5,12.0,Anomalous,47,7,0.1489361702127659,72,67,0.9305555555555556,2.0,17.0,1.0,1.0,2.3529411764705883,0.0588235294117647,0.0588235294117647
SITE0013,12,4.0,3.0,3.0,11.0,Anomalous,32,7,0.21875,99,93,0.9393939393939394,2.2580645161290325,55.0,0.0,0.0,1.6363636363636365,0.0,0.0
SITE0014,1,1.0,0.0,12.0,0.0,Stable,14,0,0.0,19,17,0.8947368421052632,1.4705882352941178,2.0,0.0,0.0,1.0,0.0,0.0
SITE0014,2,3.0,0.0,0.0,12.0,Stable,35,3,0.0857142857142857,54,51,0.9444444444444444,2.392156862745098,1.0,0.0,0.0,2.0,0.0,0.0
SITE0014,3,2.0,3.0,12.0,8.0,Stable,52,10,0.1923076923076923,88,86,0.9772727272727272,1.941860465116279,7.0,1.0,1.0,1.4285714285714286,0.1428571428571428,0.1428571428571428
SITE0014,4,2.0,3.0,0.0,0.0,Stable,62,9,0.1451612903225806,103,99,0.9611650485436892,2.080808080808081,10.0,0.0,0.0,1.2,0.0,0.0
SITE0014,5,2.0,2.0,13.0,6.0,Stable,52,10,0.1923076923076923,84,81,0.9642857142857144,2.1604938271604937,15.0,3.0,3.0,1.8666666666666667,0.2,0.2
SITE0014,6,0.0,0.0,0.0,0.0,,50,4,0.08,75,68,0.9066666666666666,1.911764705882353,17.0,1.0,1.0,1.7058823529411764,0.0588235294117647,0.0588235294117647
SITE0014,7,1.0,1.0,0.0,3.5,Stable,42,3,0.0714285714285714,65,59,0.9076923076923076,3.016949152542373,18.0,0.0,0.0,1.3888888888888888,0.0,0.0
SITE0014,8,5.0,0.0,5.0,19.0,Stable,45,4,0.0888888888888888,72,67,0.9305555555555556,1.7462686567164178,22.0,1.0,1.0,1.818181818181818,0.0454545454545454,0.0454545454545454
SITE0014,9,2.0,1.0,0.0,0.0,Stable,56,7,0.125,84,75,0.8928571428571429,1.8,9.0,1.0,1.0,2.333333333333333,0.1111111111111111,0.1111111111111111
SITE0014,10,1.0,0.0,4.333333333333333,19.0,Stable,53,13,0.2452830188679245,90,82,0.9111111111111112,1.6341463414634143,16.0,2.0,2.0,1.4375,0.125,0.125
SITE0014,11,2.0,0.0,0.0,0.0,Stable,44,11,0.25,70,62,0.8857142857142857,1.935483870967742,12.0,1.0,1.0,1.1666666666666667,0.0833333333333333,0.0833333333333333
SITE0014,12,3.0,1.0,5.0,0.0,Stable,36,10,0.2777777777777778,84,78,0.9285714285714286,1.948717948717949,54.0,3.0,3.0,2.111111111111111,0.0555555555555555,0.0555555555555555
SITE0015,1,3.0,2.0,10.0,6.0,Stable,12,0,0.0,18,14,0.7777777777777778,2.7857142857142856,1.0,0.0,0.0,1.0,0.0,0.0
SITE0015,2,4.0,0.0,6.0,10.5,Stable,25,1,0.04,38,37,0.9736842105263158,2.0,1.0,0.0,0.0,0.0,0.0,0.0
SITE0015,3,2.0,1.0,6.333333333333333,0.0,Stable,37,2,0.054054054054054,62,53,0.8548387096774194,1.660377358490566,6.0,0.0,0.0,2.0,0.0,0.0
SITE0015,4,0.0,2.0,5.0,0.0,Stable,42,5,0.119047619047619,65,61,0.9384615384615383,1.7049180327868851,7.0,0.0,0.0,1.7142857142857142,0.0,0.0
SITE0015,5,2.0,3.0,3.333333333333333,6.0,Stable,37,8,0.2162162162162162,59,54,0.9152542372881356,1.9444444444444444,7.0,1.0,1.0,1.2857142857142858,0.1428571428571428,0.1428571428571428
SITE0015,6,3.0,1.0,0.0,10.0,Stable,33,6,0.1818181818181818,54,50,0.925925925925926,1.46,7.0,0.0,0.0,1.1428571428571428,0.0,0.0
SITE0015,7,3.0,1.0,0.0,19.0,Stable,32,6,0.1875,47,46,0.9787234042553192,1.8478260869565215,11.0,2.0,2.0,1.7272727272727273,0.1818181818181818,0.1818181818181818
SITE0015,8,4.0,2.0,0.0,9.0,Stable,29,4,0.1379310344827586,50,46,0.92,2.282608695652174,13.0,3.0,3.0,1.4615384615384617,0.2307692307692307,0.2307692307692307
SITE0015,9,3.0,0.0,9.0,11.0,Stable,31,3,0.0967741935483871,47,43,0.9148936170212766,2.13953488372093,10.0,0.0,0.0,2.7,0.0,0.0
SITE0015,10,1.0,0.0,2.0,17.0,Stable,41,5,0.1219512195121951,65,61,0.9384615384615383,2.098360655737705,12.0,0.0,0.0,1.75,0.0,0.0
SITE0015,11,0.0,1.0,4.5,17.0,Stable,34,4,0.1176470588235294,55,50,0.9090909090909092,1.82,17.0,2.0,2.0,1.8823529411764703,0.1176470588235294,0.1176470588235294
SITE0015,12,3.0,0.0,8.333333333333334,12.0,Stable,30,10,0.3333333333333333,76,62,0.8157894736842105,2.096774193548387,37.0,2.0,2.0,1.837837837837838,0.054054054054054,0.054054054054054
SITE0016,1,3.0,1.0,4.333333333333333,0.0,Stable,4,0,0.0,6,5,0.8333333333333334,1.8,0.0,0.0,0.0,0.0,0.0,0.0
SITE0016,2,2.0,1.0,4.0,1.0,Stable,10,3,0.3,17,17,1.0,2.294117647058824,3.0,0.0,0.0,2.333333333333333,0.0,0.0
SITE0016,3,3.0,0.0,2.0,12.5,Stable,20,7,0.35,32,31,0.96875,1.6129032258064515,1.0,0.0,0.0,1.0,0.0,0.0
SITE0016,4,2.0,1.0,10.0,0.0,Stable,27,11,0.4074074074074074,47,38,0.8085106382978723,2.3157894736842106,4.0,0.0,0.0,1.5,0.0,0.0
SITE0016,5,1.0,2.0,7.0,2.0,Stable,30,10,0.3333333333333333,50,47,0.94,2.297872340425532,3.0,0.0,0.0,2.333333333333333,0.0,0.0
SITE0016,6,5.0,1.0,9.0,0.0,Stable,32,10,0.3125,51,45,0.8823529411764706,2.111111111111111,4.0,0.0,0.0,1.25,0.0,0.0
SITE0016,7,0.0,2.0,0.0,16.0,Stable,30,9,0.3,48,40,0.8333333333333334,1.8,2.0,0.0,0.0,2.0,0.0,0.0
SITE0016,8,0.0,0.0,0.0,4.5,Stable,28,11,0.3928571428571428,44,40,0.9090909090909092,2.1,6.0,0.0,0.0,2.6666666666666665,0.0,0.0
SITE0016,9,0.0,0.0,0.0,14.0,Stable,23,11,0.4782608695652174,37,34,0.918918918918919,2.4705882352941178,12.0,1.0,1.0,1.6666666666666667,0.0833333333333333,0.0833333333333333
SITE0016,10,1.0,1.0,5.5,6.0,Stable,26,4,0.1538461538461538,43,41,0.9534883720930232,1.6829268292682926,13.0,0.0,0.0,1.9230769230769231,0.0,0.0
SITE0016,11,2.0,1.0,0.0,13.0,Stable,27,2,0.074074074074074,40,37,0.925,1.5945945945945943,8.0,0.0,0.0,2.25,0.0,0.0
SITE0016,12,2.0,1.0,3.0,12.5,Stable,21,0,0.0,65,62,0.953846153846154,2.177419354838709,28.0,4.0,4.0,1.4285714285714286,0.1428571428571428,0.1428571428571428
SITE0017,1,1.0,0.0,2.6666666666666665,10.0,Stable,17,0,0.0,21,17,0.8095238095238095,1.8823529411764703,4.0,0.0,0.0,1.5,0.0,0.0
SITE0017,2,1.0,0.0,0.0,0.0,Stable,28,0,0.0,43,40,0.9302325581395348,2.4,5.0,0.0,0.0,0.6,0.0,0.0
SITE0017,3,3.0,1.0,0.0,0.0,Stable,41,0,0.0,68,64,0.9411764705882352,2.3125,6.0,0.0,0.0,1.8333333333333333,0.0,0.0
SITE0017,4,1.0,1.0,0.0,7.0,Stable,48,4,0.0833333333333333,74,69,0.9324324324324323,1.6231884057971016,9.0,0.0,0.0,2.333333333333333,0.0,0.0
SITE0017,5,0.0,0.0,10.0,8.0,Stable,48,6,0.125,76,68,0.8947368421052632,2.264705882352941,10.0,0.0,0.0,2.7,0.0,0.0
SITE0017,6,1.0,3.0,7.0,18.0,Stable,43,10,0.2325581395348837,62,58,0.935483870967742,1.7413793103448276,7.0,0.0,0.0,1.2857142857142858,0.0,0.0
SITE0017,7,3.0,1.0,5.0,7.666666666666667,Stable,48,12,0.25,79,73,0.9240506329113924,2.0136986301369864,15.0,2.0,2.0,2.2666666666666666,0.1333333333333333,0.1333333333333333
SITE0017,8,1.0,0.0,7.666666666666667,0.0,Stable,52,18,0.3461538461538461,84,78,0.9285714285714286,2.0,16.0,2.0,2.0,1.3125,0.125,0.125
SITE0017,9,2.0,0.0,9.5,0.0,Stable,47,17,0.3617021276595745,83,75,0.9036144578313252,1.92,17.0,0.0,0.0,1.2941176470588236,0.0,0.0
SITE0017,10,1.0,0.0,0.0,10.5,Stable,39,12,0.3076923076923077,65,61,0.9384615384615383,1.819672131147541,18.0,1.0,1.0,2.111111111111111,0.0555555555555555,0.0555555555555555
SITE0017,11,1.0,1.0,14.0,14.0,Stable,35,11,0.3142857142857143,57,53,0.9298245614035088,1.8867924528301887,12.0,0.0,0.0,1.3333333333333333,0.0,0.0
SITE0017,12,1.0,1.0,0.0,7.5,Stable,23,18,0.782608695652174,68,65,0.9558823529411764,2.246153846153846,61.0,4.0,4.0,1.540983606557377,0.0655737704918032,0.0655737704918032
SITE0018,1,0.0,0.0,12.0,4.0,Deteriorating,6,0,0.0,8,7,0.875,3.0,1.0,0.0,0.0,0.0,0.0,0.0
SITE0018,2,0.0,1.0,3.0,14.5,Deteriorating,15,4,0.2666666666666666,24,19,0.7916666666666666,2.1578947368421053,0.0,0.0,0.0,0.0,0.0,0.0
SITE0018,3,2.0,2.0,11.25,6.0,Deteriorating,24,3,0.125,37,32,0.8648648648648649,2.625,3.0,1.0,1.0,2.0,0.3333333333333333,0.3333333333333333
SITE0018,4,1.0,1.0,10.0,0.0,Deteriorating,31,4,0.1290322580645161,52,51,0.9807692307692308,2.019607843137255,4.0,0.0,0.0,2.25,0.0,0.0
SITE0018,5,1.0,1.0,6.0,4.0,Deteriorating,30,2,0.0666666666666666,48,45,0.9375,2.4,8.0,1.0,1.0,2.125,0.125,0.125
SITE0018,6,7.0,1.0,11.0,5.5,Deteriorating,34,2,0.0588235294117647,51,48,0.9411764705882352,2.083333333333333,3.0,0.0,0.0,3.0,0.0,0.0
SITE0018,7,8.0,1.0,8.5,20.0,Deteriorating,38,4,0.1052631578947368,60,55,0.9166666666666666,1.981818181818182,9.0,0.0,0.0,2.6666666666666665,0.0,0.0
SITE0018,8,4.0,0.0,9.6,15.0,Deteriorating,37,5,0.1351351351351351,61,55,0.9016393442622952,1.7272727272727273,14.0,1.0,1.0,1.7142857142857142,0.0714285714285714,0.0714285714285714
SITE0018,9,4.0,1.0,7.0,11.75,Deteriorating,32,3,0.09375,50,44,0.88,1.9090909090909087,7.0,1.0,1.0,1.1428571428571428,0.1428571428571428,0.1428571428571428
SITE0018,10,10.0,1.0,7.0,5.0,Deteriorating,32,5,0.15625,51,44,0.8627450980392157,2.5681818181818183,9.0,0.0,0.0,1.6666666666666667,0.0,0.0
SITE0018,11,4.0,2.0,8.625,13.0,Deteriorating,30,7,0.2333333333333333,48,46,0.9583333333333334,2.152173913043478,6.0,0.0,0.0,2.0,0.0,0.0
SITE0018,12,6.0,7.0,10.5,11.0,Deteriorating,22,15,0.6818181818181818,74,72,0.972972972972973,1.5694444444444444,41.0,0.0,0.0,1.7804878048780488,0.0,0.0
SITE0019,1,1.0,0.0,0.0,0.0,Deteriorating,10,2,0.2,16,15,0.9375,1.8,0.0,0.0,0.0,0.0,0.0,0.0
SITE0019,2,2.0,1.0,0.0,14.0,Deteriorating,20,2,0.1,33,28,0.8484848484848485,1.7142857142857142,0.0,0.0,0.0,0.0,0.0,0.0
SITE0019,3,2.0,1.0,12.0,12.333333333333334,Deteriorating,27,6,0.2222222222222222,42,38,0.9047619047619048,2.710526315789474,3.0,0.0,0.0,1.0,0.0,0.0
SITE0019,4,1.0,1.0,11.5,0.0,Deteriorating,31,6,0.1935483870967742,54,52,0.9629629629629628,2.0,7.0,0.0,0.0,2.2857142857142856,0.0,0.0
SITE0019,5,2.0,1.0,1.0,15.333333333333334,Deteriorating,28,6,0.2142857142857142,40,37,0.925,2.1621621621621623,7.0,0.0,0.0,2.571428571428572,0.0,0.0
SITE0019,6,6.0,2.0,3.0,11.666666666666666,Deteriorating,29,5,0.1724137931034483,46,45,0.9782608695652174,2.7555555555555555,9.0,0.0,0.0,1.6666666666666667,0.0,0.0
SITE0019,7,1.0,2.0,6.0,7.333333333333333,Deteriorating,31,3,0.0967741935483871,54,49,0.9074074074074074,2.4489795918367347,8.0,0.0,0.0,1.25,0.0,0.0
SITE0019,8,3.0,5.0,12.0,9.0,Deteriorating,40,5,0.125,64,60,0.9375,1.45,8.0,0.0,0.0,1.75,0.0,0.0
SITE0019,9,9.0,0.0,8.666666666666666,12.0,Deteriorating,40,6,0.15,63,59,0.9365079365079364,2.169491525423729,4.0,0.0,0.0,3.25,0.0,0.0
SITE0019,10,5.0,2.0,7.0,12.5,Deteriorating,43,7,0.1627906976744186,73,66,0.9041095890410958,1.5303030303030305,11.0,1.0,1.0,1.9090909090909087,0.0909090909090909,0.0909090909090909
SITE0019,11,6.0,6.0,3.5,12.5,Deteriorating,43,8,0.1860465116279069,67,61,0.9104477611940298,1.852459016393443,17.0,0.0,0.0,2.0,0.0,0.0
SITE0019,12,7.0,3.0,7.666666666666667,14.0,Deteriorating,28,10,0.3571428571428571,78,71,0.9102564102564102,2.8028169014084505,41.0,5.0,5.0,1.4146341463414631,0.1219512195121951,0.1219512195121951
SITE0020,1,1.0,1.0,8.0,20.0,Stable,14,0,0.0,20,19,0.95,1.368421052631579,1.0,0.0,0.0,4.0,0.0,0.0
SITE0020,2,5.0,1.0,0.0,0.0,Stable,25,0,0.0,44,43,0.9772727272727272,2.255813953488372,3.0,0.0,0.0,2.333333333333333,0.0,0.0
SITE0020,3,3.0,1.0,0.0,15.0,Stable,36,2,0.0555555555555555,60,53,0.8833333333333333,1.849056603773585,7.0,0.0,0.0,1.1428571428571428,0.0,0.0
SITE0020,4,2.0,0.0,4.5,0.0,Stable,44,4,0.0909090909090909,72,64,0.8888888888888888,2.078125,3.0,0.0,0.0,1.6666666666666667,0.0,0.0
SITE0020,5,2.0,1.0,8.8,0.0,Stable,41,6,0.1463414634146341,66,61,0.9242424242424242,1.7704918032786885,10.0,0.0,0.0,0.8,0.0,0.0
SITE0020,6,2.0,2.0,12.0,10.0,Stable,47,9,0.1914893617021276,71,64,0.9014084507042254,2.390625,13.0,0.0,0.0,1.2307692307692308,0.0,0.0
SITE0020,7,3.0,0.0,7.0,0.0,Stable,44,8,0.1818181818181818,76,69,0.9078947368421052,2.4927536231884058,11.0,0.0,0.0,0.6363636363636364,0.0,0.0
SITE0020,8,1.0,2.0,10.5,8.0,Stable,41,5,0.1219512195121951,67,61,0.9104477611940298,2.4754098360655736,17.0,1.0,1.0,2.0588235294117645,0.0588235294117647,0.0588235294117647
SITE0020,9,2.0,0.0,1.0,0.0,Stable,38,7,0.1842105263157894,56,47,0.8392857142857143,2.382978723404255,10.0,1.0,1.0,2.5,0.1,0.1
SITE0020,10,1.0,0.0,12.0,12.5,Stable,35,5,0.1428571428571428,59,54,0.9152542372881356,2.0185185185185186,15.0,2.0,2.0,1.6666666666666667,0.1333333333333333,0.1333333333333333
SITE0020,11,1.0,1.0,13.0,0.0,Stable,39,9,0.2307692307692307,64,57,0.890625,2.017543859649123,15.0,1.0,1.0,1.5333333333333334,0.0666666666666666,0.0666666666666666
SITE0020,12,1.0,0.0,6.5,0.0,Stable,31,11,0.3548387096774194,89,82,0.9213483146067416,2.048780487804878,32.0,2.0,2.0,2.0,0.0625,0.0625
SITE0021,1,0.0,1.0,0.0,3.0,Stable,11,2,0.1818181818181818,15,14,0.9333333333333332,2.7857142857142856,0.0,0.0,0.0,0.0,0.0,0.0
SITE0021,2,1.0,2.0,4.666666666666667,0.0,Stable,26,5,0.1923076923076923,38,34,0.8947368421052632,2.8529411764705883,3.0,0.0,0.0,3.0,0.0,0.0
SITE0021,3,1.0,2.0,0.0,8.0,Stable,40,10,0.25,67,63,0.9402985074626866,1.9047619047619049,7.0,1.0,1.0,1.8571428571428568,0.1428571428571428,0.1428571428571428
SITE0021,4,1.0,0.0,7.0,6.25,Stable,51,8,0.1568627450980392,81,73,0.9012345679012346,1.9726027397260275,4.0,0.0,0.0,0.25,0.0,0.0
SITE0021,5,1.0,1.0,0.0,16.0,Stable,53,7,0.1320754716981132,83,76,0.9156626506024096,1.7236842105263157,8.0,0.0,0.0,2.125,0.0,0.0
SITE0021,6,2.0,1.0,11.0,16.0,Stable,51,10,0.196078431372549,80,76,0.95,1.894736842105263,12.0,3.0,3.0,2.0,0.25,0.25
SITE0021,7,3.0,0.0,6.0,12.0,Stable,57,11,0.1929824561403508,88,84,0.9545454545454546,1.8571428571428568,15.0,0.0,0.0,2.066666666666667,0.0,0.0
SITE0021,8,4.0,0.0,0.0,0.0,Stable,59,11,0.1864406779661017,99,93,0.9393939393939394,1.6451612903225807,18.0,0.0,0.0,2.2777777777777777,0.0,0.0
SITE0021,9,0.0,1.0,13.0,0.0,Stable,59,15,0.2542372881355932,95,88,0.9263157894736842,2.6931818181818183,21.0,2.0,2.0,2.238095238095238,0.0952380952380952,0.0952380952380952
SITE0021,10,4.0,2.0,0.0,0.0,Stable,58,15,0.2586206896551724,93,87,0.935483870967742,2.2298850574712645,30.0,2.0,2.0,1.6,0.0666666666666666,0.0666666666666666
SITE0021,11,0.0,1.0,0.0,0.0,Stable,41,13,0.3170731707317073,67,57,0.8507462686567164,1.894736842105263,15.0,2.0,2.0,2.0,0.1333333333333333,0.1333333333333333
SITE0021,12,2.0,0.0,7.0,6.0,Stable,25,7,0.28,64,59,0.921875,2.440677966101695,38.0,1.0,1.0,1.5,0.0263157894736842,0.0263157894736842
SITE0022,1,2.0,0.0,8.0,5.0,Deteriorating,16,1,0.0625,20,18,0.9,1.3888888888888888,4.0,0.0,0.0,1.0,0.0,0.0
SITE0022,2,2.0,2.0,9.0,14.0,Deteriorating,26,2,0.0769230769230769,43,41,0.9534883720930232,2.609756097560976,3.0,0.0,0.0,3.0,0.0,0.0
SITE0022,3,2.0,0.0,10.0,20.0,Deteriorating,40,3,0.075,69,66,0.9565217391304348,2.242424242424242,4.0,1.0,1.0,1.25,0.25,0.25
SITE0022,4,1.0,1.0,7.5,15.0,Deteriorating,56,5,0.0892857142857142,89,83,0.9325842696629212,1.891566265060241,13.0,0.0,0.0,1.8461538461538465,0.0,0.0
SITE0022,5,3.0,3.0,13.5,0.0,Deteriorating,49,7,0.1428571428571428,85,77,0.9058823529411764,1.974025974025974,9.0,2.0,2.0,2.0,0.2222222222222222,0.2222222222222222
SITE0022,6,8.0,3.0,14.0,15.0,Deteriorating,48,10,0.2083333333333333,83,77,0.927710843373494,1.896103896103896,19.0,1.0,1.0,1.8421052631578947,0.0526315789473684,0.0526315789473684
SITE0022,7,5.0,1.0,3.6666666666666665,11.833333333333334,Deteriorating,46,6,0.1304347826086956,65,60,0.9230769230769232,1.9833333333333332,14.0,1.0,1.0,2.142857142857143,0.0714285714285714,0.0714285714285714
SITE0022,8,4.0,2.0,13.0,9.666666666666666,Deteriorating,47,8,0.1702127659574468,76,74,0.9736842105263158,2.2432432432432434,15.0,1.0,1.0,1.8,0.0666666666666666,0.0666666666666666
SITE0022,9,3.0,4.0,9.666666666666666,2.0,Deteriorating,47,3,0.0638297872340425,71,63,0.8873239436619719,1.9047619047619049,19.0,2.0,2.0,1.947368421052632,0.1052631578947368,0.1052631578947368
SITE0022,10,8.0,3.0,8.333333333333334,11.666666666666666,Deteriorating,49,4,0.0816326530612244,88,81,0.9204545454545454,2.320987654320988,20.0,1.0,1.0,1.5,0.05,0.05
SITE0022,11,8.0,4.0,7.833333333333333,8.166666666666666,Deteriorating,44,2,0.0454545454545454,74,64,0.8648648648648649,2.734375,10.0,1.0,1.0,1.6,0.1,0.1
SITE0022,12,10.0,3.0,5.5,11.0,Deteriorating,34,3,0.088235294117647,89,80,0.898876404494382,2.2,50.0,1.0,1.0,1.48,0.02,0.02
SITE0023,1,4.0,2.0,14.0,13.5,Stable,10,3,0.3,15,12,0.8,1.8333333333333333,1.0,0.0,0.0,0.0,0.0,0.0
SITE0023,2,5.0,1.0,3.5,0.0,Stable,20,6,0.3,28,25,0.8928571428571429,2.6,4.0,0.0,0.0,2.0,0.0,0.0
SITE0023,3,1.0,0.0,13.0,0.0,Stable,28,7,0.25,48,45,0.9375,2.2666666666666666,3.0,0.0,0.0,2.0,0.0,0.0
SITE0023,4,0.0,0.0,0.0,10.5,Stable,40,13,0.325,64,59,0.921875,2.254237288135593,2.0,0.0,0.0,2.0,0.0,0.0
SITE0023,5,0.0,0.0,5.5,0.0,Stable,44,17,0.3863636363636363,70,61,0.8714285714285714,1.9672131147540983,6.0,1.0,1.0,2.1666666666666665,0.1666666666666666,0.1666666666666666
SITE0023,6,2.0,0.0,8.666666666666666,11.0,Stable,49,15,0.3061224489795918,76,71,0.9342105263157896,1.9014084507042253,12.0,1.0,1.0,2.083333333333333,0.0833333333333333,0.0833333333333333
SITE0023,7,4.0,1.0,12.0,6.2,Stable,57,14,0.2456140350877192,88,80,0.9090909090909092,1.85,12.0,2.0,2.0,1.6666666666666667,0.1666666666666666,0.1666666666666666
SITE0023,8,1.0,1.0,5.0,3.5,Stable,57,11,0.1929824561403508,96,88,0.9166666666666666,2.3068181818181817,10.0,0.0,0.0,2.0,0.0,0.0
SITE0023,9,2.0,0.0,0.0,12.5,Stable,49,4,0.0816326530612244,75,69,0.92,1.565217391304348,6.0,0.0,0.0,1.1666666666666667,0.0,0.0
SITE0023,10,2.0,0.0,7.0,12.0,Stable,40,1,0.025,64,59,0.921875,1.9661016949152543,19.0,0.0,0.0,2.0,0.0,0.0
SITE0023,11,0.0,0.0,0.0,0.0,,38,4,0.1052631578947368,61,59,0.9672131147540984,1.8305084745762712,17.0,1.0,1.0,1.2941176470588236,0.0588235294117647,0.0588235294117647
SITE0023,12,2.0,1.0,9.0,8.0,Stable,29,7,0.2413793103448276,95,88,0.9263157894736842,1.9659090909090908,48.0,1.0,1.0,1.9375,0.0208333333333333,0.0208333333333333
SITE0024,1,2.0,2.0,10.5,0.0,Stable,17,5,0.2941176470588235,21,18,0.8571428571428571,1.8333333333333333,1.0,0.0,0.0,3.0,0.0,0.0
SITE0024,2,1.0,0.0,12.0,14.0,Stable,27,4,0.1481481481481481,44,42,0.9545454545454546,2.1904761904761907,5.0,0.0,0.0,1.6,0.0,0.0
SITE0024,3,0.0,1.0,0.0,8.4,Stable,41,5,0.1219512195121951,72,70,0.9722222222222222,2.071428571428572,7.0,1.0,1.0,2.142857142857143,0.1428571428571428,0.1428571428571428
SITE0024,4,3.0,3.0,6.5,1.0,Stable,49,4,0.0816326530612244,75,65,0.8666666666666667,1.8153846153846156,6.0,0.0,0.0,1.3333333333333333,0.0,0.0
SITE0024,5,0.0,0.0,7.0,0.0,Stable,50,3,0.06,77,71,0.922077922077922,2.197183098591549,7.0,0.0,0.0,1.4285714285714286,0.0,0.0
SITE0024,6,3.0,0.0,5.5,2.0,Stable,41,8,0.1951219512195122,69,61,0.8840579710144928,1.7540983606557377,17.0,3.0,3.0,1.1764705882352942,0.1764705882352941,0.1764705882352941
SITE0024,7,2.0,0.0,8.0,11.333333333333334,Stable,40,11,0.275,67,60,0.8955223880597015,2.1166666666666667,10.0,0.0,0.0,1.2,0.0,0.0
SITE0024,8,3.0,0.0,12.0,0.0,Stable,37,10,0.2702702702702703,61,52,0.8524590163934426,2.2115384615384617,14.0,1.0,1.0,1.5714285714285714,0.0714285714285714,0.0714285714285714
SITE0024,9,1.0,0.0,2.0,11.0,Stable,34,10,0.2941176470588235,56,45,0.8035714285714286,2.311111111111111,16.0,2.0,2.0,1.6875,0.125,0.125
SITE0024,10,1.0,4.0,0.0,0.0,Stable,34,5,0.1470588235294117,58,57,0.9827586206896552,2.3684210526315788,14.0,0.0,0.0,1.6428571428571428,0.0,0.0
SITE0024,11,4.0,1.0,9.0,0.0,Stable,28,4,0.1428571428571428,44,41,0.9318181818181818,2.1463414634146343,10.0,2.0,2.0,1.8,0.2,0.2
SITE0024,12,1.0,1.0,0.0,9.0,Stable,20,3,0.15,52,49,0.9423076923076924,2.2857142857142856,30.0,1.0,1.0,1.4,0.0333333333333333,0.0333333333333333
SITE0025,1,10.0,5.0,9.166666666666666,14.4,High Risk,10,2,0.2,13,12,0.9230769230769232,0.6666666666666666,1.0,0.0,0.0,2.0,0.0,0.0
SITE0025,2,6.0,4.0,8.2,13.0,High Risk,19,1,0.0526315789473684,27,25,0.925925925925926,1.16,5.0,0.0,0.0,0.6,0.0,0.0
SITE0025,3,7.0,7.0,6.285714285714286,13.0,High Risk,30,2,0.0666666666666666,50,48,0.96,2.3125,3.0,0.0,0.0,1.0,0.0,0.0
SITE0025,4,6.0,4.0,8.625,12.666666666666666,High Risk,44,3,0.0681818181818181,73,64,0.8767123287671232,2.03125,4.0,0.0,0.0,0.25,0.0,0.0
SITE0025,5,8.0,4.0,7.25,13.333333333333334,High Risk,47,4,0.0851063829787234,77,72,0.935064935064935,1.6944444444444444,12.0,0.0,0.0,1.6666666666666667,0.0,0.0
SITE0025,6,7.0,2.0,5.0,11.2,High Risk,52,4,0.0769230769230769,84,77,0.9166666666666666,2.2467532467532467,11.0,1.0,1.0,1.0,0.0909090909090909,0.0909090909090909
SITE0025,7,3.0,8.0,7.428571428571429,6.142857142857143,High Risk,47,4,0.0851063829787234,77,68,0.8831168831168831,2.411764705882353,16.0,2.0,2.0,1.9375,0.125,0.125
SITE0025,8,7.0,7.0,6.1,14.666666666666666,High Risk,48,3,0.0625,75,72,0.96,2.263888888888889,17.0,0.0,0.0,2.0,0.0,0.0
SITE0025,9,14.0,2.0,4.9,14.5,High Risk,43,5,0.1162790697674418,71,64,0.9014084507042254,1.90625,7.0,0.0,0.0,1.5714285714285714,0.0,0.0
SITE0025,10,7.0,6.0,9.333333333333334,14.8,High Risk,42,5,0.119047619047619,70,62,0.8857142857142857,1.9838709677419355,11.0,0.0,0.0,2.5454545454545454,0.0,0.0
SITE0025,11,10.0,0.0,7.0,9.77777777777778,High Risk,41,4,0.0975609756097561,64,61,0.953125,2.1475409836065573,10.0,1.0,1.0,2.4,0.1,0.1
SITE0025,12,7.0,7.0,6.857142857142857,11.714285714285714,High Risk,33,5,0.1515151515151515,93,82,0.8817204301075269,1.9634146341463412,49.0,2.0,2.0,1.4285714285714286,0.0408163265306122,0.0408163265306122
SITE0026,1,0.0,1.0,0.0,0.0,Deteriorating,11,3,0.2727272727272727,14,13,0.9285714285714286,2.076923076923077,0.0,0.0,0.0,0.0,0.0,0.0
SITE0026,2,0.0,1.0,0.0,4.0,Deteriorating,22,5,0.2272727272727272,36,34,0.9444444444444444,1.2941176470588236,1.0,0.0,0.0,1.0,0.0,0.0
SITE0026,3,3.0,0.0,12.5,14.0,Deteriorating,31,7,0.2258064516129032,49,42,0.8571428571428571,1.5714285714285714,9.0,1.0,1.0,1.4444444444444444,0.1111111111111111,0.1111111111111111
SITE0026,4,2.0,1.0,11.0,5.0,Deteriorating,40,7,0.175,66,59,0.8939393939393939,2.2033898305084745,7.0,0.0,0.0,1.2857142857142858,0.0,0.0
SITE0026,5,4.0,0.0,5.333333333333333,8.6,Deteriorating,38,7,0.1842105263157894,62,55,0.8870967741935484,2.272727272727273,13.0,0.0,0.0,1.1538461538461535,0.0,0.0
SITE0026,6,2.0,2.0,6.2,15.5,Deteriorating,37,3,0.081081081081081,56,50,0.8928571428571429,1.98,3.0,0.0,0.0,1.3333333333333333,0.0,0.0
SITE0026,7,3.0,3.0,6.25,11.0,Deteriorating,37,3,0.081081081081081,57,53,0.9298245614035088,1.679245283018868,11.0,0.0,0.0,1.2727272727272727,0.0,0.0
SITE0026,8,4.0,4.0,3.0,10.0,Deteriorating,42,2,0.0476190476190476,71,63,0.8873239436619719,2.0476190476190474,9.0,0.0,0.0,2.2222222222222223,0.0,0.0
SITE0026,9,2.0,2.0,6.0,17.0,Deteriorating,45,6,0.1333333333333333,73,73,1.0,2.136986301369863,19.0,0.0,0.0,1.3157894736842106,0.0,0.0
SITE0026,10,7.0,5.0,6.0,12.333333333333334,Deteriorating,49,6,0.1224489795918367,84,74,0.8809523809523809,2.4864864864864864,18.0,0.0,0.0,1.6111111111111112,0.0,0.0
SITE0026,11,10.0,2.0,7.75,11.666666666666666,Deteriorating,48,11,0.2291666666666666,76,75,0.986842105263158,2.1066666666666665,16.0,3.0,3.0,1.9375,0.1875,0.1875
SITE0026,12,6.0,5.0,9.5,6.5,Deteriorating,38,18,0.4736842105263157,118,101,0.8559322033898306,2.3267326732673266,56.0,5.0,5.0,1.7857142857142858,0.0892857142857142,0.0892857142857142
SITE0027,1,1.0,0.0,0.0,0.0,Deteriorating,5,1,0.2,6,5,0.8333333333333334,2.0,0.0,0.0,0.0,0.0,0.0,0.0
SITE0027,2,1.0,2.0,10.0,18.0,Deteriorating,14,1,0.0714285714285714,22,19,0.8636363636363636,2.421052631578948,2.0,0.0,0.0,2.5,0.0,0.0
SITE0027,3,1.0,1.0,7.666666666666667,10.0,Deteriorating,23,5,0.217391304347826,37,37,1.0,1.7837837837837838,2.0,0.0,0.0,0.0,0.0,0.0
SITE0027,4,2.0,0.0,7.666666666666667,7.333333333333333,Deteriorating,32,8,0.25,52,47,0.903846153846154,2.297872340425532,7.0,0.0,0.0,2.142857142857143,0.0,0.0
SITE0027,5,0.0,1.0,8.833333333333334,6.666666666666667,Deteriorating,36,6,0.1666666666666666,57,50,0.8771929824561403,2.24,8.0,0.0,0.0,1.375,0.0,0.0
SITE0027,6,4.0,2.0,11.5,0.0,Deteriorating,33,5,0.1515151515151515,52,45,0.8653846153846154,2.355555555555556,4.0,0.0,0.0,2.25,0.0,0.0
SITE0027,7,10.0,0.0,3.25,6.0,Deteriorating,30,2,0.0666666666666666,45,43,0.9555555555555556,2.069767441860465,6.0,0.0,0.0,2.1666666666666665,0.0,0.0
SITE0027,8,5.0,0.0,6.25,10.75,Deteriorating,38,2,0.0526315789473684,57,53,0.9298245614035088,2.358490566037736,12.0,0.0,0.0,2.083333333333333,0.0,0.0
SITE0027,9,1.0,6.0,7.5,11.0,Deteriorating,34,4,0.1176470588235294,55,50,0.9090909090909092,1.74,13.0,1.0,1.0,1.7692307692307692,0.0769230769230769,0.0769230769230769
SITE0027,10,2.0,1.0,8.333333333333334,13.666666666666666,Deteriorating,35,8,0.2285714285714285,55,50,0.9090909090909092,2.06,13.0,0.0,0.0,1.3846153846153846,0.0,0.0
SITE0027,11,7.0,3.0,10.5,7.5,Deteriorating,33,7,0.2121212121212121,53,51,0.9622641509433962,2.3529411764705883,7.0,0.0,0.0,1.8571428571428568,0.0,0.0
SITE0027,12,5.0,5.0,8.125,9.333333333333334,Deteriorating,17,5,0.2941176470588235,49,44,0.8979591836734694,2.409090909090909,41.0,3.0,3.0,1.4634146341463414,0.073170731707317,0.073170731707317
SITE0028,1,13.0,4.0,6.8,7.333333333333333,High Risk,11,0,0.0,15,15,1.0,1.6,2.0,0.0,0.0,1.5,0.0,0.0
SITE0028,2,9.0,4.0,7.666666666666667,8.8,High Risk,17,0,0.0,28,26,0.9285714285714286,1.3846153846153846,4.0,0.0,0.0,2.0,0.0,0.0
SITE0028,3,2.0,4.0,8.833333333333334,9.0,High Risk,32,0,0.0,54,46,0.8518518518518519,2.108695652173913,2.0,0.0,0.0,1.0,0.0,0.0
SITE0028,4,5.0,4.0,9.0,8.0,High Risk,42,4,0.0952380952380952,67,61,0.9104477611940298,2.3114754098360657,4.0,1.0,1.0,1.25,0.25,0.25
SITE0028,5,21.0,7.0,7.4,8.0,High Risk,43,5,0.1162790697674418,77,71,0.922077922077922,2.3380281690140845,8.0,0.0,0.0,2.125,0.0,0.0
SITE0028,6,8.0,2.0,9.75,11.4,High Risk,44,5,0.1136363636363636,68,63,0.9264705882352942,2.015873015873016,15.0,1.0,1.0,1.1333333333333333,0.0666666666666666,0.0666666666666666
SITE0028,7,9.0,2.0,6.5,12.2,High Risk,45,5,0.1111111111111111,69,65,0.9420289855072465,2.123076923076923,10.0,0.0,0.0,1.5,0.0,0.0
SITE0028,8,8.0,5.0,5.285714285714286,10.25,High Risk,39,4,0.1025641025641025,63,60,0.9523809523809524,1.9333333333333331,15.0,1.0,1.0,1.2,0.0666666666666666,0.0666666666666666
SITE0028,9,11.0,0.0,8.571428571428571,8.625,High Risk,35,3,0.0857142857142857,53,46,0.8679245283018868,2.347826086956522,11.0,0.0,0.0,1.6363636363636365,0.0,0.0
SITE0028,10,13.0,7.0,7.666666666666667,6.8,High Risk,33,4,0.1212121212121212,54,52,0.9629629629629628,2.519230769230769,9.0,2.0,2.0,2.4444444444444446,0.2222222222222222,0.2222222222222222
SITE0028,11,5.0,5.0,7.0,13.0,High Risk,27,2,0.074074074074074,45,39,0.8666666666666667,1.1282051282051282,11.0,2.0,2.0,1.5454545454545454,0.1818181818181818,0.1818181818181818
SITE0028,12,8.0,2.0,7.666666666666667,10.25,High Risk,19,4,0.2105263157894736,55,48,0.8727272727272727,2.125,50.0,2.0,2.0,1.7,0.04,0.04
SITE0029,1,2.0,2.0,7.5,19.0,Stable,12,2,0.1666666666666666,17,14,0.8235294117647058,2.2857142857142856,2.0,0.0,0.0,1.5,0.0,0.0
SITE0029,2,1.0,1.0,10.5,9.5,Stable,24,4,0.1666666666666666,37,34,0.918918918918919,1.2058823529411764,7.0,0.0,0.0,2.142857142857143,0.0,0.0
SITE0029,3,1.0,1.0,12.0,6.0,Stable,37,6,0.1621621621621621,59,53,0.8983050847457628,2.60377358490566,2.0,0.0,0.0,2.5,0.0,0.0
SITE0029,4,1.0,0.0,0.0,12.5,Stable,55,8,0.1454545454545454,89,82,0.9213483146067416,1.9634146341463412,4.0,0.0,0.0,1.5,0.0,0.0
SITE0029,5,0.0,0.0,0.0,9.0,Stable,60,15,0.25,100,86,0.86,2.046511627906977,9.0,0.0,0.0,1.5555555555555556,0.0,0.0
SITE0029,6,1.0,0.0,0.0,18.0,Stable,54,12,0.2222222222222222,80,77,0.9625,2.051948051948052,11.0,0.0,0.0,0.8181818181818182,0.0,0.0
SITE0029,7,2.0,2.0,7.5,9.0,Stable,57,11,0.1929824561403508,89,83,0.9325842696629212,1.927710843373494,18.0,1.0,1.0,1.3888888888888888,0.0555555555555555,0.0555555555555555
SITE0029,8,2.0,1.0,0.0,19.0,Stable,54,7,0.1296296296296296,84,80,0.9523809523809524,2.5875,17.0,2.0,2.0,1.8235294117647056,0.1176470588235294,0.1176470588235294
SITE0029,9,0.0,0.0,6.0,0.0,Stable,46,9,0.1956521739130435,76,72,0.9473684210526316,2.486111111111111,17.0,1.0,1.0,1.8235294117647056,0.0588235294117647,0.0588235294117647
SITE0029,10,2.0,0.0,6.0,0.0,Stable,50,12,0.24,82,78,0.951219512195122,1.807692307692308,18.0,1.0,1.0,1.3333333333333333,0.0555555555555555,0.0555555555555555
SITE0029,11,2.0,3.0,0.0,5.5,Stable,44,13,0.2954545454545454,68,60,0.8823529411764706,2.1166666666666667,23.0,0.0,0.0,1.9130434782608696,0.0,0.0
SITE0029,12,0.0,0.0,7.666666666666667,0.0,Stable,31,15,0.4838709677419355,95,83,0.8736842105263158,1.927710843373494,50.0,2.0,2.0,1.48,0.04,0.04
SITE0030,1,5.0,5.0,9.0,3.2,High Risk,12,1,0.0833333333333333,18,18,1.0,2.5,1.0,0.0,0.0,0.0,0.0,0.0
SITE0030,2,12.0,1.0,8.166666666666666,12.5,High Risk,26,4,0.1538461538461538,39,38,0.9743589743589745,2.3421052631578947,4.0,1.0,1.0,2.25,0.25,0.25
SITE0030,3,9.0,5.0,10.5,10.5,High Risk,38,4,0.1052631578947368,63,59,0.9365079365079364,2.0847457627118646,2.0,0.0,0.0,1.0,0.0,0.0
SITE0030,4,11.0,5.0,7.0,7.25,High Risk,51,7,0.1372549019607843,80,73,0.9125,1.7123287671232876,11.0,0.0,0.0,1.9090909090909087,0.0,0.0
SITE0030,5,10.0,4.0,4.5,12.375,High Risk,51,7,0.1372549019607843,83,74,0.891566265060241,1.837837837837838,13.0,1.0,1.0,1.1538461538461535,0.0769230769230769,0.0769230769230769
SITE0030,6,9.0,4.0,8.285714285714286,10.75,High Risk,49,10,0.2040816326530612,73,66,0.9041095890410958,2.0454545454545454,11.0,1.0,1.0,1.0,0.0909090909090909,0.0909090909090909
SITE0030,7,8.0,7.0,9.0,6.0,High Risk,46,9,0.1956521739130435,75,73,0.9733333333333334,2.054794520547945,9.0,2.0,2.0,2.0,0.2222222222222222,0.2222222222222222
SITE0030,8,11.0,8.0,9.166666666666666,9.555555555555555,High Risk,45,12,0.2666666666666666,73,67,0.9178082191780822,2.298507462686567,24.0,1.0,1.0,1.5,0.0416666666666666,0.0416666666666666
SITE0030,9,7.0,9.0,8.833333333333334,2.0,High Risk,45,5,0.1111111111111111,68,62,0.9117647058823528,2.435483870967742,13.0,0.0,0.0,2.076923076923077,0.0,0.0
SITE0030,10,10.0,8.0,6.333333333333333,9.4,High Risk,47,5,0.1063829787234042,72,65,0.9027777777777778,2.6769230769230767,15.0,0.0,0.0,1.8,0.0,0.0
SITE0030,11,9.0,3.0,7.571428571428571,10.8,High Risk,47,4,0.0851063829787234,78,68,0.8717948717948718,2.367647058823529,11.0,0.0,0.0,1.2727272727272727,0.0,0.0
SITE0030,12,5.0,4.0,7.0,8.714285714285714,High Risk,35,4,0.1142857142857142,100,93,0.93,2.0,60.0,5.0,5.0,1.9833333333333332,0.0833333333333333,0.0833333333333333
SITE0031,1,3.0,0.0,8.0,0.0,Stable,5,0,0.0,6,6,1.0,0.6666666666666666,1.0,0.0,0.0,3.0,0.0,0.0
SITE0031,2,1.0,1.0,5.0,0.0,Stable,13,0,0.0,23,21,0.9130434782608696,1.8571428571428568,1.0,0.0,0.0,0.0,0.0,0.0
SITE0031,3,1.0,0.0,2.5,13.0,Stable,19,0,0.0,32,27,0.84375,2.037037037037037,4.0,0.0,0.0,0.5,0.0,0.0
SITE0031,4,2.0,0.0,4.0,13.0,Stable,28,0,0.0,44,42,0.9545454545454546,1.809523809523809,2.0,1.0,1.0,2.5,0.5,0.5
SITE0031,5,0.0,3.0,10.333333333333334,14.0,Stable,32,0,0.0,48,43,0.8958333333333334,2.2093023255813957,8.0,0.0,0.0,1.25,0.0,0.0
SITE0031,6,0.0,2.0,0.0,12.0,Stable,31,0,0.0,50,49,0.98,2.306122448979592,10.0,0.0,0.0,2.8,0.0,0.0
SITE0031,7,3.0,0.0,11.0,7.0,Stable,34,0,0.0,52,46,0.8846153846153846,2.3043478260869565,10.0,0.0,0.0,1.7,0.0,0.0
SITE0031,8,0.0,0.0,0.0,7.0,Stable,35,2,0.0571428571428571,51,49,0.9607843137254902,1.6326530612244898,8.0,1.0,1.0,1.75,0.125,0.125
SITE0031,9,3.0,0.0,5.0,0.0,Stable,37,6,0.1621621621621621,56,55,0.9821428571428572,1.690909090909091,16.0,1.0,1.0,1.5,0.0625,0.0625
SITE0031,10,1.0,0.0,13.0,16.0,Stable,37,7,0.1891891891891892,60,58,0.9666666666666668,1.896551724137931,9.0,0.0,0.0,2.2222222222222223,0.0,0.0
SITE0031,11,3.0,1.0,5.0,8.0,Stable,31,8,0.2580645161290322,51,50,0.9803921568627452,2.32,15.0,1.0,1.0,2.0,0.0666666666666666,0.0666666666666666
SITE0031,12,0.0,2.0,1.0,11.0,Stable,19,1,0.0526315789473684,49,48,0.979591836734694,2.1666666666666665,30.0,1.0,1.0,2.1,0.0333333333333333,0.0333333333333333
SITE0032,1,3.0,0.0,0.0,10.333333333333334,Stable,10,0,0.0,13,11,0.8461538461538461,1.181818181818182,0.0,0.0,0.0,0.0,0.0,0.0
SITE0032,2,2.0,2.0,1.0,5.0,Stable,24,2,0.0833333333333333,38,36,0.9473684210526316,1.5,5.0,0.0,0.0,2.2,0.0,0.0
SITE0032,3,4.0,0.0,0.0,0.0,Stable,42,8,0.1904761904761904,65,62,0.953846153846154,2.0806451612903225,4.0,0.0,0.0,2.25,0.0,0.0
SITE0032,4,3.0,0.0,3.0,0.0,Stable,52,16,0.3076923076923077,89,82,0.9213483146067416,2.463414634146341,11.0,1.0,1.0,1.7272727272727273,0.0909090909090909,0.0909090909090909
SITE0032,5,0.0,0.0,0.0,6.0,Stable,51,15,0.2941176470588235,87,85,0.9770114942528736,2.294117647058824,11.0,1.0,1.0,1.0909090909090908,0.0909090909090909,0.0909090909090909
SITE0032,6,2.0,0.0,9.0,7.0,Stable,45,11,0.2444444444444444,68,64,0.9411764705882352,2.046875,11.0,0.0,0.0,1.2727272727272727,0.0,0.0
SITE0032,7,0.0,1.0,7.333333333333333,0.0,Stable,39,9,0.2307692307692307,61,59,0.9672131147540984,2.406779661016949,12.0,1.0,1.0,2.0,0.0833333333333333,0.0833333333333333
SITE0032,8,0.0,1.0,10.0,0.0,Stable,36,9,0.25,57,50,0.8771929824561403,2.14,16.0,0.0,0.0,1.4375,0.0,0.0
SITE0032,9,0.0,3.0,5.0,8.0,Stable,35,9,0.2571428571428571,55,48,0.8727272727272727,2.0416666666666665,24.0,1.0,1.0,2.083333333333333,0.0416666666666666,0.0416666666666666
SITE0032,10,3.0,1.0,0.0,11.0,Stable,42,8,0.1904761904761904,66,58,0.8787878787878788,1.9482758620689653,6.0,0.0,0.0,2.5,0.0,0.0
SITE0032,11,0.0,2.0,6.5,5.0,Stable,42,8,0.1904761904761904,71,64,0.9014084507042254,2.546875,15.0,1.0,1.0,2.4,0.0666666666666666,0.0666666666666666
SITE0032,12,1.0,0.0,1.0,0.0,Stable,33,13,0.3939393939393939,98,91,0.9285714285714286,1.945054945054945,57.0,5.0,5.0,1.9298245614035088,0.087719298245614,0.087719298245614
SITE0033,1,3.0,0.0,13.0,1.0,Stable,7,0,0.0,9,9,1.0,1.6666666666666667,0.0,0.0,0.0,0.0,0.0,0.0
SITE0033,2,1.0,3.0,4.0,0.0,Stable,17,1,0.0588235294117647,30,29,0.9666666666666668,2.5172413793103448,1.0,1.0,1.0,2.0,1.0,1.0
SITE0033,3,2.0,1.0,13.0,8.0,Stable,23,2,0.0869565217391304,42,41,0.9761904761904762,2.3902439024390243,3.0,1.0,1.0,1.0,0.3333333333333333,0.3333333333333333
SITE0033,4,2.0,0.0,9.666666666666666,9.5,Stable,34,3,0.088235294117647,50,47,0.94,2.2127659574468086,5.0,0.0,0.0,1.6,0.0,0.0
SITE0033,5,2.0,2.0,6.75,11.0,Stable,29,6,0.2068965517241379,46,42,0.9130434782608696,1.738095238095238,8.0,0.0,0.0,2.125,0.0,0.0
SITE0033,6,1.0,0.0,1.0,9.0,Stable,35,6,0.1714285714285714,58,52,0.896551724137931,2.1153846153846154,12.0,1.0,1.0,1.25,0.0833333333333333,0.0833333333333333
SITE0033,7,4.0,1.0,0.0,3.0,Stable,39,10,0.2564102564102564,65,54,0.8307692307692308,2.3703703703703702,13.0,1.0,1.0,0.6923076923076923,0.0769230769230769,0.0769230769230769
SITE0033,8,2.0,1.0,0.0,1.0,Stable,33,4,0.1212121212121212,54,51,0.9444444444444444,1.96078431372549,14.0,0.0,0.0,1.7142857142857142,0.0,0.0
SITE0033,9,3.0,0.0,11.0,18.0,Stable,29,5,0.1724137931034483,45,40,0.8888888888888888,2.6,7.0,0.0,0.0,2.142857142857143,0.0,0.0
SITE0033,10,2.0,0.0,6.0,11.0,Stable,31,5,0.1612903225806451,53,46,0.8679245283018868,2.3260869565217392,8.0,0.0,0.0,2.375,0.0,0.0
SITE0033,11,3.0,2.0,3.0,4.0,Stable,29,5,0.1724137931034483,46,43,0.9347826086956522,2.255813953488372,10.0,1.0,1.0,0.9,0.1,0.1
SITE0033,12,2.0,0.0,11.0,11.0,Stable,25,7,0.28,72,70,0.9722222222222222,1.6285714285714286,23.0,2.0,2.0,2.0434782608695654,0.0869565217391304,0.0869565217391304
SITE0034,1,1.0,2.0,0.0,0.0,Stable,8,0,0.0,10,10,1.0,0.9,2.0,0.0,0.0,2.5,0.0,0.0
SITE0034,2,3.0,0.0,12.0,11.0,Stable,15,0,0.0,29,25,0.8620689655172413,2.32,2.0,0.0,0.0,3.5,0.0,0.0
SITE0034,3,4.0,1.0,0.0,13.0,Stable,22,0,0.0,38,37,0.9736842105263158,2.2972972972972974,5.0,1.0,1.0,1.4,0.2,0.2
SITE0034,4,1.0,1.0,7.0,18.5,Stable,30,2,0.0666666666666666,46,39,0.8478260869565217,1.6923076923076923,3.0,1.0,1.0,2.6666666666666665,0.3333333333333333,0.3333333333333333
SITE0034,5,2.0,0.0,11.0,11.666666666666666,Stable,34,3,0.088235294117647,52,47,0.903846153846154,2.127659574468085,5.0,0.0,0.0,0.4,0.0,0.0
SITE0034,6,0.0,0.0,12.0,0.0,Stable,34,5,0.1470588235294117,58,54,0.9310344827586208,2.9074074074074074,4.0,0.0,0.0,1.75,0.0,0.0
SITE0034,7,2.0,3.0,11.5,5.5,Stable,36,5,0.1388888888888889,55,49,0.8909090909090909,2.0816326530612246,6.0,1.0,1.0,1.6666666666666667,0.1666666666666666,0.1666666666666666
SITE0034,8,4.0,1.0,0.0,9.0,Stable,34,6,0.1764705882352941,53,48,0.9056603773584906,1.8958333333333333,12.0,1.0,1.0,1.6666666666666667,0.0833333333333333,0.0833333333333333
SITE0034,9,1.0,0.0,7.0,0.0,Stable,32,5,0.15625,54,49,0.9074074074074074,1.9183673469387756,13.0,0.0,0.0,1.2307692307692308,0.0,0.0
SITE0034,10,1.0,0.0,0.0,17.0,Stable,41,3,0.073170731707317,67,63,0.9402985074626866,1.9523809523809523,11.0,0.0,0.0,1.6363636363636365,0.0,0.0
SITE0034,11,1.0,1.0,0.0,14.0,Stable,34,1,0.0294117647058823,59,55,0.9322033898305084,2.0727272727272728,16.0,1.0,1.0,2.0,0.0625,0.0625
SITE0034,12,4.0,1.0,0.0,0.0,Stable,24,0,0.0,61,56,0.918032786885246,2.0892857142857144,41.0,2.0,2.0,1.5853658536585369,0.048780487804878,0.048780487804878
SITE0035,1,2.0,0.0,6.0,0.0,Deteriorating,8,1,0.125,11,11,1.0,1.6363636363636365,0.0,0.0,0.0,0.0,0.0,0.0
SITE0035,2,1.0,0.0,13.666666666666666,4.5,Deteriorating,17,2,0.1176470588235294,27,25,0.925925925925926,2.28,4.0,0.0,0.0,1.0,0.0,0.0
SITE0035,3,4.0,0.0,0.0,5.0,Deteriorating,26,3,0.1153846153846153,43,35,0.813953488372093,2.5142857142857142,3.0,0.0,0.0,2.0,0.0,0.0
SITE0035,4,4.0,2.0,14.0,1.0,Deteriorating,34,4,0.1176470588235294,52,49,0.9423076923076924,2.326530612244898,5.0,0.0,0.0,2.8,0.0,0.0
SITE0035,5,4.0,6.0,10.0,6.0,Deteriorating,31,6,0.1935483870967742,52,45,0.8653846153846154,3.1555555555555554,5.0,0.0,0.0,2.0,0.0,0.0
SITE0035,6,1.0,3.0,9.4,11.333333333333334,Deteriorating,29,6,0.2068965517241379,50,45,0.9,1.9333333333333331,8.0,0.0,0.0,1.125,0.0,0.0
SITE0035,7,6.0,1.0,2.333333333333333,2.0,Deteriorating,25,4,0.16,38,31,0.8157894736842105,1.903225806451613,11.0,0.0,0.0,2.272727272727273,0.0,0.0
SITE0035,8,1.0,5.0,8.2,19.0,Deteriorating,22,2,0.0909090909090909,34,30,0.8823529411764706,2.433333333333333,12.0,0.0,0.0,1.9166666666666667,0.0,0.0
SITE0035,9,7.0,5.0,3.6666666666666665,0.0,Deteriorating,28,4,0.1428571428571428,44,37,0.8409090909090909,2.3783783783783785,13.0,0.0,0.0,1.6153846153846154,0.0,0.0
SITE0035,10,3.0,3.0,8.6,11.0,Deteriorating,24,4,0.1666666666666666,39,37,0.9487179487179488,2.216216216216216,10.0,0.0,0.0,1.8,0.0,0.0
SITE0035,11,8.0,6.0,6.333333333333333,17.666666666666668,Deteriorating,30,8,0.2666666666666666,51,49,0.9607843137254902,2.4285714285714284,6.0,0.0,0.0,1.1666666666666667,0.0,0.0
SITE0035,12,7.0,1.0,8.222222222222221,10.333333333333334,Deteriorating,20,10,0.5,51,45,0.8823529411764706,1.8444444444444448,36.0,1.0,1.0,1.6666666666666667,0.0277777777777777,0.0277777777777777
SITE0036,1,2.0,0.0,3.0,4.0,Stable,6,1,0.1666666666666666,8,7,0.875,3.2857142857142856,0.0,0.0,0.0,0.0,0.0,0.0
SITE0036,2,3.0,0.0,0.0,19.0,Stable,12,9,0.75,18,15,0.8333333333333334,2.333333333333333,1.0,0.0,0.0,1.0,0.0,0.0
SITE0036,3,3.0,0.0,0.0,0.0,Stable,27,11,0.4074074074074074,45,42,0.9333333333333332,1.7142857142857142,4.0,0.0,0.0,2.5,0.0,0.0
SITE0036,4,0.0,3.0,10.5,18.0,Stable,41,11,0.2682926829268293,64,59,0.921875,1.915254237288136,11.0,1.0,1.0,1.3636363636363635,0.0909090909090909,0.0909090909090909
SITE0036,5,2.0,1.0,1.0,0.0,Stable,41,8,0.1951219512195122,71,67,0.943661971830986,2.029850746268657,17.0,0.0,0.0,2.0,0.0,0.0
SITE0036,6,3.0,0.0,14.0,20.0,Stable,48,9,0.1875,75,71,0.9466666666666668,1.816901408450704,11.0,0.0,0.0,1.0,0.0,0.0
SITE0036,7,0.0,1.0,12.5,9.5,Stable,41,8,0.1951219512195122,67,61,0.9104477611940298,2.1311475409836067,12.0,1.0,1.0,2.083333333333333,0.0833333333333333,0.0833333333333333
SITE0036,8,4.0,1.0,4.0,0.0,Stable,48,11,0.2291666666666666,77,71,0.922077922077922,1.9295774647887325,13.0,0.0,0.0,2.769230769230769,0.0,0.0
SITE0036,9,1.0,2.0,0.0,9.5,Stable,48,12,0.25,74,69,0.9324324324324323,1.579710144927536,16.0,0.0,0.0,2.4375,0.0,0.0
SITE0036,10,2.0,1.0,5.5,17.0,Stable,52,17,0.3269230769230769,85,80,0.9411764705882352,2.1875,19.0,0.0,0.0,1.4210526315789471,0.0,0.0
SITE0036,11,0.0,0.0,13.0,0.0,Stable,51,15,0.2941176470588235,80,75,0.9375,1.7066666666666668,12.0,1.0,1.0,1.75,0.0833333333333333,0.0833333333333333
SITE0036,12,2.0,0.0,0.0,9.0,Stable,33,14,0.4242424242424242,98,91,0.9285714285714286,2.0549450549450547,53.0,3.0,3.0,1.962264150943396,0.0566037735849056,0.0566037735849056
SITE0037,1,2.0,1.0,0.0,12.0,Stable,10,0,0.0,15,13,0.8666666666666667,3.3076923076923075,2.0,1.0,1.0,2.5,0.5,0.5
SITE0037,2,2.0,1.0,3.0,15.0,Stable,17,0,0.0,29,28,0.9655172413793104,1.3214285714285714,3.0,1.0,1.0,2.6666666666666665,0.3333333333333333,0.3333333333333333
SITE0037,3,1.0,0.0,0.0,10.0,Stable,25,5,0.2,45,43,0.9555555555555556,1.7674418604651163,3.0,0.0,0.0,2.6666666666666665,0.0,0.0
SITE0037,4,3.0,2.0,0.0,14.0,Stable,30,6,0.2,51,44,0.8627450980392157,1.9090909090909087,6.0,0.0,0.0,1.5,0.0,0.0
SITE0037,5,0.0,1.0,4.0,0.0,Stable,32,6,0.1875,46,44,0.9565217391304348,2.227272727272727,5.0,0.0,0.0,2.0,0.0,0.0
SITE0037,6,3.0,1.0,3.0,9.0,Stable,29,3,0.1034482758620689,46,42,0.9130434782608696,1.6666666666666667,4.0,1.0,1.0,1.25,0.25,0.25
SITE0037,7,2.0,1.0,9.0,0.0,Stable,32,4,0.125,54,49,0.9074074074074074,2.0408163265306123,5.0,0.0,0.0,2.4,0.0,0.0
SITE0037,8,2.0,0.0,12.5,11.5,Stable,33,8,0.2424242424242424,48,40,0.8333333333333334,1.65,7.0,0.0,0.0,1.8571428571428568,0.0,0.0
SITE0037,9,3.0,0.0,5.333333333333333,0.0,Stable,32,9,0.28125,47,43,0.9148936170212766,2.3255813953488373,7.0,0.0,0.0,1.8571428571428568,0.0,0.0
SITE0037,10,5.0,0.0,8.666666666666666,11.0,Stable,31,8,0.2580645161290322,52,48,0.9230769230769232,1.8125,8.0,0.0,0.0,2.0,0.0,0.0
SITE0037,11,1.0,1.0,13.5,20.0,Stable,29,5,0.1724137931034483,49,45,0.9183673469387756,1.9777777777777776,13.0,1.0,1.0,2.0,0.0769230769230769,0.0769230769230769
SITE0037,12,2.0,1.0,11.5,0.0,Stable,16,0,0.0,40,36,0.9,2.1944444444444446,34.0,1.0,1.0,1.7647058823529411,0.0294117647058823,0.0294117647058823
SITE0038,1,1.0,1.0,14.0,8.0,Stable,14,4,0.2857142857142857,20,20,1.0,1.9,0.0,0.0,0.0,0.0,0.0,0.0
SITE0038,2,0.0,2.0,8.0,17.0,Stable,26,7,0.2692307692307692,44,42,0.9545454545454546,2.357142857142857,3.0,0.0,0.0,0.6666666666666666,0.0,0.0
SITE0038,3,2.0,0.0,6.333333333333333,8.0,Stable,33,10,0.303030303030303,57,54,0.9473684210526316,2.685185185185185,9.0,1.0,1.0,1.2222222222222223,0.1111111111111111,0.1111111111111111
SITE0038,4,2.0,1.0,0.0,20.0,Stable,45,11,0.2444444444444444,73,68,0.9315068493150684,2.411764705882353,7.0,0.0,0.0,1.1428571428571428,0.0,0.0
SITE0038,5,0.0,3.0,11.0,5.5,Stable,42,9,0.2142857142857142,63,59,0.9365079365079364,1.7627118644067796,11.0,0.0,0.0,1.181818181818182,0.0,0.0
SITE0038,6,2.0,1.0,3.0,11.666666666666666,Stable,41,11,0.2682926829268293,70,66,0.9428571428571428,1.9090909090909087,9.0,0.0,0.0,1.6666666666666667,0.0,0.0
SITE0038,7,3.0,2.0,11.5,7.5,Stable,44,14,0.3181818181818182,71,64,0.9014084507042254,2.59375,15.0,1.0,1.0,1.2666666666666666,0.0666666666666666,0.0666666666666666
SITE0038,8,0.0,0.0,13.5,11.666666666666666,Stable,44,10,0.2272727272727272,69,65,0.9420289855072465,1.876923076923077,16.0,2.0,2.0,1.5,0.125,0.125
SITE0038,9,0.0,0.0,0.0,0.0,,47,11,0.2340425531914893,72,69,0.9583333333333334,1.9130434782608696,14.0,1.0,1.0,1.2142857142857142,0.0714285714285714,0.0714285714285714
SITE0038,10,2.0,1.0,0.0,0.0,Stable,47,10,0.2127659574468085,80,69,0.8625,2.0434782608695654,9.0,0.0,0.0,1.4444444444444444,0.0,0.0
SITE0038,11,6.0,0.0,4.0,15.0,Stable,50,14,0.28,82,73,0.8902439024390244,2.246575342465753,23.0,0.0,0.0,1.826086956521739,0.0,0.0
SITE0038,12,0.0,1.0,5.0,14.0,Stable,38,21,0.5526315789473685,97,87,0.8969072164948454,2.2758620689655173,52.0,1.0,1.0,1.4230769230769231,0.0192307692307692,0.0192307692307692
SITE0039,1,2.0,0.0,10.0,1.0,Stable,12,3,0.25,21,21,1.0,2.0476190476190474,0.0,0.0,0.0,0.0,0.0,0.0
SITE0039,2,1.0,0.0,7.0,3.0,Stable,23,3,0.1304347826086956,37,35,0.945945945945946,1.4285714285714286,0.0,0.0,0.0,0.0,0.0,0.0
SITE0039,3,4.0,0.0,12.0,14.0,Stable,35,5,0.1428571428571428,55,50,0.9090909090909092,2.02,7.0,0.0,0.0,2.857142857142857,0.0,0.0
SITE0039,4,3.0,0.0,3.5,4.0,Stable,38,3,0.0789473684210526,60,57,0.95,1.912280701754386,6.0,0.0,0.0,2.333333333333333,0.0,0.0
SITE0039,5,3.0,2.0,3.0,18.0,Stable,34,2,0.0588235294117647,55,50,0.9090909090909092,1.8,8.0,0.0,0.0,0.75,0.0,0.0
SITE0039,6,6.0,0.0,10.0,0.0,Stable,32,3,0.09375,49,45,0.9183673469387756,1.9333333333333331,8.0,0.0,0.0,2.0,0.0,0.0
SITE0039,7,2.0,0.0,7.0,0.0,Stable,40,1,0.025,65,59,0.9076923076923076,1.9322033898305084,9.0,0.0,0.0,2.0,0.0,0.0
SITE0039,8,0.0,1.0,3.6666666666666665,0.0,Stable,45,4,0.0888888888888888,77,69,0.8961038961038961,1.9130434782608696,14.0,1.0,1.0,1.7857142857142858,0.0714285714285714,0.0714285714285714
SITE0039,9,4.0,0.0,0.0,10.5,Stable,47,8,0.1702127659574468,83,77,0.927710843373494,1.7272727272727273,11.0,3.0,3.0,1.818181818181818,0.2727272727272727,0.2727272727272727
SITE0039,10,4.0,2.0,0.0,19.0,Stable,46,5,0.108695652173913,74,69,0.9324324324324323,2.8115942028985508,11.0,1.0,1.0,1.6363636363636365,0.0909090909090909,0.0909090909090909
SITE0039,11,1.0,1.0,8.333333333333334,0.0,Stable,43,8,0.1860465116279069,73,71,0.9726027397260274,2.380281690140845,15.0,1.0,1.0,1.6,0.0666666666666666,0.0666666666666666
SITE0039,12,0.0,0.0,9.6,6.0,Stable,33,9,0.2727272727272727,95,87,0.9157894736842104,2.183908045977012,51.0,1.0,1.0,1.7450980392156863,0.0196078431372549,0.0196078431372549
SITE0040,1,0.0,2.0,4.0,10.0,Deteriorating,9,0,0.0,13,13,1.0,1.8461538461538465,1.0,0.0,0.0,1.0,0.0,0.0
SITE0040,2,0.0,1.0,14.0,0.0,Deteriorating,17,2,0.1176470588235294,25,23,0.92,1.565217391304348,1.0,0.0,0.0,4.0,0.0,0.0
SITE0040,3,1.0,3.0,3.5,10.0,Deteriorating,28,4,0.1428571428571428,37,34,0.918918918918919,1.911764705882353,3.0,0.0,0.0,1.3333333333333333,0.0,0.0
SITE0040,4,4.0,1.0,3.5,2.0,Deteriorating,36,6,0.1666666666666666,62,58,0.935483870967742,2.034482758620689,7.0,0.0,0.0,2.142857142857143,0.0,0.0
SITE0040,5,2.0,1.0,2.0,12.333333333333334,Deteriorating,38,6,0.1578947368421052,64,62,0.96875,2.096774193548387,7.0,0.0,0.0,2.4285714285714284,0.0,0.0
SITE0040,6,8.0,2.0,6.5,12.5,Deteriorating,34,5,0.1470588235294117,59,53,0.8983050847457628,2.0943396226415096,13.0,0.0,0.0,1.3846153846153846,0.0,0.0
SITE0040,7,3.0,1.0,6.0,0.0,Deteriorating,25,4,0.16,42,40,0.9523809523809524,1.9,5.0,0.0,0.0,1.4,0.0,0.0
SITE0040,8,4.0,4.0,5.0,9.666666666666666,Deteriorating,25,3,0.12,36,32,0.8888888888888888,2.125,11.0,1.0,1.0,1.4545454545454546,0.0909090909090909,0.0909090909090909
SITE0040,9,5.0,4.0,7.0,0.0,Deteriorating,22,3,0.1363636363636363,32,29,0.90625,1.6206896551724137,11.0,0.0,0.0,1.5454545454545454,0.0,0.0
SITE0040,10,7.0,3.0,8.333333333333334,15.333333333333334,Deteriorating,22,2,0.0909090909090909,34,33,0.9705882352941176,2.636363636363636,11.0,0.0,0.0,1.2727272727272727,0.0,0.0
SITE0040,11,9.0,1.0,8.0,11.75,Deteriorating,26,4,0.1538461538461538,41,41,1.0,1.7317073170731707,8.0,1.0,1.0,1.75,0.125,0.125
SITE0040,12,6.0,6.0,6.222222222222222,7.75,Deteriorating,20,3,0.15,59,54,0.9152542372881356,1.4814814814814814,32.0,2.0,2.0,1.6875,0.0625,0.0625
SITE0041,1,1.0,0.0,0.0,9.5,Stable,9,3,0.3333333333333333,11,11,1.0,2.8181818181818183,1.0,0.0,0.0,1.0,0.0,0.0
SITE0041,2,2.0,1.0,13.0,0.0,Stable,19,4,0.2105263157894736,29,29,1.0,2.0,4.0,0.0,0.0,0.75,0.0,0.0
SITE0041,3,1.0,0.0,0.0,9.0,Stable,25,3,0.12,41,38,0.926829268292683,2.3421052631578947,3.0,0.0,0.0,1.0,0.0,0.0
SITE0041,4,2.0,2.0,7.0,0.0,Stable,40,5,0.125,67,57,0.8507462686567164,2.1403508771929824,4.0,0.0,0.0,1.5,0.0,0.0
SITE0041,5,2.0,0.0,8.5,10.0,Stable,48,6,0.125,75,71,0.9466666666666668,2.0985915492957745,7.0,0.0,0.0,1.5714285714285714,0.0,0.0
SITE0041,6,2.0,0.0,2.0,13.0,Stable,54,10,0.1851851851851851,93,86,0.9247311827956988,1.7209302325581397,10.0,0.0,0.0,1.7,0.0,0.0
SITE0041,7,2.0,1.0,0.0,0.0,Stable,51,10,0.196078431372549,83,79,0.9518072289156626,2.151898734177215,14.0,1.0,1.0,0.9285714285714286,0.0714285714285714,0.0714285714285714
SITE0041,8,3.0,2.0,2.0,1.0,Stable,49,10,0.2040816326530612,74,72,0.972972972972973,2.2222222222222223,9.0,0.0,0.0,1.0,0.0,0.0
SITE0041,9,1.0,1.0,11.333333333333334,10.0,Stable,44,1,0.0227272727272727,66,58,0.8787878787878788,2.034482758620689,18.0,0.0,0.0,1.4444444444444444,0.0,0.0
SITE0041,10,0.0,1.0,0.0,14.333333333333334,Stable,44,3,0.0681818181818181,70,65,0.9285714285714286,2.3692307692307693,10.0,1.0,1.0,1.3,0.1,0.1
SITE0041,11,3.0,0.0,5.0,0.0,Stable,40,5,0.125,69,64,0.927536231884058,1.890625,15.0,1.0,1.0,1.4666666666666666,0.0666666666666666,0.0666666666666666
SITE0041,12,2.0,0.0,7.333333333333333,8.0,Stable,31,12,0.3870967741935484,78,76,0.9743589743589745,1.894736842105263,50.0,3.0,3.0,1.8,0.06,0.06
SITE0042,1,0.0,0.0,0.0,0.0,,11,1,0.0909090909090909,15,15,1.0,2.1333333333333333,0.0,0.0,0.0,0.0,0.0,0.0
SITE0042,2,0.0,2.0,9.0,17.0,Deteriorating,21,2,0.0952380952380952,33,29,0.8787878787878788,1.2758620689655171,1.0,0.0,0.0,5.0,0.0,0.0
SITE0042,3,1.0,1.0,0.0,0.0,Deteriorating,30,2,0.0666666666666666,45,41,0.9111111111111112,2.1951219512195124,6.0,0.0,0.0,2.5,0.0,0.0
SITE0042,4,3.0,2.0,7.5,3.0,Deteriorating,41,4,0.0975609756097561,71,63,0.8873239436619719,2.4761904761904763,6.0,1.0,1.0,3.333333333333333,0.1666666666666666,0.1666666666666666
SITE0042,5,3.0,3.0,2.0,7.5,Deteriorating,37,4,0.1081081081081081,58,53,0.913793103448276,1.9056603773584904,9.0,1.0,1.0,2.2222222222222223,0.1111111111111111,0.1111111111111111
SITE0042,6,3.0,1.0,8.0,11.5,Deteriorating,33,2,0.0606060606060606,53,46,0.8679245283018868,2.260869565217391,8.0,0.0,0.0,2.25,0.0,0.0
SITE0042,7,5.0,2.0,8.2,2.0,Deteriorating,31,2,0.064516129032258,45,41,0.9111111111111112,2.2439024390243905,9.0,0.0,0.0,1.4444444444444444,0.0,0.0
SITE0042,8,8.0,5.0,9.6,10.333333333333334,Deteriorating,28,3,0.1071428571428571,48,41,0.8541666666666666,1.804878048780488,13.0,0.0,0.0,2.0,0.0,0.0
SITE0042,9,5.0,0.0,8.4,12.25,Deteriorating,25,2,0.08,39,37,0.9487179487179488,2.810810810810811,8.0,0.0,0.0,0.875,0.0,0.0
SITE0042,10,3.0,2.0,7.857142857142857,5.833333333333333,Deteriorating,27,4,0.1481481481481481,42,38,0.9047619047619048,2.710526315789474,11.0,0.0,0.0,2.0,0.0,0.0
SITE0042,11,7.0,2.0,14.0,6.666666666666667,Deteriorating,26,5,0.1923076923076923,43,40,0.9302325581395348,2.3,4.0,1.0,1.0,2.75,0.25,0.25
SITE0042,12,11.0,6.0,10.0,5.0,Deteriorating,21,5,0.238095238095238,60,56,0.9333333333333332,2.0357142857142856,31.0,0.0,0.0,1.7741935483870968,0.0,0.0
SITE0043,1,0.0,0.0,0.0,15.0,Stable,7,0,0.0,9,9,1.0,3.2222222222222223,1.0,0.0,0.0,2.0,0.0,0.0
SITE0043,2,0.0,0.0,3.0,11.0,Stable,13,0,0.0,22,22,1.0,1.2727272727272727,0.0,0.0,0.0,0.0,0.0,0.0
SITE0043,3,1.0,0.0,0.0,0.0,Stable,22,0,0.0,34,29,0.8529411764705882,1.9655172413793105,6.0,1.0,1.0,1.6666666666666667,0.1666666666666666,0.1666666666666666
SITE0043,4,0.0,0.0,5.0,19.5,Stable,28,0,0.0,47,43,0.9148936170212766,1.9534883720930232,4.0,0.0,0.0,2.0,0.0,0.0
SITE0043,5,4.0,3.0,0.0,10.0,Stable,27,0,0.0,44,40,0.9090909090909092,2.1,9.0,0.0,0.0,1.4444444444444444,0.0,0.0
SITE0043,6,4.0,0.0,9.0,9.0,Stable,26,2,0.0769230769230769,43,40,0.9302325581395348,1.9,2.0,0.0,0.0,2.5,0.0,0.0
SITE0043,7,2.0,1.0,10.0,20.0,Stable,29,3,0.1034482758620689,43,41,0.9534883720930232,1.8780487804878048,11.0,0.0,0.0,2.1818181818181817,0.0,0.0
SITE0043,8,0.0,1.0,5.0,1.0,Stable,33,8,0.2424242424242424,57,51,0.8947368421052632,2.117647058823529,14.0,0.0,0.0,1.5,0.0,0.0
SITE0043,9,2.0,0.0,7.75,6.0,Stable,32,8,0.25,53,50,0.9433962264150944,1.88,10.0,0.0,0.0,2.1,0.0,0.0
SITE0043,10,0.0,0.0,6.25,9.333333333333334,Stable,40,6,0.15,60,51,0.85,2.07843137254902,6.0,0.0,0.0,2.0,0.0,0.0
SITE0043,11,2.0,0.0,3.6666666666666665,0.0,Stable,33,3,0.0909090909090909,56,50,0.8928571428571429,2.26,7.0,0.0,0.0,1.1428571428571428,0.0,0.0
SITE0043,12,1.0,1.0,6.0,0.0,Stable,22,6,0.2727272727272727,60,56,0.9333333333333332,2.392857142857143,42.0,0.0,0.0,1.5476190476190477,0.0,0.0
SITE0044,1,0.0,1.0,0.0,0.0,Stable,16,0,0.0,20,19,0.95,1.947368421052632,1.0,0.0,0.0,1.0,0.0,0.0
SITE0044,2,0.0,0.0,0.0,10.0,Stable,30,4,0.1333333333333333,49,46,0.9387755102040816,2.391304347826087,5.0,2.0,2.0,1.4,0.4,0.4
SITE0044,3,1.0,0.0,0.0,0.0,Stable,43,9,0.2093023255813953,75,69,0.92,1.8405797101449275,10.0,0.0,0.0,2.1,0.0,0.0
SITE0044,4,4.0,2.0,0.0,0.0,Stable,52,11,0.2115384615384615,86,80,0.9302325581395348,1.5625,7.0,0.0,0.0,1.2857142857142858,0.0,0.0
SITE0044,5,0.0,0.0,6.5,19.0,Stable,46,7,0.1521739130434782,66,59,0.8939393939393939,1.4067796610169492,9.0,0.0,0.0,2.111111111111111,0.0,0.0
SITE0044,6,3.0,0.0,7.75,15.0,Stable,44,5,0.1136363636363636,69,64,0.927536231884058,2.140625,10.0,1.0,1.0,1.0,0.1,0.1
SITE0044,7,1.0,0.0,14.0,0.0,Stable,47,4,0.0851063829787234,75,69,0.92,2.0,25.0,0.0,0.0,1.84,0.0,0.0
SITE0044,8,0.0,0.0,3.0,18.0,Stable,44,3,0.0681818181818181,71,64,0.9014084507042254,1.71875,22.0,1.0,1.0,2.363636363636364,0.0454545454545454,0.0454545454545454
SITE0044,9,1.0,2.0,8.0,20.0,Stable,40,6,0.15,63,56,0.8888888888888888,2.0892857142857144,12.0,2.0,2.0,2.1666666666666665,0.1666666666666666,0.1666666666666666
SITE0044,10,2.0,3.0,0.0,14.0,Stable,44,10,0.2272727272727272,70,66,0.9428571428571428,2.106060606060606,13.0,0.0,0.0,0.9230769230769232,0.0,0.0
SITE0044,11,2.0,2.0,3.0,5.0,Stable,44,7,0.1590909090909091,70,64,0.9142857142857144,2.296875,18.0,1.0,1.0,1.8888888888888888,0.0555555555555555,0.0555555555555555
SITE0044,12,3.0,2.0,7.666666666666667,8.0,Stable,36,12,0.3333333333333333,102,95,0.931372549019608,2.5052631578947366,49.0,1.0,1.0,1.9387755102040816,0.0204081632653061,0.0204081632653061
SITE0045,1,5.0,5.0,8.125,6.0,High Risk,8,0,0.0,13,9,0.6923076923076923,0.6666666666666666,0.0,0.0,0.0,0.0,0.0,0.0
SITE0045,2,12.0,7.0,6.0,6.6,High Risk,16,2,0.125,27,24,0.8888888888888888,2.375,2.0,0.0,0.0,3.5,0.0,0.0
SITE0045,3,11.0,6.0,7.0,8.375,High Risk,30,3,0.1,51,49,0.9607843137254902,1.7959183673469388,2.0,1.0,1.0,1.0,0.5,0.5
SITE0045,4,7.0,2.0,11.8,7.2,High Risk,37,5,0.1351351351351351,55,51,0.9272727272727272,2.019607843137255,6.0,1.0,1.0,0.6666666666666666,0.1666666666666666,0.1666666666666666
SITE0045,5,10.0,8.0,6.333333333333333,8.666666666666666,High Risk,33,6,0.1818181818181818,56,51,0.9107142857142856,2.156862745098039,6.0,0.0,0.0,2.333333333333333,0.0,0.0
SITE0045,6,11.0,4.0,7.333333333333333,14.2,High Risk,38,3,0.0789473684210526,55,49,0.8909090909090909,1.8979591836734693,5.0,0.0,0.0,2.2,0.0,0.0
SITE0045,7,7.0,5.0,9.5,12.5,High Risk,40,7,0.175,67,63,0.9402985074626866,1.7936507936507935,17.0,1.0,1.0,1.4705882352941178,0.0588235294117647,0.0588235294117647
SITE0045,8,6.0,4.0,9.0,8.5,High Risk,39,5,0.1282051282051282,65,60,0.9230769230769232,2.3,13.0,2.0,2.0,1.7692307692307692,0.1538461538461538,0.1538461538461538
SITE0045,9,8.0,0.0,5.888888888888889,13.444444444444445,High Risk,42,6,0.1428571428571428,66,61,0.9242424242424242,1.9836065573770487,11.0,0.0,0.0,2.1818181818181817,0.0,0.0
SITE0045,10,10.0,6.0,9.77777777777778,8.2,High Risk,35,6,0.1714285714285714,57,49,0.8596491228070176,1.673469387755102,13.0,2.0,2.0,1.5384615384615383,0.1538461538461538,0.1538461538461538
SITE0045,11,9.0,2.0,6.333333333333333,12.0,High Risk,30,2,0.0666666666666666,47,41,0.8723404255319149,2.707317073170732,9.0,0.0,0.0,1.8888888888888888,0.0,0.0
SITE0045,12,8.0,3.0,7.0,11.833333333333334,High Risk,21,3,0.1428571428571428,65,62,0.953846153846154,2.048387096774193,37.0,2.0,2.0,1.5405405405405406,0.054054054054054,0.054054054054054
SITE0046,1,1.0,0.0,9.0,9.0,Stable,5,1,0.2,8,7,0.875,2.2857142857142856,0.0,0.0,0.0,0.0,0.0,0.0
SITE0046,2,2.0,2.0,11.5,18.0,Stable,13,3,0.2307692307692307,21,21,1.0,2.333333333333333,2.0,0.0,0.0,2.5,0.0,0.0
SITE0046,3,2.0,0.0,13.0,16.0,Stable,20,4,0.2,33,30,0.9090909090909092,1.4333333333333331,2.0,0.0,0.0,0.0,0.0,0.0
SITE0046,4,3.0,2.0,0.0,0.0,Stable,27,3,0.1111111111111111,46,45,0.9782608695652174,2.111111111111111,2.0,1.0,1.0,2.0,0.5,0.5
SITE0046,5,2.0,0.0,9.5,12.666666666666666,Stable,27,1,0.037037037037037,44,44,1.0,2.0,5.0,0.0,0.0,2.2,0.0,0.0
SITE0046,6,1.0,2.0,6.333333333333333,12.5,Stable,26,1,0.0384615384615384,40,37,0.925,2.0,7.0,0.0,0.0,1.4285714285714286,0.0,0.0
SITE0046,7,1.0,2.0,1.0,13.0,Stable,25,4,0.16,46,41,0.8913043478260869,2.268292682926829,9.0,0.0,0.0,1.2222222222222223,0.0,0.0
SITE0046,8,1.0,1.0,8.0,11.0,Stable,28,6,0.2142857142857142,47,43,0.9148936170212766,2.1627906976744184,8.0,1.0,1.0,1.75,0.125,0.125
SITE0046,9,2.0,0.0,9.333333333333334,0.0,Stable,30,5,0.1666666666666666,47,43,0.9148936170212766,2.069767441860465,11.0,0.0,0.0,1.2727272727272727,0.0,0.0
SITE0046,10,2.0,0.0,11.5,2.0,Stable,29,4,0.1379310344827586,45,42,0.9333333333333332,1.9047619047619049,6.0,0.0,0.0,3.0,0.0,0.0
SITE0046,11,2.0,0.0,12.0,10.0,Stable,30,5,0.1666666666666666,49,45,0.9183673469387756,2.066666666666667,9.0,0.0,0.0,2.2222222222222223,0.0,0.0
SITE0046,12,1.0,1.0,9.0,6.0,Stable,20,5,0.25,54,49,0.9074074074074074,2.510204081632653,36.0,3.0,3.0,1.2777777777777777,0.0833333333333333,0.0833333333333333
SITE0047,1,1.0,3.0,12.0,0.0,Deteriorating,14,6,0.4285714285714285,20,20,1.0,2.0,2.0,0.0,0.0,4.5,0.0,0.0
SITE0047,2,2.0,0.0,0.0,18.0,Deteriorating,23,9,0.391304347826087,40,37,0.925,2.3783783783783785,2.0,0.0,0.0,1.0,0.0,0.0
SITE0047,3,1.0,2.0,7.0,5.0,Deteriorating,35,13,0.3714285714285714,58,52,0.896551724137931,2.1153846153846154,10.0,1.0,1.0,1.6,0.1,0.1
SITE0047,4,0.0,1.0,10.75,13.0,Deteriorating,40,11,0.275,58,55,0.9482758620689656,1.5454545454545454,4.0,0.0,0.0,1.0,0.0,0.0
SITE0047,5,2.0,0.0,0.0,13.0,Deteriorating,49,10,0.2040816326530612,73,69,0.9452054794520548,2.333333333333333,10.0,1.0,1.0,2.1,0.1,0.1
SITE0047,6,1.0,2.0,3.0,0.0,Deteriorating,53,13,0.2452830188679245,87,82,0.942528735632184,2.0,9.0,0.0,0.0,2.111111111111111,0.0,0.0
SITE0047,7,3.0,2.0,10.5,11.666666666666666,Deteriorating,54,10,0.1851851851851851,87,81,0.9310344827586208,2.111111111111111,13.0,1.0,1.0,2.230769230769231,0.0769230769230769,0.0769230769230769
SITE0047,8,5.0,2.0,10.0,7.0,Deteriorating,56,12,0.2142857142857142,83,78,0.9397590361445785,1.858974358974359,19.0,0.0,0.0,2.3157894736842106,0.0,0.0
SITE0047,9,5.0,5.0,8.5,13.0,Deteriorating,55,11,0.2,84,79,0.9404761904761904,1.9367088607594936,12.0,0.0,0.0,2.5,0.0,0.0
SITE0047,10,4.0,3.0,11.333333333333334,7.666666666666667,Deteriorating,52,12,0.2307692307692307,86,79,0.9186046511627908,2.6582278481012658,19.0,1.0,1.0,1.8421052631578947,0.0526315789473684,0.0526315789473684
SITE0047,11,4.0,1.0,12.5,0.0,Deteriorating,48,7,0.1458333333333333,78,73,0.935897435897436,2.068493150684932,19.0,2.0,2.0,1.8421052631578947,0.1052631578947368,0.1052631578947368
SITE0047,12,9.0,1.0,3.0,2.5,Deteriorating,33,12,0.3636363636363636,86,79,0.9186046511627908,2.5443037974683542,53.0,4.0,4.0,1.5849056603773586,0.0754716981132075,0.0754716981132075
SITE0048,1,3.0,3.0,14.0,1.0,Stable,10,0,0.0,17,15,0.8823529411764706,2.6666666666666665,1.0,0.0,0.0,1.0,0.0,0.0
SITE0048,2,2.0,0.0,8.333333333333334,5.5,Stable,22,2,0.0909090909090909,34,33,0.9705882352941176,1.818181818181818,1.0,0.0,0.0,2.0,0.0,0.0
SITE0048,3,2.0,0.0,0.0,14.0,Stable,27,4,0.1481481481481481,47,44,0.9361702127659576,1.681818181818182,3.0,0.0,0.0,2.333333333333333,0.0,0.0
SITE0048,4,2.0,1.0,4.0,6.0,Stable,27,7,0.2592592592592592,42,39,0.9285714285714286,3.0,6.0,1.0,1.0,1.8333333333333333,0.1666666666666666,0.1666666666666666
SITE0048,5,1.0,1.0,9.571428571428571,3.0,Stable,24,7,0.2916666666666667,36,32,0.8888888888888888,2.5,6.0,0.0,0.0,2.0,0.0,0.0
SITE0048,6,2.0,0.0,0.0,14.0,Stable,22,3,0.1363636363636363,38,36,0.9473684210526316,2.055555555555556,3.0,0.0,0.0,1.0,0.0,0.0
SITE0048,7,2.0,0.0,11.0,0.0,Stable,29,2,0.0689655172413793,42,36,0.8571428571428571,2.0,5.0,1.0,1.0,1.2,0.2,0.2
SITE0048,8,3.0,4.0,6.0,0.0,Stable,31,3,0.0967741935483871,51,44,0.8627450980392157,1.75,11.0,0.0,0.0,2.4545454545454546,0.0,0.0
SITE0048,9,1.0,1.0,6.333333333333333,0.0,Stable,32,4,0.125,51,48,0.9411764705882352,2.1875,11.0,2.0,2.0,1.7272727272727273,0.1818181818181818,0.1818181818181818
SITE0048,10,1.0,1.0,0.0,11.25,Stable,32,3,0.09375,45,39,0.8666666666666667,1.948717948717949,9.0,0.0,0.0,1.2222222222222223,0.0,0.0
SITE0048,11,1.0,2.0,0.0,0.0,Stable,25,1,0.04,40,38,0.95,1.5526315789473684,5.0,0.0,0.0,1.6,0.0,0.0
SITE0048,12,2.0,1.0,0.0,12.0,Stable,18,0,0.0,49,45,0.9183673469387756,2.2,21.0,3.0,3.0,1.4761904761904765,0.1428571428571428,0.1428571428571428
SITE0049,1,2.0,1.0,4.5,9.0,Stable,6,0,0.0,8,7,0.875,1.0,0.0,0.0,0.0,0.0,0.0,0.0
SITE0049,2,1.0,0.0,0.0,6.5,Stable,29,3,0.1034482758620689,47,42,0.8936170212765957,2.6666666666666665,0.0,0.0,0.0,0.0,0.0,0.0
SITE0049,3,2.0,2.0,0.0,2.0,Stable,49,5,0.1020408163265306,78,72,0.9230769230769232,1.8472222222222223,5.0,0.0,0.0,1.4,0.0,0.0
SITE0049,4,0.0,1.0,10.0,1.0,Stable,59,6,0.1016949152542373,100,98,0.98,1.9795918367346936,10.0,0.0,0.0,1.8,0.0,0.0
SITE0049,5,3.0,2.0,14.0,20.0,Stable,53,7,0.1320754716981132,89,83,0.9325842696629212,2.2289156626506026,6.0,0.0,0.0,0.6666666666666666,0.0,0.0
SITE0049,6,0.0,0.0,10.0,0.0,Stable,43,5,0.1162790697674418,67,62,0.9253731343283582,2.0806451612903225,14.0,0.0,0.0,1.7857142857142858,0.0,0.0
SITE0049,7,1.0,1.0,6.0,0.0,Stable,49,6,0.1224489795918367,74,67,0.9054054054054054,2.298507462686567,19.0,1.0,1.0,2.1578947368421053,0.0526315789473684,0.0526315789473684
SITE0049,8,2.0,0.0,8.0,13.0,Stable,53,9,0.1698113207547169,88,82,0.9318181818181818,1.951219512195122,13.0,1.0,1.0,1.4615384615384617,0.0769230769230769,0.0769230769230769
SITE0049,9,5.0,5.0,5.0,0.0,Stable,57,5,0.087719298245614,95,82,0.8631578947368421,2.0853658536585367,24.0,2.0,2.0,1.125,0.0833333333333333,0.0833333333333333
SITE0049,10,3.0,3.0,0.0,0.0,Stable,50,9,0.18,80,73,0.9125,2.3013698630136985,16.0,0.0,0.0,2.25,0.0,0.0
SITE0049,11,0.0,3.0,13.0,11.0,Stable,43,13,0.3023255813953488,70,68,0.9714285714285714,1.911764705882353,16.0,2.0,2.0,2.4375,0.125,0.125
SITE0049,12,1.0,0.0,5.0,0.0,Stable,30,22,0.7333333333333333,86,81,0.9418604651162792,2.0123456790123457,48.0,4.0,4.0,1.75,0.0833333333333333,0.0833333333333333
SITE0050,1,2.0,2.0,4.0,14.666666666666666,Anomalous,13,1,0.0769230769230769,21,19,0.9047619047619048,1.6842105263157894,2.0,0.0,0.0,1.0,0.0,0.0
SITE0050,2,4.0,3.0,10.0,2.0,Anomalous,22,3,0.1363636363636363,32,26,0.8125,2.5384615384615383,2.0,1.0,1.0,1.5,0.5,0.5
SITE0050,3,2.0,1.0,0.0,2.0,Anomalous,31,2,0.064516129032258,47,43,0.9148936170212766,1.8837209302325584,5.0,0.0,0.0,1.6,0.0,0.0
SITE0050,4,6.0,1.0,7.142857142857143,10.0,Anomalous,43,8,0.1860465116279069,67,63,0.9402985074626866,2.3174603174603177,9.0,0.0,0.0,1.4444444444444444,0.0,0.0
SITE0050,5,2.0,7.0,10.666666666666666,11.0,Anomalous,40,10,0.25,70,69,0.9857142857142858,2.028985507246377,11.0,0.0,0.0,1.4545454545454546,0.0,0.0
SITE0050,6,1.0,5.0,10.0,18.0,Anomalous,45,10,0.2222222222222222,71,67,0.943661971830986,2.044776119402985,9.0,1.0,1.0,1.5555555555555556,0.1111111111111111,0.1111111111111111
SITE0050,7,4.0,5.0,5.666666666666667,0.0,Anomalous,40,8,0.2,60,56,0.9333333333333332,1.6607142857142858,9.0,0.0,0.0,0.7777777777777778,0.0,0.0
SITE0050,8,6.0,3.0,4.0,8.5,Anomalous,36,8,0.2222222222222222,60,55,0.9166666666666666,1.7636363636363637,10.0,1.0,1.0,2.3,0.1,0.1
SITE0050,9,22.0,3.0,7.875,11.875,Anomalous,38,7,0.1842105263157894,61,57,0.9344262295081968,2.456140350877193,5.0,0.0,0.0,0.2,0.0,0.0
SITE0050,10,4.0,0.0,6.0,13.333333333333334,Anomalous,35,9,0.2571428571428571,57,52,0.912280701754386,2.0576923076923075,18.0,1.0,1.0,1.1666666666666667,0.0555555555555555,0.0555555555555555
SITE0050,11,3.0,1.0,11.333333333333334,4.0,Anomalous,33,7,0.2121212121212121,56,50,0.8928571428571429,1.64,19.0,1.0,1.0,2.421052631578948,0.0526315789473684,0.0526315789473684
SITE0050,12,4.0,2.0,10.0,12.333333333333334,Anomalous,24,5,0.2083333333333333,58,53,0.913793103448276,2.2452830188679247,39.0,2.0,2.0,2.025641025641025,0.0512820512820512,0.0512820512820512
SITE0051,1,0.0,0.0,11.0,5.0,Stable,11,4,0.3636363636363636,18,17,0.9444444444444444,1.8823529411764703,2.0,1.0,1.0,2.0,0.5,0.5
SITE0051,2,2.0,0.0,12.0,10.0,Stable,20,6,0.3,32,29,0.90625,1.9310344827586208,5.0,0.0,0.0,1.0,0.0,0.0
SITE0051,3,1.0,0.0,0.0,10.5,Stable,28,6,0.2142857142857142,45,41,0.9111111111111112,1.7073170731707317,1.0,0.0,0.0,2.0,0.0,0.0
SITE0051,4,3.0,1.0,8.0,0.0,Stable,34,5,0.1470588235294117,53,50,0.9433962264150944,1.6,5.0,0.0,0.0,1.2,0.0,0.0
SITE0051,5,1.0,1.0,0.0,0.0,Stable,28,4,0.1428571428571428,48,46,0.9583333333333334,2.0869565217391304,2.0,0.0,0.0,1.5,0.0,0.0
SITE0051,6,2.0,0.0,6.0,0.0,Stable,36,4,0.1111111111111111,56,50,0.8928571428571429,1.64,12.0,1.0,1.0,1.9166666666666667,0.0833333333333333,0.0833333333333333
SITE0051,7,3.0,0.0,0.0,16.0,Stable,40,3,0.075,59,54,0.9152542372881356,2.055555555555556,13.0,0.0,0.0,1.6153846153846154,0.0,0.0
SITE0051,8,3.0,0.0,4.0,9.0,Stable,47,3,0.0638297872340425,78,72,0.9230769230769232,2.305555555555556,17.0,0.0,0.0,1.7058823529411764,0.0,0.0
SITE0051,9,0.0,0.0,6.0,0.0,Stable,47,4,0.0851063829787234,72,63,0.875,1.8412698412698407,9.0,0.0,0.0,2.111111111111111,0.0,0.0
SITE0051,10,0.0,1.0,8.0,0.0,Stable,36,2,0.0555555555555555,61,55,0.9016393442622952,2.363636363636364,11.0,1.0,1.0,1.4545454545454546,0.0909090909090909,0.0909090909090909
SITE0051,11,2.0,1.0,0.0,18.0,Stable,30,1,0.0333333333333333,50,47,0.94,2.765957446808511,8.0,0.0,0.0,1.125,0.0,0.0
SITE0051,12,3.0,3.0,9.0,15.5,Stable,19,0,0.0,52,47,0.903846153846154,2.702127659574468,52.0,2.0,2.0,1.3846153846153846,0.0384615384615384,0.0384615384615384
SITE0052,1,1.0,4.0,6.0,12.0,Stable,7,0,0.0,9,8,0.8888888888888888,1.375,0.0,0.0,0.0,0.0,0.0,0.0
SITE0052,2,2.0,0.0,10.5,14.0,Stable,16,1,0.0625,23,23,1.0,2.0869565217391304,2.0,0.0,0.0,3.0,0.0,0.0
SITE0052,3,1.0,3.0,6.0,14.0,Stable,24,7,0.2916666666666667,45,44,0.9777777777777776,2.113636363636364,3.0,0.0,0.0,1.6666666666666667,0.0,0.0
SITE0052,4,1.0,0.0,2.0,14.0,Stable,37,10,0.2702702702702703,60,57,0.95,2.0701754385964914,7.0,0.0,0.0,0.5714285714285714,0.0,0.0
SITE0052,5,3.0,0.0,5.0,4.0,Stable,45,12,0.2666666666666666,69,64,0.927536231884058,2.046875,9.0,0.0,0.0,2.0,0.0,0.0
SITE0052,6,6.0,1.0,5.666666666666667,7.5,Stable,47,11,0.2340425531914893,78,72,0.9230769230769232,2.0694444444444446,10.0,1.0,1.0,0.9,0.1,0.1
SITE0052,7,0.0,1.0,5.0,13.0,Stable,43,9,0.2093023255813953,65,61,0.9384615384615383,1.6557377049180328,13.0,1.0,1.0,1.3846153846153846,0.0769230769230769,0.0769230769230769
SITE0052,8,0.0,1.0,12.0,14.0,Stable,41,10,0.2439024390243902,65,61,0.9384615384615383,1.9344262295081969,16.0,0.0,0.0,1.3125,0.0,0.0
SITE0052,9,3.0,2.0,0.0,0.0,Stable,44,7,0.1590909090909091,70,64,0.9142857142857144,2.546875,16.0,2.0,2.0,1.375,0.125,0.125
SITE0052,10,2.0,2.0,8.0,16.0,Stable,49,3,0.0612244897959183,86,79,0.9186046511627908,1.4177215189873418,21.0,1.0,1.0,2.4285714285714284,0.0476190476190476,0.0476190476190476
SITE0052,11,1.0,1.0,0.0,0.0,Stable,52,2,0.0384615384615384,84,82,0.9761904761904762,2.073170731707317,16.0,3.0,3.0,1.875,0.1875,0.1875
SITE0052,12,1.0,0.0,6.0,0.0,Stable,42,0,0.0,114,106,0.9298245614035088,2.349056603773585,41.0,5.0,5.0,1.7804878048780488,0.1219512195121951,0.1219512195121951
SITE0053,1,1.0,1.0,0.0,8.666666666666666,Deteriorating,8,0,0.0,12,12,1.0,1.4166666666666667,1.0,0.0,0.0,0.0,0.0,0.0
SITE0053,2,0.0,0.0,1.0,10.5,Deteriorating,18,0,0.0,30,25,0.8333333333333334,2.48,3.0,1.0,1.0,2.333333333333333,0.3333333333333333,0.3333333333333333
SITE0053,3,4.0,1.0,6.0,6.5,Deteriorating,35,3,0.0857142857142857,59,49,0.8305084745762712,2.26530612244898,3.0,0.0,0.0,1.6666666666666667,0.0,0.0
SITE0053,4,0.0,0.0,0.0,12.5,Deteriorating,49,9,0.1836734693877551,81,73,0.9012345679012346,1.63013698630137,3.0,0.0,0.0,3.6666666666666665,0.0,0.0
SITE0053,5,4.0,2.0,3.0,11.0,Deteriorating,57,12,0.2105263157894736,93,82,0.8817204301075269,1.8780487804878048,7.0,1.0,1.0,2.0,0.1428571428571428,0.1428571428571428
SITE0053,6,1.0,1.0,7.0,19.0,Deteriorating,56,15,0.2678571428571428,88,75,0.8522727272727273,1.92,17.0,0.0,0.0,2.294117647058824,0.0,0.0
SITE0053,7,6.0,2.0,9.0,9.5,Deteriorating,57,15,0.2631578947368421,97,86,0.8865979381443299,2.1627906976744184,16.0,1.0,1.0,1.375,0.0625,0.0625
SITE0053,8,6.0,2.0,5.666666666666667,13.0,Deteriorating,53,11,0.2075471698113207,84,79,0.9404761904761904,1.7721518987341771,13.0,1.0,1.0,1.4615384615384617,0.0769230769230769,0.0769230769230769
SITE0053,9,6.0,1.0,7.25,14.5,Deteriorating,42,8,0.1904761904761904,60,55,0.9166666666666666,1.4,22.0,0.0,0.0,2.1818181818181817,0.0,0.0
SITE0053,10,5.0,4.0,2.0,19.0,Deteriorating,39,6,0.1538461538461538,61,58,0.9508196721311476,1.793103448275862,12.0,1.0,1.0,2.083333333333333,0.0833333333333333,0.0833333333333333
SITE0053,11,16.0,4.0,5.333333333333333,13.0,Deteriorating,35,4,0.1142857142857142,54,50,0.925925925925926,2.22,17.0,1.0,1.0,1.3529411764705883,0.0588235294117647,0.0588235294117647
SITE0053,12,1.0,4.0,10.5,13.333333333333334,Deteriorating,25,7,0.28,73,64,0.8767123287671232,2.484375,47.0,5.0,5.0,1.893617021276596,0.1063829787234042,0.1063829787234042
SITE0054,1,2.0,0.0,9.5,18.0,Stable,5,2,0.4,8,8,1.0,2.875,0.0,0.0,0.0,0.0,0.0,0.0
SITE0054,2,4.0,1.0,0.0,9.0,Stable,11,3,0.2727272727272727,17,14,0.8235294117647058,1.4285714285714286,1.0,0.0,0.0,2.0,0.0,0.0
SITE0054,3,2.0,1.0,0.0,0.0,Stable,20,4,0.2,32,31,0.96875,2.4838709677419355,1.0,0.0,0.0,0.0,0.0,0.0
SITE0054,4,3.0,3.0,7.0,0.0,Stable,27,3,0.1111111111111111,48,45,0.9375,2.1333333333333333,7.0,0.0,0.0,3.571428571428572,0.0,0.0
SITE0054,5,1.0,3.0,9.0,13.0,Stable,27,0,0.0,45,44,0.9777777777777776,1.8863636363636365,5.0,1.0,1.0,1.2,0.2,0.2
SITE0054,6,2.0,2.0,0.0,10.0,Stable,32,2,0.0625,50,48,0.96,1.875,7.0,0.0,0.0,0.5714285714285714,0.0,0.0
SITE0054,7,1.0,1.0,11.0,1.0,Stable,26,4,0.1538461538461538,45,39,0.8666666666666667,2.102564102564102,10.0,0.0,0.0,1.4,0.0,0.0
SITE0054,8,4.0,3.0,6.666666666666667,0.0,Stable,30,4,0.1333333333333333,51,50,0.9803921568627452,2.0,10.0,2.0,2.0,2.2,0.2,0.2
SITE0054,9,3.0,2.0,9.25,6.5,Stable,31,4,0.1290322580645161,49,45,0.9183673469387756,2.311111111111111,7.0,0.0,0.0,1.0,0.0,0.0
SITE0054,10,2.0,0.0,3.0,17.0,Stable,29,2,0.0689655172413793,48,45,0.9375,2.088888888888889,8.0,0.0,0.0,2.0,0.0,0.0
SITE0054,11,1.0,0.0,6.333333333333333,0.0,Stable,34,7,0.2058823529411764,60,55,0.9166666666666666,2.0727272727272728,10.0,0.0,0.0,2.1,0.0,0.0
SITE0054,12,3.0,0.0,3.0,0.0,Stable,24,13,0.5416666666666666,75,66,0.88,1.4696969696969695,40.0,2.0,2.0,1.775,0.05,0.05
SITE0055,1,12.0,6.0,6.222222222222222,7.166666666666667,High Risk,20,2,0.1,29,28,0.9655172413793104,2.0357142857142856,3.0,0.0,0.0,1.6666666666666667,0.0,0.0
SITE0055,2,1.0,9.0,9.0,6.75,High Risk,30,4,0.1333333333333333,44,43,0.9772727272727272,2.2790697674418605,3.0,0.0,0.0,1.6666666666666667,0.0,0.0
SITE0055,3,13.0,4.0,3.6,4.75,High Risk,47,7,0.1489361702127659,82,76,0.926829268292683,1.894736842105263,6.0,0.0,0.0,1.3333333333333333,0.0,0.0
SITE0055,4,6.0,6.0,7.857142857142857,10.666666666666666,High Risk,58,10,0.1724137931034483,89,83,0.9325842696629212,2.036144578313253,11.0,0.0,0.0,1.4545454545454546,0.0,0.0
SITE0055,5,11.0,6.0,11.125,11.6875,High Risk,54,12,0.2222222222222222,90,85,0.9444444444444444,2.1058823529411765,7.0,0.0,0.0,2.2857142857142856,0.0,0.0
SITE0055,6,9.0,4.0,5.4,5.0,High Risk,51,11,0.2156862745098039,84,81,0.9642857142857144,2.2962962962962963,15.0,0.0,0.0,2.1333333333333333,0.0,0.0
SITE0055,7,11.0,6.0,11.333333333333334,14.666666666666666,High Risk,56,8,0.1428571428571428,86,78,0.9069767441860463,2.58974358974359,15.0,1.0,1.0,1.0,0.0666666666666666,0.0666666666666666
SITE0055,8,4.0,7.0,6.444444444444445,12.571428571428571,High Risk,47,3,0.0638297872340425,79,74,0.9367088607594936,1.864864864864865,18.0,0.0,0.0,1.7777777777777777,0.0,0.0
SITE0055,9,6.0,1.0,8.0,6.25,High Risk,47,4,0.0851063829787234,72,69,0.9583333333333334,1.7536231884057971,23.0,0.0,0.0,1.3478260869565215,0.0,0.0
SITE0055,10,4.0,3.0,11.5,6.25,High Risk,46,9,0.1956521739130435,67,63,0.9402985074626866,2.2063492063492065,12.0,0.0,0.0,2.75,0.0,0.0
SITE0055,11,10.0,6.0,7.5,9.25,High Risk,38,10,0.2631578947368421,67,61,0.9104477611940298,1.9180327868852456,17.0,0.0,0.0,1.4705882352941178,0.0,0.0
SITE0055,12,12.0,6.0,6.75,8.2,High Risk,31,16,0.5161290322580645,81,71,0.8765432098765432,2.4507042253521125,49.0,0.0,0.0,1.2857142857142858,0.0,0.0
SITE0056,1,1.0,4.0,11.0,0.0,Stable,15,0,0.0,22,21,0.9545454545454546,1.9047619047619049,1.0,0.0,0.0,2.0,0.0,0.0
SITE0056,2,3.0,2.0,5.0,0.0,Stable,25,2,0.08,41,33,0.8048780487804879,2.4545454545454546,3.0,0.0,0.0,3.0,0.0,0.0
SITE0056,3,0.0,3.0,7.0,12.0,Stable,29,2,0.0689655172413793,49,44,0.8979591836734694,2.5454545454545454,8.0,1.0,1.0,2.5,0.125,0.125
SITE0056,4,2.0,1.0,0.0,0.0,Stable,36,3,0.0833333333333333,57,55,0.9649122807017544,2.363636363636364,4.0,0.0,0.0,2.25,0.0,0.0
SITE0056,5,0.0,3.0,4.0,14.0,Stable,35,2,0.0571428571428571,57,52,0.912280701754386,1.8846153846153848,12.0,0.0,0.0,1.9166666666666667,0.0,0.0
SITE0056,6,2.0,0.0,0.0,0.0,Stable,37,2,0.054054054054054,60,56,0.9333333333333332,1.625,9.0,0.0,0.0,1.7777777777777777,0.0,0.0
SITE0056,7,2.0,1.0,0.0,0.0,Stable,48,7,0.1458333333333333,76,71,0.9342105263157896,2.352112676056338,15.0,2.0,2.0,1.4,0.1333333333333333,0.1333333333333333
SITE0056,8,2.0,0.0,6.5,0.0,Stable,53,5,0.0943396226415094,79,75,0.9493670886075948,2.2,16.0,2.0,2.0,1.4375,0.125,0.125
SITE0056,9,2.0,0.0,6.5,9.5,Stable,50,6,0.12,85,79,0.9294117647058824,2.0632911392405062,19.0,2.0,2.0,1.263157894736842,0.1052631578947368,0.1052631578947368
SITE0056,10,2.0,3.0,0.0,16.0,Stable,55,1,0.0181818181818181,86,77,0.8953488372093024,2.012987012987013,12.0,0.0,0.0,1.5,0.0,0.0
SITE0056,11,1.0,0.0,12.0,6.0,Stable,53,2,0.0377358490566037,85,76,0.8941176470588236,2.381578947368421,19.0,2.0,2.0,1.263157894736842,0.1052631578947368,0.1052631578947368
SITE0056,12,2.0,1.0,0.0,11.0,Stable,40,4,0.1,119,112,0.9411764705882352,2.1875,60.0,1.0,1.0,1.9166666666666667,0.0166666666666666,0.0166666666666666
SITE0057,1,5.0,5.0,6.75,9.2,High Risk,15,2,0.1333333333333333,19,18,0.9473684210526316,2.6666666666666665,0.0,0.0,0.0,0.0,0.0,0.0
SITE0057,2,5.0,0.0,9.428571428571429,12.0,High Risk,24,5,0.2083333333333333,39,38,0.9743589743589745,1.8421052631578947,3.0,0.0,0.0,3.0,0.0,0.0
SITE0057,3,10.0,5.0,2.75,14.4,High Risk,39,9,0.2307692307692307,64,59,0.921875,1.4745762711864407,2.0,0.0,0.0,2.0,0.0,0.0
SITE0057,4,6.0,4.0,7.444444444444445,7.625,High Risk,42,6,0.1428571428571428,63,59,0.9365079365079364,1.6610169491525424,8.0,0.0,0.0,1.625,0.0,0.0
SITE0057,5,7.0,4.0,8.714285714285714,11.8,High Risk,45,7,0.1555555555555555,72,68,0.9444444444444444,1.6029411764705883,4.0,0.0,0.0,2.75,0.0,0.0
SITE0057,6,9.0,6.0,6.8,15.0,High Risk,45,8,0.1777777777777777,70,63,0.9,2.3174603174603177,15.0,2.0,2.0,2.2666666666666666,0.1333333333333333,0.1333333333333333
SITE0057,7,8.0,3.0,4.5,1.0,High Risk,37,7,0.1891891891891892,61,52,0.8524590163934426,2.326923076923077,9.0,0.0,0.0,1.5555555555555556,0.0,0.0
SITE0057,8,7.0,8.0,10.714285714285714,16.0,High Risk,37,7,0.1891891891891892,53,50,0.9433962264150944,2.38,17.0,1.0,1.0,1.2352941176470589,0.0588235294117647,0.0588235294117647
SITE0057,9,8.0,1.0,8.454545454545455,12.25,High Risk,31,4,0.1290322580645161,48,43,0.8958333333333334,2.2790697674418605,14.0,0.0,0.0,1.3571428571428572,0.0,0.0
SITE0057,10,6.0,3.0,8.333333333333334,10.333333333333334,High Risk,38,8,0.2105263157894736,63,60,0.9523809523809524,1.9833333333333332,17.0,0.0,0.0,1.4705882352941178,0.0,0.0
SITE0057,11,6.0,4.0,6.5,11.9,High Risk,38,9,0.2368421052631578,66,56,0.8484848484848485,2.625,12.0,1.0,1.0,1.5,0.0833333333333333,0.0833333333333333
SITE0057,12,5.0,3.0,4.333333333333333,7.857142857142857,High Risk,29,12,0.4137931034482758,78,73,0.935897435897436,1.9589041095890407,37.0,2.0,2.0,2.081081081081081,0.054054054054054,0.054054054054054
SITE0058,1,1.0,2.0,2.0,0.0,Deteriorating,18,0,0.0,23,22,0.9565217391304348,1.7272727272727273,2.0,0.0,0.0,1.0,0.0,0.0
SITE0058,2,1.0,2.0,10.0,0.0,Deteriorating,29,2,0.0689655172413793,48,45,0.9375,2.6444444444444444,2.0,0.0,0.0,2.5,0.0,0.0
SITE0058,3,2.0,3.0,0.0,10.0,Deteriorating,45,1,0.0222222222222222,78,68,0.8717948717948718,1.8823529411764703,5.0,0.0,0.0,1.0,0.0,0.0
SITE0058,4,2.0,4.0,9.0,10.0,Deteriorating,59,5,0.0847457627118644,91,81,0.8901098901098901,2.3580246913580245,9.0,0.0,0.0,2.111111111111111,0.0,0.0
SITE0058,5,2.0,2.0,6.333333333333333,14.5,Deteriorating,51,5,0.0980392156862745,81,76,0.9382716049382716,2.526315789473684,12.0,2.0,2.0,1.5833333333333333,0.1666666666666666,0.1666666666666666
SITE0058,6,6.0,4.0,2.0,5.0,Deteriorating,48,5,0.1041666666666666,74,70,0.945945945945946,2.4,11.0,0.0,0.0,2.090909090909091,0.0,0.0
SITE0058,7,4.0,3.0,9.25,8.2,Deteriorating,36,4,0.1111111111111111,57,49,0.8596491228070176,1.9795918367346936,14.0,1.0,1.0,2.2142857142857144,0.0714285714285714,0.0714285714285714
SITE0058,8,5.0,3.0,10.0,11.75,Deteriorating,40,2,0.05,61,54,0.8852459016393442,2.314814814814815,10.0,1.0,1.0,2.0,0.1,0.1
SITE0058,9,5.0,1.0,4.666666666666667,4.0,Deteriorating,45,4,0.0888888888888888,71,68,0.9577464788732394,2.485294117647059,16.0,5.0,5.0,1.8125,0.3125,0.3125
SITE0058,10,7.0,1.0,8.0,13.5,Deteriorating,42,5,0.119047619047619,74,68,0.918918918918919,1.75,9.0,1.0,1.0,2.333333333333333,0.1111111111111111,0.1111111111111111
SITE0058,11,7.0,2.0,7.5,15.0,Deteriorating,47,10,0.2127659574468085,71,65,0.9154929577464788,2.1538461538461537,9.0,1.0,1.0,0.4444444444444444,0.1111111111111111,0.1111111111111111
SITE0058,12,6.0,7.0,7.5,9.0,Deteriorating,31,11,0.3548387096774194,99,94,0.9494949494949496,2.542553191489361,40.0,3.0,3.0,1.575,0.075,0.075
SITE0059,1,2.0,0.0,0.0,0.0,Deteriorating,8,0,0.0,11,9,0.8181818181818182,2.111111111111111,0.0,0.0,0.0,0.0,0.0,0.0
SITE0059,2,2.0,0.0,8.0,0.0,Deteriorating,19,3,0.1578947368421052,30,29,0.9666666666666668,1.6206896551724137,4.0,1.0,1.0,1.0,0.25,0.25
SITE0059,3,1.0,1.0,0.0,8.0,Deteriorating,34,5,0.1470588235294117,56,51,0.9107142857142856,1.7450980392156863,4.0,2.0,2.0,1.75,0.5,0.5
SITE0059,4,3.0,0.0,14.0,0.0,Deteriorating,44,10,0.2272727272727272,75,71,0.9466666666666668,1.7887323943661972,4.0,0.0,0.0,1.25,0.0,0.0
SITE0059,5,1.0,3.0,4.666666666666667,1.5,Deteriorating,45,10,0.2222222222222222,69,61,0.8840579710144928,1.9344262295081969,12.0,1.0,1.0,2.083333333333333,0.0833333333333333,0.0833333333333333
SITE0059,6,2.0,2.0,10.0,0.0,Deteriorating,49,11,0.2244897959183673,75,68,0.9066666666666666,2.0,6.0,2.0,2.0,1.8333333333333333,0.3333333333333333,0.3333333333333333
SITE0059,7,1.0,1.0,3.0,5.333333333333333,Deteriorating,41,10,0.2439024390243902,66,59,0.8939393939393939,1.7627118644067796,9.0,0.0,0.0,1.3333333333333333,0.0,0.0
SITE0059,8,3.0,4.0,5.666666666666667,9.4,Deteriorating,48,9,0.1875,75,68,0.9066666666666666,2.1323529411764706,13.0,1.0,1.0,1.4615384615384617,0.0769230769230769,0.0769230769230769
SITE0059,9,7.0,5.0,11.0,8.0,Deteriorating,44,8,0.1818181818181818,68,61,0.8970588235294118,2.360655737704918,19.0,2.0,2.0,1.0,0.1052631578947368,0.1052631578947368
SITE0059,10,4.0,4.0,10.0,8.8,Deteriorating,43,6,0.1395348837209302,70,63,0.9,2.5873015873015874,18.0,0.0,0.0,1.5555555555555556,0.0,0.0
SITE0059,11,7.0,1.0,9.0,10.0,Deteriorating,53,7,0.1320754716981132,86,82,0.9534883720930232,2.158536585365854,12.0,0.0,0.0,1.25,0.0,0.0
SITE0059,12,7.0,3.0,8.777777777777779,15.5,Deteriorating,38,5,0.131578947368421,123,115,0.934959349593496,2.1565217391304348,52.0,2.0,2.0,1.5,0.0384615384615384,0.0384615384615384
SITE0060,1,6.0,5.0,4.0,12.0,High Risk,12,3,0.25,14,12,0.8571428571428571,1.5,1.0,0.0,0.0,5.0,0.0,0.0
SITE0060,2,9.0,4.0,8.285714285714286,11.857142857142858,High Risk,25,8,0.32,41,39,0.951219512195122,2.358974358974359,1.0,0.0,0.0,1.0,0.0,0.0
SITE0060,3,6.0,3.0,6.625,10.444444444444445,High Risk,34,9,0.2647058823529412,57,56,0.9824561403508772,2.392857142857143,3.0,0.0,0.0,1.6666666666666667,0.0,0.0
SITE0060,4,4.0,3.0,8.0,6.0,High Risk,41,7,0.1707317073170731,67,61,0.9104477611940298,2.1639344262295084,7.0,0.0,0.0,2.2857142857142856,0.0,0.0
SITE0060,5,6.0,3.0,6.25,14.166666666666666,High Risk,37,3,0.081081081081081,61,52,0.8524590163934426,2.423076923076923,15.0,0.0,0.0,1.3333333333333333,0.0,0.0
SITE0060,6,8.0,4.0,9.0,8.0,High Risk,40,3,0.075,63,58,0.9206349206349206,1.896551724137931,12.0,1.0,1.0,2.1666666666666665,0.0833333333333333,0.0833333333333333
SITE0060,7,9.0,6.0,5.428571428571429,8.75,High Risk,47,4,0.0851063829787234,73,64,0.8767123287671232,2.21875,10.0,0.0,0.0,2.3,0.0,0.0
SITE0060,8,12.0,3.0,5.0,8.666666666666666,High Risk,53,6,0.1132075471698113,86,79,0.9186046511627908,2.113924050632912,11.0,0.0,0.0,1.0909090909090908,0.0,0.0
SITE0060,9,10.0,3.0,6.6,16.333333333333332,High Risk,60,8,0.1333333333333333,99,90,0.9090909090909092,2.6222222222222222,16.0,0.0,0.0,1.625,0.0,0.0
SITE0060,10,13.0,6.0,6.0,11.25,High Risk,62,8,0.1290322580645161,96,88,0.9166666666666666,1.875,10.0,1.0,1.0,2.2,0.1,0.1
SITE0060,11,9.0,4.0,8.5,15.5,High Risk,59,9,0.1525423728813559,97,89,0.9175257731958762,2.1123595505617976,16.0,2.0,2.0,1.4375,0.125,0.125
SITE0060,12,16.0,5.0,8.833333333333334,16.5,High Risk,40,10,0.25,110,100,0.9090909090909092,2.2,68.0,3.0,3.0,1.8823529411764703,0.0441176470588235,0.0441176470588235
SITE0061,1,3.0,3.0,6.75,11.5,Stable,8,0,0.0,10,9,0.9,1.8888888888888888,0.0,0.0,0.0,0.0,0.0,0.0
SITE0061,2,3.0,1.0,4.0,16.0,Stable,18,3,0.1666666666666666,32,27,0.84375,1.9259259259259256,1.0,0.0,0.0,0.0,0.0,0.0
SITE0061,3,4.0,0.0,0.0,6.666666666666667,Stable,29,2,0.0689655172413793,45,37,0.8222222222222222,1.945945945945946,3.0,1.0,1.0,2.0,0.3333333333333333,0.3333333333333333
SITE0061,4,1.0,2.0,0.0,2.0,Stable,37,4,0.1081081081081081,61,55,0.9016393442622952,2.2181818181818183,4.0,0.0,0.0,1.0,0.0,0.0
SITE0061,5,0.0,0.0,7.0,1.0,Stable,49,4,0.0816326530612244,79,71,0.8987341772151899,2.1549295774647885,8.0,0.0,0.0,0.875,0.0,0.0
SITE0061,6,3.0,0.0,0.0,2.0,Stable,47,2,0.0425531914893617,75,69,0.92,2.1449275362318843,9.0,0.0,0.0,1.4444444444444444,0.0,0.0
SITE0061,7,2.0,0.0,11.5,0.0,Stable,49,5,0.1020408163265306,82,74,0.902439024390244,2.054054054054054,8.0,0.0,0.0,1.625,0.0,0.0
SITE0061,8,3.0,0.0,5.0,13.0,Stable,51,8,0.1568627450980392,82,76,0.926829268292683,1.9342105263157892,13.0,2.0,2.0,1.5384615384615383,0.1538461538461538,0.1538461538461538
SITE0061,9,1.0,0.0,10.5,11.5,Stable,48,6,0.125,79,69,0.8734177215189873,1.6666666666666667,11.0,0.0,0.0,0.6363636363636364,0.0,0.0
SITE0061,10,2.0,1.0,10.666666666666666,16.0,Stable,51,9,0.1764705882352941,85,81,0.9529411764705882,2.0246913580246915,18.0,2.0,2.0,1.8888888888888888,0.1111111111111111,0.1111111111111111
SITE0061,11,0.0,1.0,11.0,8.5,Stable,46,7,0.1521739130434782,74,64,0.8648648648648649,1.953125,13.0,1.0,1.0,1.8461538461538465,0.0769230769230769,0.0769230769230769
SITE0061,12,3.0,1.0,11.0,7.0,Stable,31,10,0.3225806451612903,94,90,0.9574468085106383,2.022222222222222,44.0,2.0,2.0,1.681818181818182,0.0454545454545454,0.0454545454545454
SITE0062,1,3.0,3.0,7.0,8.5,Anomalous,18,1,0.0555555555555555,25,22,0.88,2.136363636363636,0.0,0.0,0.0,0.0,0.0,0.0
SITE0062,2,5.0,3.0,10.0,7.0,Anomalous,40,4,0.1,60,55,0.9166666666666666,1.818181818181818,6.0,0.0,0.0,2.1666666666666665,0.0,0.0
SITE0062,3,6.0,3.0,1.0,17.0,Anomalous,49,9,0.1836734693877551,86,79,0.9186046511627908,1.7721518987341771,8.0,0.0,0.0,1.75,0.0,0.0
SITE0062,4,16.0,7.0,8.166666666666666,12.333333333333334,Anomalous,58,8,0.1379310344827586,91,87,0.956043956043956,2.32183908045977,10.0,0.0,0.0,1.5,0.0,0.0
SITE0062,5,4.0,5.0,6.5,0.0,Anomalous,56,8,0.1428571428571428,82,75,0.9146341463414634,2.053333333333333,10.0,0.0,0.0,1.9,0.0,0.0
SITE0062,6,4.0,0.0,9.25,11.25,Anomalous,48,6,0.125,74,69,0.9324324324324323,2.2028985507246377,12.0,2.0,2.0,1.5,0.1666666666666666,0.1666666666666666
SITE0062,7,6.0,4.0,8.142857142857142,11.0,Anomalous,52,7,0.1346153846153846,79,74,0.9367088607594936,2.3378378378378377,14.0,1.0,1.0,1.9285714285714288,0.0714285714285714,0.0714285714285714
SITE0062,8,6.0,2.0,4.5,12.0,Anomalous,54,5,0.0925925925925925,90,77,0.8555555555555555,2.324675324675325,21.0,1.0,1.0,1.5714285714285714,0.0476190476190476,0.0476190476190476
SITE0062,9,6.0,2.0,3.333333333333333,11.5,Anomalous,46,4,0.0869565217391304,75,70,0.9333333333333332,1.6285714285714286,23.0,0.0,0.0,1.9565217391304348,0.0,0.0
SITE0062,10,6.0,2.0,10.0,5.0,Anomalous,45,2,0.0444444444444444,76,67,0.881578947368421,2.3582089552238807,10.0,0.0,0.0,3.1,0.0,0.0
SITE0062,11,2.0,10.0,5.428571428571429,0.0,Anomalous,42,2,0.0476190476190476,66,60,0.9090909090909092,2.4833333333333334,14.0,0.0,0.0,1.7142857142857142,0.0,0.0
SITE0062,12,6.0,3.0,7.0,12.571428571428571,Anomalous,30,4,0.1333333333333333,96,88,0.9166666666666666,2.113636363636364,57.0,2.0,2.0,1.824561403508772,0.0350877192982456,0.0350877192982456
SITE0063,1,0.0,1.0,14.0,12.0,Stable,12,2,0.1666666666666666,19,17,0.8947368421052632,2.117647058823529,0.0,0.0,0.0,0.0,0.0,0.0
SITE0063,2,1.0,1.0,5.0,17.0,Stable,24,1,0.0416666666666666,38,36,0.9473684210526316,2.0,3.0,1.0,1.0,2.6666666666666665,0.3333333333333333,0.3333333333333333
SITE0063,3,1.0,1.0,0.0,7.0,Stable,33,4,0.1212121212121212,54,51,0.9444444444444444,1.9803921568627447,6.0,0.0,0.0,0.1666666666666666,0.0,0.0
SITE0063,4,2.0,1.0,7.666666666666667,10.0,Stable,43,4,0.0930232558139534,67,62,0.9253731343283582,2.096774193548387,4.0,1.0,1.0,0.75,0.25,0.25
SITE0063,5,3.0,0.0,10.5,15.333333333333334,Stable,40,6,0.15,60,52,0.8666666666666667,2.1153846153846154,8.0,1.0,1.0,1.5,0.125,0.125
SITE0063,6,1.0,1.0,8.0,0.0,Stable,45,9,0.2,74,67,0.9054054054054054,2.388059701492537,14.0,0.0,0.0,1.4285714285714286,0.0,0.0
SITE0063,7,2.0,0.0,10.0,12.0,Stable,50,11,0.22,74,69,0.9324324324324323,1.463768115942029,22.0,2.0,2.0,1.4090909090909092,0.0909090909090909,0.0909090909090909
SITE0063,8,0.0,0.0,0.0,7.666666666666667,Stable,49,12,0.2448979591836734,84,79,0.9404761904761904,1.9240506329113924,19.0,0.0,0.0,1.4210526315789471,0.0,0.0
SITE0063,9,2.0,1.0,5.5,19.0,Stable,50,19,0.38,80,74,0.925,2.0405405405405403,15.0,2.0,2.0,1.3333333333333333,0.1333333333333333,0.1333333333333333
SITE0063,10,2.0,1.0,8.0,4.5,Stable,45,17,0.3777777777777777,75,70,0.9333333333333332,1.957142857142857,22.0,1.0,1.0,1.9545454545454544,0.0454545454545454,0.0454545454545454
SITE0063,11,0.0,4.0,0.0,19.0,Stable,43,13,0.3023255813953488,68,64,0.9411764705882352,2.1875,19.0,1.0,1.0,2.3157894736842106,0.0526315789473684,0.0526315789473684
SITE0063,12,2.0,4.0,6.0,7.0,Stable,31,10,0.3225806451612903,99,93,0.9393939393939394,1.8387096774193548,49.0,2.0,2.0,1.6938775510204085,0.0408163265306122,0.0408163265306122
SITE0064,1,1.0,0.0,0.0,10.0,Stable,7,2,0.2857142857142857,10,10,1.0,2.5,1.0,0.0,0.0,0.0,0.0,0.0
SITE0064,2,2.0,1.0,9.0,0.0,Stable,21,5,0.238095238095238,34,32,0.9411764705882352,1.875,0.0,0.0,0.0,0.0,0.0,0.0
SITE0064,3,1.0,2.0,2.0,4.5,Stable,31,6,0.1935483870967742,51,48,0.9411764705882352,1.4583333333333333,3.0,0.0,0.0,1.0,0.0,0.0
SITE0064,4,1.0,2.0,8.0,0.0,Stable,40,9,0.225,71,67,0.943661971830986,1.9104477611940296,5.0,0.0,0.0,1.6,0.0,0.0
SITE0064,5,2.0,1.0,8.0,0.0,Stable,36,7,0.1944444444444444,55,52,0.9454545454545454,2.0961538461538463,5.0,0.0,0.0,0.6,0.0,0.0
SITE0064,6,3.0,1.0,13.0,19.0,Stable,37,5,0.1351351351351351,51,48,0.9411764705882352,1.5,9.0,1.0,1.0,2.333333333333333,0.1111111111111111,0.1111111111111111
SITE0064,7,1.0,2.0,6.0,13.0,Stable,37,8,0.2162162162162162,63,55,0.873015873015873,2.581818181818182,16.0,0.0,0.0,1.25,0.0,0.0
SITE0064,8,1.0,4.0,8.0,15.0,Stable,47,11,0.2340425531914893,83,75,0.9036144578313252,1.5066666666666666,24.0,0.0,0.0,1.7916666666666667,0.0,0.0
SITE0064,9,1.0,2.0,12.0,0.0,Stable,48,13,0.2708333333333333,80,77,0.9625,2.4805194805194803,12.0,1.0,1.0,1.5,0.0833333333333333,0.0833333333333333
SITE0064,10,0.0,0.0,0.0,0.0,,47,9,0.1914893617021276,67,64,0.9552238805970148,2.5,14.0,3.0,3.0,1.7142857142857142,0.2142857142857142,0.2142857142857142
SITE0064,11,3.0,0.0,11.0,11.0,Stable,51,10,0.196078431372549,80,74,0.925,2.391891891891892,11.0,2.0,2.0,1.2727272727272727,0.1818181818181818,0.1818181818181818
SITE0064,12,0.0,0.0,0.0,5.0,Stable,33,11,0.3333333333333333,117,108,0.9230769230769232,2.111111111111111,59.0,3.0,3.0,2.0,0.0508474576271186,0.0508474576271186
SITE0065,1,2.0,0.0,7.0,4.5,Stable,15,1,0.0666666666666666,19,17,0.8947368421052632,1.4705882352941178,1.0,0.0,0.0,0.0,0.0,0.0
SITE0065,2,2.0,3.0,14.0,0.0,Stable,28,4,0.1428571428571428,41,39,0.951219512195122,2.333333333333333,2.0,0.0,0.0,1.0,0.0,0.0
SITE0065,3,2.0,0.0,5.0,12.666666666666666,Stable,35,6,0.1714285714285714,57,49,0.8596491228070176,1.530612244897959,5.0,1.0,1.0,1.2,0.2,0.2
SITE0065,4,1.0,0.0,0.0,6.0,Stable,49,14,0.2857142857142857,86,81,0.9418604651162792,1.7037037037037035,9.0,0.0,0.0,2.7777777777777777,0.0,0.0
SITE0065,5,4.0,0.0,7.5,12.0,Stable,40,13,0.325,64,60,0.9375,2.1333333333333333,10.0,0.0,0.0,1.9,0.0,0.0
SITE0065,6,2.0,1.0,9.5,10.0,Stable,39,13,0.3333333333333333,62,58,0.935483870967742,2.4482758620689653,9.0,2.0,2.0,1.2222222222222223,0.2222222222222222,0.2222222222222222
SITE0065,7,1.0,3.0,0.0,12.5,Stable,38,17,0.4473684210526316,59,52,0.8813559322033898,2.1153846153846154,14.0,0.0,0.0,1.2142857142857142,0.0,0.0
SITE0065,8,3.0,1.0,0.0,9.5,Stable,35,14,0.4,56,50,0.8928571428571429,1.92,18.0,0.0,0.0,1.8333333333333333,0.0,0.0
SITE0065,9,1.0,0.0,10.5,0.0,Stable,37,10,0.2702702702702703,56,52,0.9285714285714286,2.1538461538461537,12.0,1.0,1.0,2.083333333333333,0.0833333333333333,0.0833333333333333
SITE0065,10,3.0,0.0,9.333333333333334,3.0,Stable,36,8,0.2222222222222222,60,54,0.9,1.9074074074074077,9.0,0.0,0.0,2.0,0.0,0.0
SITE0065,11,2.0,1.0,9.666666666666666,13.0,Stable,34,6,0.1764705882352941,55,54,0.9818181818181818,1.851851851851852,10.0,0.0,0.0,1.5,0.0,0.0
SITE0065,12,1.0,2.0,6.0,11.0,Stable,29,8,0.2758620689655172,81,74,0.9135802469135802,2.608108108108108,49.0,2.0,2.0,1.653061224489796,0.0408163265306122,0.0408163265306122
SITE0066,1,5.0,1.0,0.0,18.0,Stable,12,3,0.25,16,14,0.875,2.357142857142857,2.0,0.0,0.0,3.5,0.0,0.0
SITE0066,2,2.0,2.0,6.0,18.0,Stable,27,5,0.1851851851851851,44,40,0.9090909090909092,1.7,4.0,0.0,0.0,1.75,0.0,0.0
SITE0066,3,0.0,0.0,12.666666666666666,0.0,Stable,35,5,0.1428571428571428,57,51,0.8947368421052632,2.372549019607843,6.0,0.0,0.0,2.5,0.0,0.0
SITE0066,4,5.0,1.0,5.333333333333333,8.0,Stable,50,5,0.1,80,73,0.9125,2.1232876712328768,6.0,1.0,1.0,1.0,0.1666666666666666,0.1666666666666666
SITE0066,5,2.0,1.0,7.666666666666667,0.0,Stable,52,6,0.1153846153846153,84,82,0.9761904761904762,1.5365853658536586,11.0,0.0,0.0,1.6363636363636365,0.0,0.0
SITE0066,6,2.0,1.0,8.5,13.5,Stable,52,9,0.173076923076923,85,81,0.9529411764705882,1.9876543209876545,7.0,1.0,1.0,2.4285714285714284,0.1428571428571428,0.1428571428571428
SITE0066,7,1.0,2.0,0.0,9.5,Stable,55,8,0.1454545454545454,88,81,0.9204545454545454,2.135802469135802,10.0,0.0,0.0,1.8,0.0,0.0
SITE0066,8,2.0,1.0,8.0,0.0,Stable,40,7,0.175,64,60,0.9375,1.8333333333333333,21.0,2.0,2.0,1.6666666666666667,0.0952380952380952,0.0952380952380952
SITE0066,9,2.0,1.0,10.333333333333334,4.0,Stable,46,5,0.108695652173913,63,59,0.9365079365079364,2.1864406779661016,9.0,1.0,1.0,3.0,0.1111111111111111,0.1111111111111111
SITE0066,10,3.0,0.0,4.0,15.0,Stable,54,6,0.1111111111111111,86,77,0.8953488372093024,2.3766233766233764,13.0,3.0,3.0,1.5384615384615383,0.2307692307692307,0.2307692307692307
SITE0066,11,1.0,0.0,7.0,0.0,Stable,48,3,0.0625,85,81,0.9529411764705882,1.962962962962963,13.0,0.0,0.0,1.7692307692307692,0.0,0.0
SITE0066,12,0.0,1.0,10.0,12.0,Stable,41,4,0.0975609756097561,100,97,0.97,2.31958762886598,45.0,3.0,3.0,1.8888888888888888,0.0666666666666666,0.0666666666666666
SITE0067,1,3.0,2.0,0.0,0.0,Stable,13,2,0.1538461538461538,22,22,1.0,1.3636363636363635,3.0,1.0,1.0,4.666666666666667,0.3333333333333333,0.3333333333333333
SITE0067,2,2.0,0.0,12.0,15.0,Stable,27,2,0.074074074074074,41,38,0.926829268292683,2.026315789473684,2.0,0.0,0.0,4.5,0.0,0.0
SITE0067,3,1.0,0.0,0.0,19.0,Stable,47,5,0.1063829787234042,77,75,0.974025974025974,1.72,4.0,0.0,0.0,2.0,0.0,0.0
SITE0067,4,1.0,1.0,10.0,12.0,Stable,53,7,0.1320754716981132,88,81,0.9204545454545454,2.0246913580246915,6.0,1.0,1.0,2.0,0.1666666666666666,0.1666666666666666
SITE0067,5,3.0,0.0,9.0,16.5,Stable,54,5,0.0925925925925925,90,80,0.8888888888888888,1.925,8.0,0.0,0.0,1.125,0.0,0.0
SITE0067,6,3.0,1.0,0.0,15.0,Stable,45,6,0.1333333333333333,70,61,0.8714285714285714,2.262295081967213,8.0,1.0,1.0,2.125,0.125,0.125
SITE0067,7,1.0,0.0,3.0,0.0,Stable,43,7,0.1627906976744186,64,62,0.96875,2.306451612903226,11.0,0.0,0.0,1.7272727272727273,0.0,0.0
SITE0067,8,4.0,2.0,8.0,9.0,Stable,47,7,0.1489361702127659,78,73,0.935897435897436,1.7808219178082192,19.0,0.0,0.0,2.1578947368421053,0.0,0.0
SITE0067,9,2.0,1.0,3.0,16.0,Stable,54,9,0.1666666666666666,87,79,0.9080459770114944,2.075949367088608,18.0,2.0,2.0,1.3333333333333333,0.1111111111111111,0.1111111111111111
SITE0067,10,0.0,3.0,9.5,0.0,Stable,56,9,0.1607142857142857,88,79,0.8977272727272727,1.9113924050632911,15.0,1.0,1.0,1.4,0.0666666666666666,0.0666666666666666
SITE0067,11,2.0,1.0,12.0,6.0,Stable,44,10,0.2272727272727272,71,67,0.943661971830986,1.582089552238806,18.0,0.0,0.0,1.8333333333333333,0.0,0.0
SITE0067,12,2.0,0.0,5.333333333333333,0.0,Stable,26,15,0.5769230769230769,76,73,0.9605263157894736,2.1095890410958904,49.0,4.0,4.0,1.3061224489795915,0.0816326530612244,0.0816326530612244
SITE0068,1,3.0,6.0,8.11111111111111,9.333333333333334,High Risk,9,0,0.0,12,12,1.0,2.1666666666666665,2.0,0.0,0.0,1.5,0.0,0.0
SITE0068,2,6.0,4.0,9.0,17.666666666666668,High Risk,23,0,0.0,36,34,0.9444444444444444,2.323529411764706,3.0,0.0,0.0,0.3333333333333333,0.0,0.0
SITE0068,3,4.0,4.0,5.666666666666667,12.5,High Risk,36,2,0.0555555555555555,59,57,0.9661016949152542,2.473684210526316,5.0,0.0,0.0,3.6,0.0,0.0
SITE0068,4,6.0,4.0,10.75,11.6,High Risk,47,2,0.0425531914893617,74,68,0.918918918918919,1.7941176470588236,10.0,0.0,0.0,1.3,0.0,0.0
SITE0068,5,14.0,6.0,8.0,13.0,High Risk,44,5,0.1136363636363636,76,71,0.9342105263157896,1.9577464788732395,6.0,0.0,0.0,1.6666666666666667,0.0,0.0
SITE0068,6,16.0,4.0,10.666666666666666,12.333333333333334,High Risk,41,3,0.073170731707317,63,60,0.9523809523809524,2.1166666666666667,12.0,0.0,0.0,1.5,0.0,0.0
SITE0068,7,10.0,4.0,9.6,12.8,High Risk,41,4,0.0975609756097561,65,64,0.9846153846153848,2.421875,11.0,1.0,1.0,1.181818181818182,0.0909090909090909,0.0909090909090909
SITE0068,8,20.0,5.0,6.285714285714286,14.0,High Risk,44,5,0.1136363636363636,70,66,0.9428571428571428,2.3484848484848486,11.0,1.0,1.0,1.5454545454545454,0.0909090909090909,0.0909090909090909
SITE0068,9,10.0,3.0,7.8,14.833333333333334,High Risk,46,6,0.1304347826086956,75,71,0.9466666666666668,2.309859154929577,12.0,0.0,0.0,2.083333333333333,0.0,0.0
SITE0068,10,4.0,2.0,8.5,12.285714285714286,High Risk,45,8,0.1777777777777777,72,68,0.9444444444444444,2.235294117647059,14.0,0.0,0.0,1.8571428571428568,0.0,0.0
SITE0068,11,9.0,5.0,6.5,16.0,High Risk,42,7,0.1666666666666666,66,59,0.8939393939393939,1.728813559322034,17.0,0.0,0.0,1.588235294117647,0.0,0.0
SITE0068,12,10.0,4.0,7.6,9.8,High Risk,29,6,0.2068965517241379,82,75,0.9146341463414634,2.08,42.0,5.0,5.0,1.0952380952380951,0.119047619047619,0.119047619047619
SITE0069,1,6.0,2.0,11.5,6.25,High Risk,15,0,0.0,20,18,0.9,2.4444444444444446,1.0,0.0,0.0,2.0,0.0,0.0
SITE0069,2,13.0,6.0,7.2,0.0,High Risk,27,1,0.037037037037037,43,41,0.9534883720930232,1.902439024390244,3.0,1.0,1.0,2.6666666666666665,0.3333333333333333,0.3333333333333333
SITE0069,3,8.0,5.0,6.0,7.75,High Risk,36,1,0.0277777777777777,61,60,0.9836065573770492,1.8,9.0,0.0,0.0,0.6666666666666666,0.0,0.0
SITE0069,4,9.0,4.0,8.0,10.333333333333334,High Risk,49,4,0.0816326530612244,74,67,0.9054054054054054,2.2238805970149254,6.0,1.0,1.0,2.1666666666666665,0.1666666666666666,0.1666666666666666
SITE0069,5,5.0,3.0,9.5,4.0,High Risk,45,9,0.2,78,72,0.9230769230769232,2.138888888888889,9.0,0.0,0.0,1.5555555555555556,0.0,0.0
SITE0069,6,7.0,9.0,6.2,11.0,High Risk,44,7,0.1590909090909091,74,64,0.8648648648648649,2.203125,16.0,0.0,0.0,1.75,0.0,0.0
SITE0069,7,4.0,3.0,5.428571428571429,10.625,High Risk,46,9,0.1956521739130435,75,67,0.8933333333333333,2.1791044776119404,13.0,1.0,1.0,1.1538461538461535,0.0769230769230769,0.0769230769230769
SITE0069,8,7.0,1.0,8.833333333333334,10.7,High Risk,42,6,0.1428571428571428,66,62,0.9393939393939394,1.2741935483870968,13.0,0.0,0.0,2.1538461538461537,0.0,0.0
SITE0069,9,2.0,5.0,9.142857142857142,5.0,High Risk,43,9,0.2093023255813953,69,66,0.9565217391304348,1.7878787878787878,12.0,2.0,2.0,1.9166666666666667,0.1666666666666666,0.1666666666666666
SITE0069,10,9.0,3.0,11.333333333333334,15.5,High Risk,37,11,0.2972972972972973,58,56,0.9655172413793104,2.446428571428572,11.0,0.0,0.0,1.6363636363636365,0.0,0.0
SITE0069,11,7.0,5.0,9.0,20.0,High Risk,36,9,0.25,58,51,0.8793103448275862,1.7843137254901962,13.0,0.0,0.0,2.3076923076923075,0.0,0.0
SITE0069,12,5.0,3.0,6.4,11.8,High Risk,23,6,0.2608695652173913,62,59,0.9516129032258064,2.4745762711864407,43.0,0.0,0.0,1.5813953488372092,0.0,0.0
SITE0070,1,5.0,3.0,7.5,12.142857142857142,Anomalous,12,2,0.1666666666666666,17,15,0.8823529411764706,2.8666666666666667,2.0,0.0,0.0,1.0,0.0,0.0
SITE0070,2,3.0,6.0,6.666666666666667,15.0,Anomalous,23,4,0.1739130434782608,37,34,0.918918918918919,1.9705882352941175,4.0,0.0,0.0,1.5,0.0,0.0
SITE0070,3,4.0,2.0,9.5,0.0,Anomalous,29,5,0.1724137931034483,49,42,0.8571428571428571,2.142857142857143,5.0,0.0,0.0,3.0,0.0,0.0
SITE0070,4,18.0,9.0,8.666666666666666,13.142857142857142,Anomalous,39,6,0.1538461538461538,59,53,0.8983050847457628,1.7358490566037736,6.0,0.0,0.0,1.3333333333333333,0.0,0.0
SITE0070,5,4.0,1.0,9.5,12.0,Anomalous,29,4,0.1379310344827586,53,49,0.9245283018867924,2.204081632653061,6.0,0.0,0.0,1.8333333333333333,0.0,0.0
SITE0070,6,5.0,3.0,3.0,16.0,Anomalous,25,2,0.08,42,42,1.0,2.333333333333333,4.0,0.0,0.0,1.75,0.0,0.0
SITE0070,7,4.0,5.0,7.0,17.0,Anomalous,33,3,0.0909090909090909,47,41,0.8723404255319149,2.048780487804878,15.0,1.0,1.0,1.2666666666666666,0.0666666666666666,0.0666666666666666
SITE0070,8,5.0,3.0,7.0,2.5,Anomalous,33,4,0.1212121212121212,56,52,0.9285714285714286,1.6346153846153846,13.0,1.0,1.0,2.0,0.0769230769230769,0.0769230769230769
SITE0070,9,3.0,2.0,9.6,19.0,Anomalous,33,4,0.1212121212121212,56,52,0.9285714285714286,1.7692307692307692,12.0,0.0,0.0,1.0833333333333333,0.0,0.0
SITE0070,10,5.0,1.0,6.0,12.0,Anomalous,35,5,0.1428571428571428,53,49,0.9245283018867924,2.2857142857142856,13.0,2.0,2.0,1.1538461538461535,0.1538461538461538,0.1538461538461538
SITE0070,11,7.0,4.0,10.0,8.0,Anomalous,27,6,0.2222222222222222,44,41,0.9318181818181818,1.853658536585366,10.0,0.0,0.0,2.1,0.0,0.0
SITE0070,12,5.0,2.0,13.0,3.5,Anomalous,21,9,0.4285714285714285,63,53,0.8412698412698413,1.660377358490566,29.0,2.0,2.0,1.5517241379310345,0.0689655172413793,0.0689655172413793
SITE0071,1,3.0,1.0,13.0,14.0,Stable,10,0,0.0,16,15,0.9375,1.4,3.0,0.0,0.0,1.0,0.0,0.0
SITE0071,2,2.0,0.0,0.0,11.0,Stable,21,2,0.0952380952380952,35,31,0.8857142857142857,2.032258064516129,3.0,0.0,0.0,2.6666666666666665,0.0,0.0
SITE0071,3,2.0,2.0,8.0,8.0,Stable,29,3,0.1034482758620689,47,43,0.9148936170212766,2.2790697674418605,6.0,0.0,0.0,1.6666666666666667,0.0,0.0
SITE0071,4,3.0,1.0,5.5,9.0,Stable,36,9,0.25,58,53,0.913793103448276,1.7358490566037736,7.0,0.0,0.0,1.1428571428571428,0.0,0.0
SITE0071,5,0.0,0.0,11.0,17.0,Stable,38,10,0.2631578947368421,58,55,0.9482758620689656,2.036363636363636,8.0,0.0,0.0,1.875,0.0,0.0
SITE0071,6,1.0,0.0,0.0,16.0,Stable,46,10,0.217391304347826,70,67,0.9571428571428572,2.0597014925373136,8.0,0.0,0.0,1.25,0.0,0.0
SITE0071,7,3.0,1.0,0.0,19.0,Stable,46,10,0.217391304347826,81,73,0.9012345679012346,2.0136986301369864,10.0,1.0,1.0,2.0,0.1,0.1
SITE0071,8,5.0,0.0,10.0,10.0,Stable,44,4,0.0909090909090909,63,59,0.9365079365079364,2.3389830508474576,15.0,0.0,0.0,1.3333333333333333,0.0,0.0
SITE0071,9,0.0,1.0,7.0,0.0,Stable,41,8,0.1951219512195122,64,58,0.90625,2.4827586206896552,13.0,3.0,3.0,1.0769230769230769,0.2307692307692307,0.2307692307692307
SITE0071,10,0.0,2.0,0.0,9.0,Stable,39,4,0.1025641025641025,59,57,0.9661016949152542,2.333333333333333,15.0,1.0,1.0,1.2666666666666666,0.0666666666666666,0.0666666666666666
SITE0071,11,1.0,1.0,10.0,0.0,Stable,33,5,0.1515151515151515,56,55,0.9821428571428572,2.5454545454545454,15.0,1.0,1.0,1.0666666666666669,0.0666666666666666,0.0666666666666666
SITE0071,12,2.0,2.0,0.0,12.0,Stable,23,7,0.3043478260869565,59,54,0.9152542372881356,2.5185185185185186,34.0,0.0,0.0,1.2941176470588236,0.0,0.0
SITE0072,1,2.0,1.0,11.0,14.5,Deteriorating,8,2,0.25,11,10,0.9090909090909092,2.6,0.0,0.0,0.0,0.0,0.0,0.0
SITE0072,2,4.0,1.0,2.0,19.0,Deteriorating,21,4,0.1904761904761904,35,35,1.0,2.0,3.0,0.0,0.0,2.0,0.0,0.0
SITE0072,3,2.0,1.0,0.0,12.0,Deteriorating,31,4,0.1290322580645161,46,43,0.9347826086956522,2.069767441860465,2.0,0.0,0.0,0.5,0.0,0.0
SITE0072,4,1.0,0.0,0.0,0.0,Deteriorating,43,10,0.2325581395348837,70,59,0.8428571428571429,1.8135593220338984,7.0,2.0,2.0,2.142857142857143,0.2857142857142857,0.2857142857142857
SITE0072,5,2.0,4.0,10.0,14.0,Deteriorating,46,8,0.1739130434782608,74,66,0.8918918918918919,2.4545454545454546,13.0,1.0,1.0,1.5384615384615383,0.0769230769230769,0.0769230769230769
SITE0072,6,3.0,3.0,12.0,8.5,Deteriorating,47,8,0.1702127659574468,73,69,0.9452054794520548,2.231884057971014,14.0,0.0,0.0,1.4285714285714286,0.0,0.0
SITE0072,7,0.0,2.0,10.333333333333334,4.6,Deteriorating,48,6,0.125,71,65,0.9154929577464788,2.0923076923076924,13.0,1.0,1.0,1.6923076923076923,0.0769230769230769,0.0769230769230769
SITE0072,8,12.0,3.0,10.5,8.25,Deteriorating,48,2,0.0416666666666666,73,68,0.9315068493150684,1.8088235294117647,12.0,0.0,0.0,2.333333333333333,0.0,0.0
SITE0072,9,2.0,3.0,8.0,15.0,Deteriorating,48,4,0.0833333333333333,77,71,0.922077922077922,1.8028169014084507,8.0,2.0,2.0,1.625,0.25,0.25
SITE0072,10,3.0,2.0,6.0,4.5,Deteriorating,44,4,0.0909090909090909,68,60,0.8823529411764706,2.1666666666666665,12.0,0.0,0.0,1.9166666666666667,0.0,0.0
SITE0072,11,8.0,8.0,3.6666666666666665,12.2,Deteriorating,39,3,0.0769230769230769,61,56,0.918032786885246,2.0,16.0,0.0,0.0,2.125,0.0,0.0
SITE0072,12,5.0,4.0,8.6,15.5,Deteriorating,25,5,0.2,67,60,0.8955223880597015,2.283333333333333,42.0,1.0,1.0,1.9285714285714288,0.0238095238095238,0.0238095238095238
SITE0073,1,4.0,3.0,0.0,1.0,Stable,11,1,0.0909090909090909,13,10,0.7692307692307693,3.6,0.0,0.0,0.0,0.0,0.0,0.0
SITE0073,2,1.0,2.0,9.0,10.0,Stable,29,4,0.1379310344827586,43,36,0.8372093023255814,3.0,5.0,0.0,0.0,2.4,0.0,0.0
SITE0073,3,4.0,2.0,1.0,20.0,Stable,38,6,0.1578947368421052,64,57,0.890625,1.9649122807017545,3.0,0.0,0.0,3.0,0.0,0.0
SITE0073,4,2.0,0.0,0.0,9.5,Stable,47,7,0.1489361702127659,74,68,0.918918918918919,1.8088235294117647,8.0,1.0,1.0,1.625,0.125,0.125
SITE0073,5,2.0,0.0,0.0,11.666666666666666,Stable,49,7,0.1428571428571428,84,78,0.9285714285714286,2.243589743589744,15.0,0.0,0.0,1.4666666666666666,0.0,0.0
SITE0073,6,1.0,0.0,0.0,0.0,Stable,46,2,0.0434782608695652,75,67,0.8933333333333333,2.029850746268657,14.0,1.0,1.0,1.3571428571428572,0.0714285714285714,0.0714285714285714
SITE0073,7,2.0,1.0,10.0,20.0,Stable,48,4,0.0833333333333333,77,67,0.8701298701298701,2.164179104477612,20.0,0.0,0.0,1.65,0.0,0.0
SITE0073,8,0.0,2.0,5.5,18.0,Stable,49,4,0.0816326530612244,83,75,0.9036144578313252,1.68,14.0,0.0,0.0,1.4285714285714286,0.0,0.0
SITE0073,9,0.0,0.0,0.0,16.5,Stable,49,10,0.2040816326530612,76,72,0.9473684210526316,1.8611111111111112,7.0,2.0,2.0,1.1428571428571428,0.2857142857142857,0.2857142857142857
SITE0073,10,0.0,1.0,14.0,0.0,Stable,54,10,0.1851851851851851,81,77,0.9506172839506172,2.155844155844156,14.0,2.0,2.0,2.2142857142857144,0.1428571428571428,0.1428571428571428
SITE0073,11,0.0,1.0,2.5,0.0,Stable,46,13,0.2826086956521739,76,68,0.8947368421052632,2.2794117647058822,14.0,1.0,1.0,1.8571428571428568,0.0714285714285714,0.0714285714285714
SITE0073,12,4.0,2.0,13.5,0.0,Stable,33,16,0.4848484848484848,94,86,0.9148936170212766,2.011627906976744,47.0,3.0,3.0,1.4893617021276595,0.0638297872340425,0.0638297872340425
SITE0074,1,1.0,1.0,0.0,16.0,Stable,7,0,0.0,11,11,1.0,1.7272727272727273,0.0,0.0,0.0,0.0,0.0,0.0
SITE0074,2,1.0,0.0,4.0,0.0,Stable,20,2,0.1,32,28,0.875,1.6785714285714286,1.0,0.0,0.0,0.0,0.0,0.0
SITE0074,3,2.0,0.0,6.5,18.0,Stable,27,6,0.2222222222222222,46,45,0.9782608695652174,2.2666666666666666,6.0,1.0,1.0,1.3333333333333333,0.1666666666666666,0.1666666666666666
SITE0074,4,3.0,1.0,9.5,0.0,Stable,33,8,0.2424242424242424,52,47,0.903846153846154,2.48936170212766,3.0,0.0,0.0,1.3333333333333333,0.0,0.0
SITE0074,5,2.0,1.0,0.0,6.333333333333333,Stable,41,10,0.2439024390243902,62,53,0.8548387096774194,2.4150943396226414,7.0,0.0,0.0,2.142857142857143,0.0,0.0
SITE0074,6,0.0,2.0,11.0,17.0,Stable,46,10,0.217391304347826,71,65,0.9154929577464788,1.8461538461538465,10.0,1.0,1.0,1.0,0.1,0.1
SITE0074,7,1.0,3.0,0.0,0.0,Stable,43,10,0.2325581395348837,71,65,0.9154929577464788,1.9538461538461536,13.0,0.0,0.0,1.2307692307692308,0.0,0.0
SITE0074,8,4.0,0.0,0.0,14.0,Stable,44,9,0.2045454545454545,71,66,0.9295774647887324,2.272727272727273,8.0,1.0,1.0,1.875,0.125,0.125
SITE0074,9,1.0,2.0,0.0,0.0,Stable,42,6,0.1428571428571428,61,54,0.8852459016393442,2.3703703703703702,8.0,0.0,0.0,1.75,0.0,0.0
SITE0074,10,0.0,1.0,7.5,7.0,Stable,37,4,0.1081081081081081,60,58,0.9666666666666668,1.827586206896552,11.0,1.0,1.0,1.3636363636363635,0.0909090909090909,0.0909090909090909
SITE0074,11,1.0,0.0,3.5,0.0,Stable,39,7,0.1794871794871795,64,59,0.921875,1.847457627118644,9.0,0.0,0.0,1.5555555555555556,0.0,0.0
SITE0074,12,2.0,2.0,13.5,0.0,Stable,28,12,0.4285714285714285,77,67,0.8701298701298701,1.8955223880597012,48.0,1.0,1.0,1.7083333333333333,0.0208333333333333,0.0208333333333333
SITE0075,1,3.0,3.0,6.5,19.0,Stable,13,5,0.3846153846153846,22,19,0.8636363636363636,1.736842105263158,2.0,0.0,0.0,1.0,0.0,0.0
SITE0075,2,2.0,1.0,4.5,0.0,Stable,27,6,0.2222222222222222,42,39,0.9285714285714286,1.7692307692307692,7.0,0.0,0.0,1.2857142857142858,0.0,0.0
SITE0075,3,3.0,1.0,7.0,14.0,Stable,39,10,0.2564102564102564,66,63,0.9545454545454546,2.111111111111111,7.0,0.0,0.0,1.1428571428571428,0.0,0.0
SITE0075,4,1.0,2.0,13.0,0.0,Stable,41,7,0.1707317073170731,68,61,0.8970588235294118,2.295081967213114,4.0,0.0,0.0,1.75,0.0,0.0
SITE0075,5,1.0,0.0,0.0,18.0,Stable,39,5,0.1282051282051282,58,53,0.913793103448276,1.849056603773585,11.0,0.0,0.0,1.0909090909090908,0.0,0.0
SITE0075,6,2.0,0.0,10.0,14.5,Stable,39,6,0.1538461538461538,61,54,0.8852459016393442,1.8888888888888888,9.0,0.0,0.0,2.0,0.0,0.0
SITE0075,7,1.0,0.0,0.0,4.0,Stable,37,5,0.1351351351351351,58,50,0.8620689655172413,1.62,6.0,1.0,1.0,1.3333333333333333,0.1666666666666666,0.1666666666666666
SITE0075,8,2.0,0.0,4.5,0.0,Stable,47,8,0.1702127659574468,75,71,0.9466666666666668,3.0422535211267605,8.0,0.0,0.0,1.75,0.0,0.0
SITE0075,9,4.0,1.0,0.0,0.0,Stable,44,8,0.1818181818181818,75,67,0.8933333333333333,2.611940298507463,10.0,1.0,1.0,1.7,0.1,0.1
SITE0075,10,2.0,1.0,8.5,12.75,Stable,51,12,0.2352941176470588,81,75,0.925925925925926,1.9066666666666667,15.0,0.0,0.0,1.2,0.0,0.0
SITE0075,11,3.0,0.0,0.0,13.5,Stable,60,11,0.1833333333333333,90,77,0.8555555555555555,2.5324675324675323,21.0,0.0,0.0,2.0476190476190474,0.0,0.0
SITE0075,12,2.0,1.0,3.5,5.0,Stable,43,25,0.5813953488372093,144,134,0.9305555555555556,2.4029850746268657,60.0,4.0,4.0,1.6166666666666667,0.0666666666666666,0.0666666666666666
SITE0076,1,3.0,0.0,2.0,7.0,Stable,5,0,0.0,9,9,1.0,2.333333333333333,0.0,0.0,0.0,0.0,0.0,0.0
SITE0076,2,2.0,0.0,4.0,11.0,Stable,15,2,0.1333333333333333,24,21,0.875,2.761904761904762,3.0,0.0,0.0,3.6666666666666665,0.0,0.0
SITE0076,3,3.0,2.0,7.0,7.5,Stable,26,2,0.0769230769230769,40,39,0.975,2.051282051282051,2.0,0.0,0.0,0.5,0.0,0.0
SITE0076,4,2.0,0.0,12.0,12.0,Stable,37,2,0.054054054054054,60,55,0.9166666666666666,2.2181818181818183,5.0,0.0,0.0,1.4,0.0,0.0
SITE0076,5,1.0,1.0,0.0,1.0,Stable,37,0,0.0,66,63,0.9545454545454546,2.1746031746031744,7.0,2.0,2.0,1.5714285714285714,0.2857142857142857,0.2857142857142857
SITE0076,6,5.0,2.0,5.5,0.0,Stable,38,6,0.1578947368421052,58,56,0.9655172413793104,2.0,6.0,0.0,0.0,1.3333333333333333,0.0,0.0
SITE0076,7,2.0,1.0,0.0,3.0,Stable,37,6,0.1621621621621621,61,52,0.8524590163934426,2.1538461538461537,14.0,1.0,1.0,1.9285714285714288,0.0714285714285714,0.0714285714285714
SITE0076,8,0.0,1.0,6.666666666666667,0.0,Stable,32,8,0.25,52,46,0.8846153846153846,2.1956521739130435,14.0,0.0,0.0,1.5,0.0,0.0
SITE0076,9,2.0,1.0,0.0,7.5,Stable,30,2,0.0666666666666666,50,46,0.92,2.608695652173913,6.0,0.0,0.0,2.1666666666666665,0.0,0.0
SITE0076,10,2.0,2.0,0.0,6.0,Stable,28,3,0.1071428571428571,46,43,0.9347826086956522,1.813953488372093,16.0,1.0,1.0,1.4375,0.0625,0.0625
SITE0076,11,1.0,0.0,0.0,12.0,Stable,22,2,0.0909090909090909,39,34,0.8717948717948718,1.4411764705882353,6.0,1.0,1.0,3.0,0.1666666666666666,0.1666666666666666
SITE0076,12,1.0,2.0,0.0,5.0,Stable,13,3,0.2307692307692307,29,25,0.8620689655172413,2.16,32.0,3.0,3.0,1.59375,0.09375,0.09375
SITE0077,1,1.0,0.0,7.0,0.0,Deteriorating,19,3,0.1578947368421052,28,27,0.9642857142857144,2.1481481481481484,0.0,0.0,0.0,0.0,0.0,0.0
SITE0077,2,2.0,1.0,5.5,19.0,Deteriorating,30,6,0.2,49,44,0.8979591836734694,1.7954545454545454,1.0,0.0,0.0,0.0,0.0,0.0
SITE0077,3,2.0,4.0,7.666666666666667,0.0,Deteriorating,38,7,0.1842105263157894,63,60,0.9523809523809524,1.85,3.0,0.0,0.0,2.333333333333333,0.0,0.0
SITE0077,4,1.0,0.0,6.0,16.0,Deteriorating,46,8,0.1739130434782608,70,65,0.9285714285714286,2.569230769230769,10.0,0.0,0.0,1.6,0.0,0.0
SITE0077,5,1.0,2.0,0.0,7.0,Deteriorating,42,7,0.1666666666666666,66,62,0.9393939393939394,2.1129032258064515,7.0,0.0,0.0,1.8571428571428568,0.0,0.0
SITE0077,6,3.0,0.0,7.2,17.0,Deteriorating,41,9,0.2195121951219512,67,61,0.9104477611940298,2.19672131147541,18.0,1.0,1.0,1.8888888888888888,0.0555555555555555,0.0555555555555555
SITE0077,7,1.0,2.0,11.5,3.0,Deteriorating,43,13,0.3023255813953488,67,60,0.8955223880597015,1.7333333333333334,6.0,1.0,1.0,1.8333333333333333,0.1666666666666666,0.1666666666666666
SITE0077,8,4.0,1.0,5.5,10.833333333333334,Deteriorating,40,11,0.275,62,56,0.9032258064516128,2.2142857142857144,11.0,3.0,3.0,2.0,0.2727272727272727,0.2727272727272727
SITE0077,9,5.0,5.0,8.333333333333334,13.333333333333334,Deteriorating,45,9,0.2,63,57,0.9047619047619048,1.7719298245614037,13.0,2.0,2.0,1.6153846153846154,0.1538461538461538,0.1538461538461538
SITE0077,10,10.0,1.0,5.6,12.0,Deteriorating,41,5,0.1219512195121951,67,65,0.9701492537313432,1.8615384615384616,14.0,0.0,0.0,2.2142857142857144,0.0,0.0
SITE0077,11,8.0,2.0,5.333333333333333,7.0,Deteriorating,46,9,0.1956521739130435,72,67,0.9305555555555556,1.9253731343283584,10.0,2.0,2.0,1.9,0.2,0.2
SITE0077,12,8.0,4.0,7.625,13.0,Deteriorating,36,15,0.4166666666666667,106,98,0.9245283018867924,2.122448979591837,54.0,3.0,3.0,1.6111111111111112,0.0555555555555555,0.0555555555555555
SITE0078,1,0.0,2.0,1.5,4.0,Stable,7,1,0.1428571428571428,10,9,0.9,2.0,1.0,0.0,0.0,0.0,0.0,0.0
SITE0078,2,1.0,2.0,13.0,2.0,Stable,18,2,0.1111111111111111,31,28,0.9032258064516128,1.6071428571428572,2.0,0.0,0.0,0.5,0.0,0.0
SITE0078,3,3.0,2.0,12.0,11.0,Stable,29,2,0.0689655172413793,48,43,0.8958333333333334,2.232558139534884,5.0,0.0,0.0,1.8,0.0,0.0
SITE0078,4,1.0,0.0,11.0,0.0,Stable,35,3,0.0857142857142857,59,57,0.9661016949152542,2.2280701754385963,3.0,0.0,0.0,3.6666666666666665,0.0,0.0
SITE0078,5,4.0,0.0,0.0,10.0,Stable,33,3,0.0909090909090909,52,48,0.9230769230769232,1.9583333333333333,4.0,1.0,1.0,1.75,0.25,0.25
SITE0078,6,2.0,0.0,5.0,3.0,Stable,31,7,0.2258064516129032,45,40,0.8888888888888888,2.425,11.0,0.0,0.0,2.0,0.0,0.0
SITE0078,7,0.0,0.0,0.0,0.0,,27,8,0.2962962962962963,42,41,0.9761904761904762,2.2439024390243905,8.0,0.0,0.0,1.875,0.0,0.0
SITE0078,8,2.0,1.0,7.0,0.0,Stable,33,5,0.1515151515151515,53,47,0.8867924528301887,2.3617021276595747,11.0,1.0,1.0,1.4545454545454546,0.0909090909090909,0.0909090909090909
SITE0078,9,0.0,2.0,6.0,15.5,Stable,31,5,0.1612903225806451,51,48,0.9411764705882352,2.3125,10.0,1.0,1.0,1.0,0.1,0.1
SITE0078,10,2.0,5.0,1.0,15.0,Stable,29,4,0.1379310344827586,47,41,0.8723404255319149,2.6341463414634148,3.0,0.0,0.0,1.0,0.0,0.0
SITE0078,11,1.0,1.0,2.0,0.0,Stable,24,4,0.1666666666666666,37,30,0.8108108108108109,1.7333333333333334,11.0,0.0,0.0,0.7272727272727273,0.0,0.0
SITE0078,12,0.0,2.0,8.0,10.0,Stable,11,4,0.3636363636363636,35,31,0.8857142857142857,2.2580645161290325,27.0,2.0,2.0,1.8148148148148149,0.074074074074074,0.074074074074074
SITE0079,1,1.0,2.0,12.666666666666666,3.0,Stable,12,3,0.25,19,19,1.0,2.1052631578947367,2.0,0.0,0.0,2.5,0.0,0.0
SITE0079,2,2.0,0.0,0.0,10.0,Stable,25,4,0.16,40,37,0.925,2.3513513513513518,2.0,0.0,0.0,1.0,0.0,0.0
SITE0079,3,3.0,1.0,0.0,0.0,Stable,39,6,0.1538461538461538,67,62,0.9253731343283582,1.9838709677419355,7.0,0.0,0.0,2.7142857142857144,0.0,0.0
SITE0079,4,0.0,0.0,4.5,1.0,Stable,49,8,0.1632653061224489,81,73,0.9012345679012346,1.8356164383561644,6.0,1.0,1.0,0.8333333333333334,0.1666666666666666,0.1666666666666666
SITE0079,5,2.0,0.0,0.0,14.5,Stable,50,8,0.16,82,78,0.951219512195122,2.0384615384615383,6.0,2.0,2.0,1.5,0.3333333333333333,0.3333333333333333
SITE0079,6,1.0,0.0,8.0,4.0,Stable,45,7,0.1555555555555555,68,61,0.8970588235294118,2.081967213114754,20.0,0.0,0.0,1.8,0.0,0.0
SITE0079,7,6.0,0.0,7.0,0.0,Stable,43,7,0.1627906976744186,68,65,0.9558823529411764,2.4,13.0,1.0,1.0,1.4615384615384617,0.0769230769230769,0.0769230769230769
SITE0079,8,1.0,0.0,7.5,7.0,Stable,41,2,0.048780487804878,70,68,0.9714285714285714,1.661764705882353,18.0,0.0,0.0,1.1111111111111112,0.0,0.0
SITE0079,9,2.0,0.0,0.0,0.0,Stable,38,5,0.131578947368421,58,55,0.9482758620689656,1.8909090909090909,16.0,0.0,0.0,0.875,0.0,0.0
SITE0079,10,2.0,1.0,14.0,19.0,Stable,43,12,0.2790697674418604,63,62,0.984126984126984,1.903225806451613,8.0,0.0,0.0,1.75,0.0,0.0
SITE0079,11,4.0,3.0,3.0,10.0,Stable,35,16,0.4571428571428571,63,59,0.9365079365079364,2.8135593220338984,13.0,0.0,0.0,1.6923076923076923,0.0,0.0
SITE0079,12,1.0,3.0,3.5,20.0,Stable,29,18,0.6206896551724138,71,68,0.9577464788732394,2.088235294117647,45.0,0.0,0.0,1.6888888888888889,0.0,0.0
SITE0080,1,0.0,0.0,14.0,10.0,Stable,6,0,0.0,8,8,1.0,1.75,0.0,0.0,0.0,0.0,0.0,0.0
SITE0080,2,0.0,3.0,13.0,17.0,Stable,14,3,0.2142857142857142,21,19,0.9047619047619048,1.7894736842105263,1.0,0.0,0.0,2.0,0.0,0.0
SITE0080,3,1.0,1.0,2.0,0.0,Stable,22,5,0.2272727272727272,34,28,0.8235294117647058,2.071428571428572,1.0,0.0,0.0,0.0,0.0,0.0
SITE0080,4,2.0,1.0,12.0,17.0,Stable,27,7,0.2592592592592592,46,42,0.9130434782608696,1.3333333333333333,1.0,0.0,0.0,2.0,0.0,0.0
SITE0080,5,2.0,0.0,7.75,8.0,Stable,28,6,0.2142857142857142,45,44,0.9777777777777776,2.1818181818181817,6.0,0.0,0.0,0.6666666666666666,0.0,0.0
SITE0080,6,2.0,1.0,5.5,0.0,Stable,25,2,0.08,38,34,0.8947368421052632,2.264705882352941,6.0,0.0,0.0,1.8333333333333333,0.0,0.0
SITE0080,7,0.0,2.0,4.0,0.0,Stable,31,3,0.0967741935483871,53,48,0.9056603773584906,1.4791666666666667,8.0,1.0,1.0,1.875,0.125,0.125
SITE0080,8,2.0,0.0,12.0,0.0,Stable,30,3,0.1,49,46,0.9387755102040816,1.826086956521739,8.0,1.0,1.0,1.5,0.125,0.125
SITE0080,9,2.0,3.0,7.0,6.5,Stable,33,4,0.1212121212121212,55,49,0.8909090909090909,1.816326530612245,15.0,1.0,1.0,1.3333333333333333,0.0666666666666666,0.0666666666666666
SITE0080,10,1.0,0.0,1.0,0.0,Stable,28,3,0.1071428571428571,40,37,0.925,2.1621621621621623,6.0,1.0,1.0,0.8333333333333334,0.1666666666666666,0.1666666666666666
SITE0080,11,3.0,0.0,2.5,6.0,Stable,28,7,0.25,45,38,0.8444444444444444,2.710526315789474,7.0,0.0,0.0,2.0,0.0,0.0
SITE0080,12,0.0,0.0,0.0,13.0,Stable,19,11,0.5789473684210527,64,62,0.96875,1.9193548387096773,38.0,3.0,3.0,1.7894736842105263,0.0789473684210526,0.0789473684210526
SITE0081,1,0.0,1.0,3.0,0.0,Stable,5,0,0.0,7,7,1.0,1.4285714285714286,2.0,0.0,0.0,1.0,0.0,0.0
SITE0081,2,1.0,1.0,7.333333333333333,11.0,Stable,14,1,0.0714285714285714,23,20,0.8695652173913043,2.0,1.0,0.0,0.0,0.0,0.0,0.0
SITE0081,3,2.0,0.0,9.666666666666666,20.0,Stable,21,2,0.0952380952380952,34,31,0.9117647058823528,2.6451612903225805,5.0,0.0,0.0,3.4,0.0,0.0
SITE0081,4,4.0,0.0,0.0,0.0,Stable,27,2,0.074074074074074,43,40,0.9302325581395348,2.25,4.0,0.0,0.0,1.5,0.0,0.0
SITE0081,5,1.0,0.0,3.0,13.0,Stable,22,1,0.0454545454545454,38,33,0.868421052631579,1.878787878787879,8.0,1.0,1.0,2.5,0.125,0.125
SITE0081,6,1.0,0.0,4.0,0.0,Stable,25,0,0.0,37,35,0.945945945945946,1.7428571428571429,2.0,0.0,0.0,2.0,0.0,0.0
SITE0081,7,0.0,3.0,3.0,2.0,Stable,26,3,0.1153846153846153,42,40,0.9523809523809524,2.2,10.0,0.0,0.0,1.2,0.0,0.0
SITE0081,8,1.0,1.0,8.666666666666666,0.0,Stable,25,7,0.28,41,35,0.8536585365853658,1.8571428571428568,9.0,0.0,0.0,2.4444444444444446,0.0,0.0
SITE0081,9,1.0,1.0,0.0,0.0,Stable,32,8,0.25,54,47,0.8703703703703703,2.595744680851064,14.0,0.0,0.0,1.8571428571428568,0.0,0.0
SITE0081,10,2.0,3.0,5.666666666666667,0.0,Stable,35,7,0.2,53,48,0.9056603773584906,1.375,8.0,0.0,0.0,1.625,0.0,0.0
SITE0081,11,5.0,2.0,0.0,0.0,Stable,32,5,0.15625,49,46,0.9387755102040816,2.282608695652174,19.0,2.0,2.0,1.0526315789473684,0.1052631578947368,0.1052631578947368
SITE0081,12,2.0,0.0,2.0,0.0,Stable,21,6,0.2857142857142857,65,62,0.953846153846154,2.274193548387097,40.0,2.0,2.0,1.55,0.05,0.05
SITE0082,1,1.0,1.0,0.0,0.0,Stable,8,1,0.125,10,10,1.0,2.3,3.0,0.0,0.0,3.0,0.0,0.0
SITE0082,2,1.0,1.0,0.0,16.0,Stable,18,4,0.2222222222222222,26,25,0.9615384615384616,2.28,0.0,0.0,0.0,0.0,0.0,0.0
SITE0082,3,3.0,1.0,1.5,5.0,Stable,21,4,0.1904761904761904,33,31,0.9393939393939394,2.3870967741935485,4.0,0.0,0.0,0.75,0.0,0.0
SITE0082,4,3.0,1.0,7.0,0.0,Stable,31,7,0.2258064516129032,53,43,0.8113207547169812,2.0232558139534884,4.0,0.0,0.0,2.75,0.0,0.0
SITE0082,5,1.0,0.0,13.5,7.0,Stable,27,5,0.1851851851851851,43,41,0.9534883720930232,2.365853658536585,3.0,0.0,0.0,1.3333333333333333,0.0,0.0
SITE0082,6,1.0,0.0,0.0,14.6,Stable,26,2,0.0769230769230769,43,42,0.9767441860465116,2.1904761904761907,6.0,0.0,0.0,1.8333333333333333,0.0,0.0
SITE0082,7,1.0,0.0,14.0,0.0,Stable,31,2,0.064516129032258,48,43,0.8958333333333334,2.186046511627907,5.0,0.0,0.0,2.6,0.0,0.0
SITE0082,8,3.0,0.0,6.0,13.0,Stable,30,2,0.0666666666666666,46,44,0.9565217391304348,1.9545454545454544,9.0,1.0,1.0,1.4444444444444444,0.1111111111111111,0.1111111111111111
SITE0082,9,3.0,1.0,3.0,0.0,Stable,28,2,0.0714285714285714,49,45,0.9183673469387756,2.1555555555555554,13.0,1.0,1.0,2.3846153846153846,0.0769230769230769,0.0769230769230769
SITE0082,10,2.0,0.0,13.0,10.0,Stable,30,3,0.1,45,39,0.8666666666666667,2.58974358974359,7.0,1.0,1.0,1.8571428571428568,0.1428571428571428,0.1428571428571428
SITE0082,11,2.0,2.0,7.75,2.0,Stable,26,2,0.0769230769230769,44,40,0.9090909090909092,2.125,9.0,1.0,1.0,1.7777777777777777,0.1111111111111111,0.1111111111111111
SITE0082,12,4.0,1.0,9.0,9.0,Stable,16,2,0.125,46,39,0.8478260869565217,2.717948717948718,25.0,1.0,1.0,2.16,0.04,0.04
SITE0083,1,1.0,0.0,9.0,2.0,Anomalous,9,1,0.1111111111111111,15,13,0.8666666666666667,1.8461538461538465,1.0,0.0,0.0,4.0,0.0,0.0
SITE0083,2,1.0,3.0,2.0,8.0,Anomalous,26,4,0.1538461538461538,38,35,0.9210526315789472,2.0,1.0,0.0,0.0,1.0,0.0,0.0
SITE0083,3,1.0,0.0,7.8,8.0,Anomalous,35,8,0.2285714285714285,58,53,0.913793103448276,2.5283018867924527,7.0,0.0,0.0,0.4285714285714285,0.0,0.0
SITE0083,4,1.0,3.0,3.6666666666666665,12.666666666666666,Anomalous,46,10,0.217391304347826,72,66,0.9166666666666666,2.3484848484848486,6.0,0.0,0.0,1.6666666666666667,0.0,0.0
SITE0083,5,5.0,1.0,9.0,17.0,Anomalous,56,12,0.2142857142857142,93,84,0.9032258064516128,1.9047619047619049,6.0,0.0,0.0,1.1666666666666667,0.0,0.0
SITE0083,6,1.0,4.0,10.25,10.0,Anomalous,55,9,0.1636363636363636,89,81,0.9101123595505618,1.876543209876543,10.0,1.0,1.0,0.6,0.1,0.1
SITE0083,7,1.0,0.0,10.25,16.0,Anomalous,51,7,0.1372549019607843,84,79,0.9404761904761904,2.0126582278481013,25.0,0.0,0.0,1.72,0.0,0.0
SITE0083,8,2.0,0.0,9.0,11.333333333333334,Anomalous,50,9,0.18,81,72,0.8888888888888888,2.375,10.0,0.0,0.0,2.0,0.0,0.0
SITE0083,9,16.0,17.0,10.555555555555555,6.2727272727272725,Anomalous,43,11,0.2558139534883721,63,59,0.9365079365079364,2.0847457627118646,19.0,1.0,1.0,1.8421052631578947,0.0526315789473684,0.0526315789473684
SITE0083,10,6.0,1.0,6.75,5.333333333333333,Anomalous,45,9,0.2,72,68,0.9444444444444444,1.9411764705882355,14.0,2.0,2.0,1.4285714285714286,0.1428571428571428,0.1428571428571428
SITE0083,11,6.0,1.0,12.5,3.0,Anomalous,47,6,0.1276595744680851,78,72,0.9230769230769232,1.9444444444444444,13.0,0.0,0.0,2.230769230769231,0.0,0.0
SITE0083,12,7.0,1.0,6.5,7.0,Anomalous,36,4,0.1111111111111111,109,99,0.908256880733945,2.6666666666666665,53.0,1.0,1.0,2.150943396226415,0.0188679245283018,0.0188679245283018
SITE0084,1,2.0,3.0,7.0,18.0,Stable,7,1,0.1428571428571428,9,8,0.8888888888888888,3.25,0.0,0.0,0.0,0.0,0.0,0.0
SITE0084,2,1.0,0.0,0.0,0.0,Stable,14,2,0.1428571428571428,21,19,0.9047619047619048,1.5263157894736843,2.0,0.0,0.0,1.5,0.0,0.0
SITE0084,3,1.0,0.0,0.0,4.0,Stable,23,5,0.217391304347826,36,35,0.9722222222222222,1.9142857142857144,2.0,0.0,0.0,0.5,0.0,0.0
SITE0084,4,4.0,0.0,0.0,0.0,Stable,25,6,0.24,42,39,0.9285714285714286,2.051282051282051,4.0,0.0,0.0,1.75,0.0,0.0
SITE0084,5,0.0,0.0,12.0,10.0,Stable,28,3,0.1071428571428571,40,39,0.975,2.4615384615384617,5.0,0.0,0.0,1.4,0.0,0.0
SITE0084,6,0.0,0.0,5.0,20.0,Stable,28,1,0.0357142857142857,50,47,0.94,2.6382978723404253,7.0,0.0,0.0,2.2857142857142856,0.0,0.0
SITE0084,7,0.0,0.0,9.0,0.0,Stable,28,1,0.0357142857142857,47,41,0.8723404255319149,2.073170731707317,8.0,0.0,0.0,1.625,0.0,0.0
SITE0084,8,3.0,0.0,3.5,17.0,Stable,29,2,0.0689655172413793,47,44,0.9361702127659576,1.9318181818181817,13.0,0.0,0.0,1.4615384615384617,0.0,0.0
SITE0084,9,5.0,2.0,9.0,4.0,Stable,30,2,0.0666666666666666,48,45,0.9375,2.2666666666666666,11.0,0.0,0.0,1.3636363636363635,0.0,0.0
SITE0084,10,1.0,1.0,10.0,0.0,Stable,31,2,0.064516129032258,49,43,0.8775510204081632,2.372093023255814,7.0,1.0,1.0,1.1428571428571428,0.1428571428571428,0.1428571428571428
SITE0084,11,0.0,2.0,6.0,2.5,Stable,28,5,0.1785714285714285,49,43,0.8775510204081632,2.511627906976744,12.0,2.0,2.0,1.75,0.1666666666666666,0.1666666666666666
SITE0084,12,2.0,1.0,0.0,7.333333333333333,Stable,22,12,0.5454545454545454,54,50,0.925925925925926,2.18,29.0,1.0,1.0,1.827586206896552,0.0344827586206896,0.0344827586206896
SITE0085,1,3.0,1.0,4.5,7.333333333333333,Stable,12,0,0.0,20,19,0.95,1.6842105263157894,3.0,0.0,0.0,2.0,0.0,0.0
SITE0085,2,1.0,1.0,12.0,5.0,Stable,20,2,0.1,35,33,0.9428571428571428,2.1515151515151514,3.0,0.0,0.0,2.333333333333333,0.0,0.0
SITE0085,3,1.0,4.0,14.0,1.0,Stable,29,4,0.1379310344827586,51,46,0.9019607843137256,2.260869565217391,5.0,0.0,0.0,2.2,0.0,0.0
SITE0085,4,2.0,3.0,11.0,10.0,Stable,33,3,0.0909090909090909,50,45,0.9,2.577777777777778,4.0,0.0,0.0,2.25,0.0,0.0
SITE0085,5,6.0,2.0,0.0,9.0,Stable,35,2,0.0571428571428571,53,49,0.9245283018867924,2.2448979591836733,6.0,0.0,0.0,2.333333333333333,0.0,0.0
SITE0085,6,1.0,1.0,6.0,5.0,Stable,38,6,0.1578947368421052,58,54,0.9310344827586208,1.8703703703703705,10.0,0.0,0.0,1.2,0.0,0.0
SITE0085,7,2.0,1.0,4.0,7.0,Stable,42,11,0.2619047619047619,63,58,0.9206349206349206,2.0,17.0,0.0,0.0,1.4705882352941178,0.0,0.0
SITE0085,8,1.0,0.0,8.0,4.0,Stable,44,14,0.3181818181818182,72,65,0.9027777777777778,1.8,15.0,1.0,1.0,1.6666666666666667,0.0666666666666666,0.0666666666666666
SITE0085,9,0.0,0.0,13.5,16.0,Stable,41,12,0.2926829268292683,70,63,0.9,1.9047619047619049,15.0,1.0,1.0,1.4,0.0666666666666666,0.0666666666666666
SITE0085,10,4.0,0.0,12.0,13.0,Stable,39,5,0.1282051282051282,60,57,0.95,1.9824561403508767,14.0,1.0,1.0,2.071428571428572,0.0714285714285714,0.0714285714285714
SITE0085,11,3.0,0.0,8.333333333333334,11.666666666666666,Stable,30,1,0.0333333333333333,48,44,0.9166666666666666,1.7727272727272727,11.0,1.0,1.0,1.6363636363636365,0.0909090909090909,0.0909090909090909
SITE0085,12,2.0,1.0,6.0,12.0,Stable,18,0,0.0,50,40,0.8,2.05,33.0,2.0,2.0,1.696969696969697,0.0606060606060606,0.0606060606060606
SITE0086,1,3.0,0.0,7.0,12.25,Stable,8,0,0.0,11,10,0.9090909090909092,0.6,0.0,0.0,0.0,0.0,0.0,0.0
SITE0086,2,5.0,1.0,3.333333333333333,0.0,Stable,16,0,0.0,26,21,0.8076923076923077,2.4285714285714284,4.0,0.0,0.0,1.25,0.0,0.0
SITE0086,3,2.0,0.0,1.0,3.0,Stable,22,0,0.0,34,32,0.9411764705882352,2.25,2.0,0.0,0.0,1.5,0.0,0.0
SITE0086,4,1.0,1.0,0.0,3.0,Stable,29,4,0.1379310344827586,46,44,0.9565217391304348,2.409090909090909,10.0,0.0,0.0,2.1,0.0,0.0
SITE0086,5,0.0,1.0,13.0,0.0,Stable,36,3,0.0833333333333333,54,49,0.9074074074074074,1.6122448979591837,6.0,0.0,0.0,2.0,0.0,0.0
SITE0086,6,3.0,1.0,13.0,16.0,Stable,40,6,0.15,72,65,0.9027777777777778,1.9384615384615385,7.0,0.0,0.0,2.7142857142857144,0.0,0.0
SITE0086,7,0.0,1.0,2.0,8.0,Stable,44,6,0.1363636363636363,68,65,0.9558823529411764,1.6,11.0,0.0,0.0,1.818181818181818,0.0,0.0
SITE0086,8,0.0,0.0,1.0,19.0,Stable,47,7,0.1489361702127659,72,68,0.9444444444444444,2.3529411764705883,9.0,1.0,1.0,2.0,0.1111111111111111,0.1111111111111111
SITE0086,9,1.0,2.0,6.5,0.0,Stable,41,5,0.1219512195121951,62,61,0.9838709677419356,2.4754098360655736,13.0,1.0,1.0,1.4615384615384617,0.0769230769230769,0.0769230769230769
SITE0086,10,1.0,0.0,0.0,0.0,Stable,41,3,0.073170731707317,70,61,0.8714285714285714,1.852459016393443,15.0,0.0,0.0,2.1333333333333333,0.0,0.0
SITE0086,11,0.0,0.0,7.0,15.0,Stable,35,5,0.1428571428571428,54,50,0.925925925925926,2.46,11.0,1.0,1.0,2.636363636363636,0.0909090909090909,0.0909090909090909
SITE0086,12,3.0,1.0,0.0,6.0,Stable,23,9,0.391304347826087,67,63,0.9402985074626866,1.873015873015873,44.0,2.0,2.0,1.8636363636363635,0.0454545454545454,0.0454545454545454
SITE0087,1,9.0,4.0,4.2,14.6,High Risk,3,0,0.0,4,3,0.75,1.3333333333333333,0.0,0.0,0.0,0.0,0.0,0.0
SITE0087,2,12.0,5.0,6.5,9.6,High Risk,12,2,0.1666666666666666,21,18,0.8571428571428571,2.388888888888889,1.0,0.0,0.0,3.0,0.0,0.0
SITE0087,3,10.0,1.0,7.6,10.25,High Risk,21,2,0.0952380952380952,34,29,0.8529411764705882,2.0689655172413794,7.0,1.0,1.0,1.2857142857142858,0.1428571428571428,0.1428571428571428
SITE0087,4,10.0,2.0,7.6,12.285714285714286,High Risk,25,1,0.04,43,41,0.9534883720930232,1.9268292682926829,4.0,0.0,0.0,1.25,0.0,0.0
SITE0087,5,5.0,4.0,6.25,5.5,High Risk,24,1,0.0416666666666666,36,34,0.9444444444444444,2.411764705882353,5.0,1.0,1.0,1.2,0.2,0.2
SITE0087,6,8.0,9.0,8.555555555555555,16.0,High Risk,26,0,0.0,37,35,0.945945945945946,2.4,0.0,0.0,0.0,0.0,0.0,0.0
SITE0087,7,6.0,3.0,7.333333333333333,6.333333333333333,High Risk,26,2,0.0769230769230769,42,38,0.9047619047619048,2.8157894736842106,7.0,0.0,0.0,1.1428571428571428,0.0,0.0
SITE0087,8,11.0,4.0,8.8,8.0,High Risk,29,4,0.1379310344827586,49,47,0.9591836734693876,1.702127659574468,9.0,0.0,0.0,1.3333333333333333,0.0,0.0
SITE0087,9,8.0,7.0,6.625,7.5,High Risk,36,4,0.1111111111111111,55,54,0.9818181818181818,1.8888888888888888,13.0,0.0,0.0,2.0,0.0,0.0
SITE0087,10,2.0,5.0,8.333333333333334,12.166666666666666,High Risk,39,3,0.0769230769230769,60,56,0.9333333333333332,2.0357142857142856,10.0,1.0,1.0,2.4,0.1,0.1
SITE0087,11,7.0,5.0,3.1666666666666665,17.0,High Risk,38,4,0.1052631578947368,64,57,0.890625,1.6140350877192982,11.0,0.0,0.0,2.727272727272727,0.0,0.0
SITE0087,12,6.0,3.0,5.5,8.75,High Risk,29,7,0.2413793103448276,77,71,0.922077922077922,2.436619718309859,42.0,4.0,4.0,1.7142857142857142,0.0952380952380952,0.0952380952380952
SITE0088,1,4.0,4.0,13.0,10.0,Anomalous,9,2,0.2222222222222222,13,9,0.6923076923076923,2.6666666666666665,0.0,0.0,0.0,0.0,0.0,0.0
SITE0088,2,8.0,3.0,9.0,4.5,Anomalous,25,2,0.08,42,37,0.8809523809523809,2.108108108108108,0.0,0.0,0.0,0.0,0.0,0.0
SITE0088,3,6.0,1.0,4.166666666666667,10.5,Anomalous,37,4,0.1081081081081081,60,55,0.9166666666666666,1.6545454545454543,8.0,1.0,1.0,2.625,0.125,0.125
SITE0088,4,7.0,3.0,9.4,9.5,Anomalous,47,5,0.1063829787234042,72,65,0.9027777777777778,1.8307692307692307,6.0,0.0,0.0,2.333333333333333,0.0,0.0
SITE0088,5,6.0,0.0,8.6,7.5,Anomalous,49,8,0.1632653061224489,79,71,0.8987341772151899,2.267605633802817,8.0,0.0,0.0,3.0,0.0,0.0
SITE0088,6,4.0,3.0,5.2,13.0,Anomalous,48,10,0.2083333333333333,71,65,0.9154929577464788,1.7538461538461538,14.0,1.0,1.0,1.8571428571428568,0.0714285714285714,0.0714285714285714
SITE0088,7,16.0,9.0,9.166666666666666,11.909090909090908,Anomalous,45,8,0.1777777777777777,71,63,0.8873239436619719,2.507936507936508,12.0,0.0,0.0,1.5833333333333333,0.0,0.0
SITE0088,8,3.0,2.0,4.5,16.666666666666668,Anomalous,33,9,0.2727272727272727,54,53,0.9814814814814816,1.7358490566037736,10.0,1.0,1.0,1.4,0.1,0.1
SITE0088,9,6.0,1.0,5.333333333333333,18.0,Anomalous,40,9,0.225,61,51,0.8360655737704918,1.8823529411764703,13.0,0.0,0.0,1.5384615384615383,0.0,0.0
SITE0088,10,3.0,4.0,0.0,0.0,Anomalous,39,8,0.2051282051282051,66,59,0.8939393939393939,2.2033898305084745,15.0,2.0,2.0,2.1333333333333333,0.1333333333333333,0.1333333333333333
SITE0088,11,2.0,3.0,12.5,20.0,Anomalous,41,10,0.2439024390243902,69,65,0.9420289855072465,1.907692307692308,12.0,0.0,0.0,2.0,0.0,0.0
SITE0088,12,5.0,2.0,5.5,13.0,Anomalous,33,15,0.4545454545454545,86,80,0.9302325581395348,2.4375,53.0,1.0,1.0,1.849056603773585,0.0188679245283018,0.0188679245283018
SITE0089,1,1.0,0.0,6.0,0.0,Deteriorating,10,1,0.1,12,12,1.0,1.75,2.0,1.0,1.0,3.5,0.5,0.5
SITE0089,2,1.0,0.0,6.5,0.0,Deteriorating,20,2,0.1,32,27,0.84375,1.6296296296296295,3.0,0.0,0.0,0.6666666666666666,0.0,0.0
SITE0089,3,0.0,0.0,4.0,11.0,Deteriorating,28,4,0.1428571428571428,46,43,0.9347826086956522,2.069767441860465,3.0,0.0,0.0,2.6666666666666665,0.0,0.0
SITE0089,4,2.0,4.0,8.666666666666666,2.0,Deteriorating,35,5,0.1428571428571428,59,51,0.864406779661017,2.0980392156862746,4.0,0.0,0.0,2.25,0.0,0.0
SITE0089,5,1.0,0.0,1.0,0.0,Deteriorating,27,6,0.2222222222222222,44,41,0.9318181818181818,1.9268292682926829,5.0,1.0,1.0,1.4,0.2,0.2
SITE0089,6,4.0,3.0,8.0,7.333333333333333,Deteriorating,31,3,0.0967741935483871,49,45,0.9183673469387756,1.7333333333333334,11.0,0.0,0.0,1.7272727272727273,0.0,0.0
SITE0089,7,3.0,1.0,6.8,18.0,Deteriorating,41,7,0.1707317073170731,65,63,0.9692307692307692,1.9047619047619049,7.0,1.0,1.0,1.7142857142857142,0.1428571428571428,0.1428571428571428
SITE0089,8,1.0,2.0,6.75,3.0,Deteriorating,42,11,0.2619047619047619,76,71,0.9342105263157896,2.436619718309859,10.0,1.0,1.0,1.8,0.1,0.1
SITE0089,9,2.0,4.0,10.75,10.0,Deteriorating,42,8,0.1904761904761904,64,59,0.921875,1.7627118644067796,12.0,0.0,0.0,1.3333333333333333,0.0,0.0
SITE0089,10,1.0,6.0,9.166666666666666,10.4,Deteriorating,37,6,0.1621621621621621,56,50,0.8928571428571429,2.26,10.0,0.0,0.0,0.9,0.0,0.0
SITE0089,11,2.0,4.0,7.0,13.666666666666666,Deteriorating,29,5,0.1724137931034483,48,44,0.9166666666666666,2.022727272727273,8.0,1.0,1.0,1.875,0.125,0.125
SITE0089,12,7.0,1.0,3.5,7.75,Deteriorating,21,8,0.3809523809523809,61,56,0.918032786885246,2.0357142857142856,47.0,3.0,3.0,1.8085106382978724,0.0638297872340425,0.0638297872340425
SITE0090,1,0.0,0.0,0.0,10.0,Deteriorating,4,0,0.0,4,4,1.0,0.75,0.0,0.0,0.0,0.0,0.0,0.0
SITE0090,2,2.0,0.0,7.0,7.0,Deteriorating,13,0,0.0,21,18,0.8571428571428571,2.888888888888889,2.0,0.0,0.0,0.5,0.0,0.0
SITE0090,3,2.0,1.0,9.0,0.0,Deteriorating,17,0,0.0,27,25,0.925925925925926,1.96,4.0,0.0,0.0,1.25,0.0,0.0
SITE0090,4,2.0,1.0,7.5,3.0,Deteriorating,25,3,0.12,43,35,0.813953488372093,1.9714285714285715,7.0,0.0,0.0,1.5714285714285714,0.0,0.0
SITE0090,5,1.0,0.0,4.0,5.0,Deteriorating,24,6,0.25,38,36,0.9473684210526316,1.9166666666666667,8.0,0.0,0.0,2.25,0.0,0.0
SITE0090,6,5.0,1.0,4.333333333333333,9.666666666666666,Deteriorating,31,8,0.2580645161290322,42,38,0.9047619047619048,1.947368421052632,2.0,0.0,0.0,2.5,0.0,0.0
SITE0090,7,0.0,2.0,7.0,0.0,Deteriorating,36,13,0.3611111111111111,59,52,0.8813559322033898,2.0,7.0,0.0,0.0,2.0,0.0,0.0
SITE0090,8,4.0,0.0,7.8,10.5,Deteriorating,38,12,0.3157894736842105,67,63,0.9402985074626866,2.1746031746031744,3.0,0.0,0.0,0.6666666666666666,0.0,0.0
SITE0090,9,7.0,1.0,5.571428571428571,5.6,Deteriorating,41,10,0.2439024390243902,64,59,0.921875,1.8305084745762712,9.0,1.0,1.0,1.3333333333333333,0.1111111111111111,0.1111111111111111
SITE0090,10,8.0,1.0,10.0,17.6,Deteriorating,32,5,0.15625,52,50,0.9615384615384616,2.16,10.0,0.0,0.0,1.3,0.0,0.0
SITE0090,11,4.0,5.0,6.25,7.5,Deteriorating,31,4,0.1290322580645161,50,46,0.92,2.5217391304347827,11.0,0.0,0.0,1.3636363636363635,0.0,0.0
SITE0090,12,6.0,5.0,8.0,10.333333333333334,Deteriorating,24,5,0.2083333333333333,67,62,0.9253731343283582,1.7580645161290325,49.0,2.0,2.0,2.591836734693877,0.0408163265306122,0.0408163265306122
SITE0091,1,1.0,2.0,0.0,0.0,Stable,7,1,0.1428571428571428,10,10,1.0,2.5,1.0,0.0,0.0,6.0,0.0,0.0
SITE0091,2,3.0,1.0,0.0,13.666666666666666,Stable,15,2,0.1333333333333333,25,23,0.92,2.0434782608695654,2.0,0.0,0.0,2.5,0.0,0.0
SITE0091,3,1.0,2.0,11.0,17.0,Stable,25,4,0.16,38,33,0.868421052631579,1.7575757575757576,5.0,0.0,0.0,1.4,0.0,0.0
SITE0091,4,0.0,0.0,9.5,0.0,Stable,36,9,0.25,57,50,0.8771929824561403,1.8,2.0,0.0,0.0,2.5,0.0,0.0
SITE0091,5,1.0,0.0,7.0,16.0,Stable,35,10,0.2857142857142857,60,56,0.9333333333333332,1.7321428571428572,3.0,0.0,0.0,0.6666666666666666,0.0,0.0
SITE0091,6,0.0,0.0,2.0,5.0,Stable,39,15,0.3846153846153846,60,54,0.9,1.7592592592592593,8.0,0.0,0.0,1.5,0.0,0.0
SITE0091,7,2.0,1.0,0.0,6.0,Stable,36,18,0.5,59,56,0.9491525423728814,2.3035714285714284,12.0,0.0,0.0,2.083333333333333,0.0,0.0
SITE0091,8,2.0,0.0,3.0,5.0,Stable,30,10,0.3333333333333333,50,47,0.94,1.8297872340425527,11.0,0.0,0.0,1.818181818181818,0.0,0.0
SITE0091,9,3.0,0.0,9.0,0.0,Stable,29,8,0.2758620689655172,42,38,0.9047619047619048,2.263157894736842,11.0,0.0,0.0,1.181818181818182,0.0,0.0
SITE0091,10,1.0,0.0,0.0,11.0,Stable,34,4,0.1176470588235294,54,51,0.9444444444444444,1.9803921568627447,22.0,3.0,3.0,2.0,0.1363636363636363,0.1363636363636363
SITE0091,11,4.0,2.0,7.5,5.0,Stable,27,4,0.1481481481481481,44,41,0.9318181818181818,2.365853658536585,17.0,0.0,0.0,2.0588235294117645,0.0,0.0
SITE0091,12,0.0,0.0,12.0,13.0,Stable,22,5,0.2272727272727272,59,58,0.9830508474576272,2.189655172413793,33.0,0.0,0.0,1.6666666666666667,0.0,0.0
SITE0092,1,3.0,2.0,6.0,17.0,Stable,17,5,0.2941176470588235,25,23,0.92,1.391304347826087,0.0,0.0,0.0,0.0,0.0,0.0
SITE0092,2,3.0,0.0,5.5,0.0,Stable,22,5,0.2272727272727272,37,36,0.972972972972973,2.388888888888889,5.0,0.0,0.0,1.4,0.0,0.0
SITE0092,3,1.0,1.0,6.5,0.0,Stable,31,6,0.1935483870967742,53,48,0.9056603773584906,2.1875,3.0,0.0,0.0,1.3333333333333333,0.0,0.0
SITE0092,4,2.0,3.0,3.0,0.0,Stable,32,2,0.0625,49,47,0.9591836734693876,2.127659574468085,7.0,0.0,0.0,0.4285714285714285,0.0,0.0
SITE0092,5,3.0,1.0,0.0,0.0,Stable,23,3,0.1304347826086956,38,32,0.8421052631578947,2.625,7.0,1.0,1.0,1.2857142857142858,0.1428571428571428,0.1428571428571428
SITE0092,6,1.0,1.0,8.0,17.0,Stable,23,6,0.2608695652173913,34,32,0.9411764705882352,2.21875,5.0,0.0,0.0,2.4,0.0,0.0
SITE0092,7,2.0,1.0,6.0,2.0,Stable,24,8,0.3333333333333333,39,36,0.9230769230769232,1.5,4.0,0.0,0.0,2.5,0.0,0.0
SITE0092,8,3.0,1.0,0.0,20.0,Stable,22,7,0.3181818181818182,35,34,0.9714285714285714,1.911764705882353,8.0,1.0,1.0,1.75,0.125,0.125
SITE0092,9,0.0,0.0,0.0,14.0,Stable,27,6,0.2222222222222222,40,37,0.925,1.7837837837837838,9.0,0.0,0.0,0.7777777777777778,0.0,0.0
SITE0092,10,0.0,1.0,1.0,0.0,Stable,26,5,0.1923076923076923,39,37,0.9487179487179488,2.27027027027027,6.0,0.0,0.0,2.333333333333333,0.0,0.0
SITE0092,11,2.0,1.0,8.0,8.0,Stable,24,3,0.125,40,36,0.9,2.5,4.0,0.0,0.0,2.25,0.0,0.0
SITE0092,12,0.0,1.0,6.0,0.0,Stable,19,4,0.2105263157894736,51,49,0.9607843137254902,2.9183673469387754,35.0,0.0,0.0,2.0285714285714285,0.0,0.0
SITE0093,1,2.0,1.0,3.333333333333333,17.0,Anomalous,5,1,0.2,7,6,0.8571428571428571,1.6666666666666667,1.0,0.0,0.0,0.0,0.0,0.0
SITE0093,2,5.0,3.0,8.0,5.0,Anomalous,13,2,0.1538461538461538,18,17,0.9444444444444444,2.411764705882353,0.0,0.0,0.0,0.0,0.0,0.0
SITE0093,3,3.0,1.0,2.0,10.75,Anomalous,20,4,0.2,36,36,1.0,2.583333333333333,3.0,0.0,0.0,1.0,0.0,0.0
SITE0093,4,3.0,3.0,7.833333333333333,8.0,Anomalous,33,3,0.0909090909090909,52,47,0.903846153846154,2.127659574468085,4.0,0.0,0.0,3.5,0.0,0.0
SITE0093,5,17.0,5.0,7.454545454545454,10.285714285714286,Anomalous,36,1,0.0277777777777777,58,53,0.913793103448276,2.018867924528302,10.0,1.0,1.0,1.4,0.1,0.1
SITE0093,6,9.0,3.0,8.8,19.0,Anomalous,36,5,0.1388888888888889,55,49,0.8909090909090909,1.816326530612245,10.0,0.0,0.0,2.3,0.0,0.0
SITE0093,7,3.0,2.0,6.0,9.0,Anomalous,40,7,0.175,65,59,0.9076923076923076,2.3389830508474576,9.0,0.0,0.0,1.3333333333333333,0.0,0.0
SITE0093,8,5.0,2.0,2.5,16.0,Anomalous,40,8,0.2,64,61,0.953125,2.442622950819672,15.0,1.0,1.0,1.6666666666666667,0.0666666666666666,0.0666666666666666
SITE0093,9,3.0,1.0,4.5,7.666666666666667,Anomalous,38,6,0.1578947368421052,59,57,0.9661016949152542,1.8596491228070176,12.0,1.0,1.0,1.4166666666666667,0.0833333333333333,0.0833333333333333
SITE0093,10,4.0,2.0,6.0,6.0,Anomalous,44,7,0.1590909090909091,74,69,0.9324324324324323,1.6666666666666667,13.0,0.0,0.0,1.1538461538461535,0.0,0.0
SITE0093,11,3.0,6.0,8.666666666666666,9.0,Anomalous,40,2,0.05,63,56,0.8888888888888888,2.017857142857143,14.0,1.0,1.0,2.7857142857142856,0.0714285714285714,0.0714285714285714
SITE0093,12,4.0,3.0,2.5,15.75,Anomalous,26,2,0.0769230769230769,67,59,0.8805970149253731,2.067796610169492,45.0,2.0,2.0,1.5555555555555556,0.0444444444444444,0.0444444444444444
SITE0094,1,1.0,1.0,5.5,0.0,Deteriorating,15,3,0.2,23,21,0.9130434782608696,1.7142857142857142,3.0,0.0,0.0,0.6666666666666666,0.0,0.0
SITE0094,2,3.0,1.0,0.0,0.0,Deteriorating,31,7,0.2258064516129032,51,48,0.9411764705882352,1.9166666666666667,3.0,0.0,0.0,1.6666666666666667,0.0,0.0
SITE0094,3,3.0,0.0,1.0,0.0,Deteriorating,45,9,0.2,71,65,0.9154929577464788,2.0923076923076924,8.0,0.0,0.0,2.375,0.0,0.0
SITE0094,4,1.0,1.0,8.5,0.0,Deteriorating,51,11,0.2156862745098039,83,75,0.9036144578313252,1.9733333333333332,6.0,0.0,0.0,2.333333333333333,0.0,0.0
SITE0094,5,3.0,1.0,0.0,5.0,Deteriorating,43,9,0.2093023255813953,70,60,0.8571428571428571,2.0166666666666666,6.0,0.0,0.0,1.5,0.0,0.0
SITE0094,6,1.0,2.0,7.666666666666667,1.0,Deteriorating,39,9,0.2307692307692307,55,52,0.9454545454545454,2.269230769230769,4.0,0.0,0.0,1.5,0.0,0.0
SITE0094,7,4.0,5.0,7.5,12.333333333333334,Deteriorating,37,9,0.2432432432432432,60,56,0.9333333333333332,2.0892857142857144,15.0,3.0,3.0,1.6,0.2,0.2
SITE0094,8,6.0,1.0,5.666666666666667,5.0,Deteriorating,42,7,0.1666666666666666,72,68,0.9444444444444444,1.8676470588235292,14.0,1.0,1.0,1.5,0.0714285714285714,0.0714285714285714
SITE0094,9,8.0,3.0,11.0,15.333333333333334,Deteriorating,43,7,0.1627906976744186,71,68,0.9577464788732394,2.235294117647059,13.0,2.0,2.0,2.6153846153846154,0.1538461538461538,0.1538461538461538
SITE0094,10,7.0,1.0,9.0,8.25,Deteriorating,38,6,0.1578947368421052,66,60,0.9090909090909092,2.0,12.0,1.0,1.0,1.4166666666666667,0.0833333333333333,0.0833333333333333
SITE0094,11,8.0,7.0,10.444444444444445,9.0,Deteriorating,43,5,0.1162790697674418,63,57,0.9047619047619048,1.8596491228070176,14.0,1.0,1.0,1.9285714285714288,0.0714285714285714,0.0714285714285714
SITE0094,12,4.0,4.0,9.2,4.75,Deteriorating,29,2,0.0689655172413793,101,97,0.9603960396039604,2.422680412371134,59.0,3.0,3.0,1.7118644067796611,0.0508474576271186,0.0508474576271186
SITE0095,1,0.0,0.0,6.5,0.0,Deteriorating,10,0,0.0,16,13,0.8125,1.5384615384615383,1.0,0.0,0.0,1.0,0.0,0.0
SITE0095,2,2.0,1.0,0.0,0.0,Deteriorating,21,1,0.0476190476190476,30,29,0.9666666666666668,2.6206896551724137,1.0,0.0,0.0,4.0,0.0,0.0
SITE0095,3,1.0,0.0,1.5,2.0,Deteriorating,30,7,0.2333333333333333,49,42,0.8571428571428571,2.238095238095238,3.0,0.0,0.0,1.6666666666666667,0.0,0.0
SITE0095,4,4.0,1.0,8.666666666666666,3.0,Deteriorating,43,12,0.2790697674418604,68,62,0.9117647058823528,2.0806451612903225,6.0,0.0,0.0,2.0,0.0,0.0
SITE0095,5,3.0,2.0,8.0,11.0,Deteriorating,45,18,0.4,72,67,0.9305555555555556,2.014925373134328,6.0,2.0,2.0,2.5,0.3333333333333333,0.3333333333333333
SITE0095,6,3.0,3.0,7.5,13.0,Deteriorating,57,19,0.3333333333333333,96,91,0.9479166666666666,2.021978021978022,16.0,1.0,1.0,1.5,0.0625,0.0625
SITE0095,7,5.0,3.0,8.5,18.0,Deteriorating,59,12,0.2033898305084746,92,83,0.9021739130434784,2.0120481927710845,17.0,1.0,1.0,1.7058823529411764,0.0588235294117647,0.0588235294117647
SITE0095,8,7.0,3.0,8.0,9.5,Deteriorating,52,9,0.173076923076923,85,79,0.9294117647058824,2.037974683544304,12.0,0.0,0.0,2.333333333333333,0.0,0.0
SITE0095,9,9.0,2.0,3.0,0.0,Deteriorating,48,5,0.1041666666666666,76,69,0.9078947368421052,2.681159420289855,18.0,0.0,0.0,1.9444444444444444,0.0,0.0
SITE0095,10,2.0,6.0,6.5,9.0,Deteriorating,43,4,0.0930232558139534,71,65,0.9154929577464788,1.7076923076923076,14.0,0.0,0.0,1.6428571428571428,0.0,0.0
SITE0095,11,4.0,7.0,6.25,7.2,Deteriorating,40,7,0.175,72,66,0.9166666666666666,2.4545454545454546,20.0,1.0,1.0,1.75,0.05,0.05
SITE0095,12,14.0,2.0,6.5,7.75,Deteriorating,27,8,0.2962962962962963,77,73,0.948051948051948,2.3835616438356166,39.0,2.0,2.0,2.025641025641025,0.0512820512820512,0.0512820512820512
SITE0096,1,0.0,1.0,5.5,0.0,Deteriorating,9,2,0.2222222222222222,14,13,0.9285714285714286,1.6153846153846154,1.0,0.0,0.0,0.0,0.0,0.0
SITE0096,2,0.0,0.0,0.0,0.0,,19,2,0.1052631578947368,34,32,0.9411764705882352,2.125,1.0,0.0,0.0,2.0,0.0,0.0
SITE0096,3,1.0,0.0,9.0,0.0,Deteriorating,27,3,0.1111111111111111,46,39,0.8478260869565217,1.8205128205128205,1.0,0.0,0.0,1.0,0.0,0.0
SITE0096,4,3.0,2.0,9.0,0.0,Deteriorating,33,4,0.1212121212121212,53,48,0.9056603773584906,1.4583333333333333,8.0,0.0,0.0,1.625,0.0,0.0
SITE0096,5,7.0,3.0,0.0,16.0,Deteriorating,31,8,0.2580645161290322,49,46,0.9387755102040816,2.260869565217391,7.0,0.0,0.0,1.1428571428571428,0.0,0.0
SITE0096,6,7.0,1.0,7.5,11.5,Deteriorating,29,9,0.3103448275862069,47,43,0.9148936170212766,2.581395348837209,7.0,0.0,0.0,1.4285714285714286,0.0,0.0
SITE0096,7,3.0,1.0,6.285714285714286,9.0,Deteriorating,29,8,0.2758620689655172,46,44,0.9565217391304348,2.090909090909091,12.0,0.0,0.0,1.5,0.0,0.0
SITE0096,8,3.0,5.0,4.5,0.0,Deteriorating,24,6,0.25,38,35,0.9210526315789472,1.9428571428571428,6.0,0.0,0.0,1.8333333333333333,0.0,0.0
SITE0096,9,3.0,5.0,3.0,10.0,Deteriorating,27,11,0.4074074074074074,43,38,0.8837209302325582,2.5,9.0,0.0,0.0,1.1111111111111112,0.0,0.0
SITE0096,10,6.0,5.0,8.6,14.0,Deteriorating,28,10,0.3571428571428571,47,44,0.9361702127659576,2.136363636363636,7.0,0.0,0.0,2.2857142857142856,0.0,0.0
SITE0096,11,4.0,2.0,4.5,10.666666666666666,Deteriorating,26,7,0.2692307692307692,41,40,0.975609756097561,2.35,6.0,0.0,0.0,1.8333333333333333,0.0,0.0
SITE0096,12,12.0,0.0,7.666666666666667,16.5,Deteriorating,20,8,0.4,58,56,0.9655172413793104,2.3035714285714284,28.0,0.0,0.0,1.3571428571428572,0.0,0.0
SITE0097,1,2.0,2.0,0.0,0.0,Deteriorating,15,3,0.2,19,16,0.8421052631578947,1.75,0.0,0.0,0.0,0.0,0.0,0.0
SITE0097,2,0.0,1.0,10.5,0.0,Deteriorating,30,7,0.2333333333333333,48,44,0.9166666666666666,2.340909090909091,1.0,0.0,0.0,3.0,0.0,0.0
SITE0097,3,2.0,1.0,2.0,18.0,Deteriorating,40,5,0.125,65,60,0.9230769230769232,2.5166666666666666,8.0,0.0,0.0,1.625,0.0,0.0
SITE0097,4,2.0,1.0,11.0,11.5,Deteriorating,53,8,0.1509433962264151,84,78,0.9285714285714286,2.1794871794871797,9.0,0.0,0.0,1.8888888888888888,0.0,0.0
SITE0097,5,5.0,1.0,7.75,16.0,Deteriorating,54,12,0.2222222222222222,84,77,0.9166666666666666,1.9350649350649352,14.0,0.0,0.0,1.9285714285714288,0.0,0.0
SITE0097,6,5.0,2.0,0.0,8.0,Deteriorating,49,14,0.2857142857142857,82,76,0.926829268292683,1.9605263157894737,9.0,1.0,1.0,1.4444444444444444,0.1111111111111111,0.1111111111111111
SITE0097,7,5.0,2.0,7.5,20.0,Deteriorating,49,16,0.3265306122448979,80,72,0.9,2.236111111111111,23.0,1.0,1.0,1.3478260869565215,0.0434782608695652,0.0434782608695652
SITE0097,8,2.0,3.0,5.333333333333333,17.0,Deteriorating,40,6,0.15,59,56,0.9491525423728814,2.1607142857142856,18.0,1.0,1.0,1.5555555555555556,0.0555555555555555,0.0555555555555555
SITE0097,9,6.0,1.0,11.0,11.5,Deteriorating,35,4,0.1142857142857142,53,47,0.8867924528301887,1.6170212765957446,10.0,0.0,0.0,1.9,0.0,0.0
SITE0097,10,7.0,3.0,7.0,1.0,Deteriorating,33,7,0.2121212121212121,54,49,0.9074074074074074,2.571428571428572,13.0,0.0,0.0,1.9230769230769231,0.0,0.0
SITE0097,11,3.0,2.0,9.8,8.833333333333334,Deteriorating,39,9,0.2307692307692307,65,57,0.8769230769230769,1.912280701754386,22.0,2.0,2.0,1.8636363636363635,0.0909090909090909,0.0909090909090909
SITE0097,12,7.0,2.0,8.333333333333334,12.0,Deteriorating,28,11,0.3928571428571428,81,75,0.925925925925926,1.9733333333333332,35.0,2.0,2.0,1.8857142857142857,0.0571428571428571,0.0571428571428571
SITE0098,1,1.0,0.0,0.0,0.0,Deteriorating,9,0,0.0,12,10,0.8333333333333334,3.1,0.0,0.0,0.0,0.0,0.0,0.0
SITE0098,2,2.0,2.0,0.0,14.0,Deteriorating,20,0,0.0,31,26,0.8387096774193549,2.0384615384615383,2.0,0.0,0.0,1.5,0.0,0.0
SITE0098,3,3.0,4.0,0.0,15.0,Deteriorating,32,4,0.125,54,48,0.8888888888888888,1.9166666666666667,8.0,1.0,1.0,1.75,0.125,0.125
SITE0098,4,3.0,0.0,6.333333333333333,0.0,Deteriorating,36,7,0.1944444444444444,64,59,0.921875,1.6610169491525424,8.0,1.0,1.0,0.875,0.125,0.125
SITE0098,5,1.0,2.0,5.0,0.0,Deteriorating,32,8,0.25,53,49,0.9245283018867924,2.0,7.0,1.0,1.0,1.0,0.1428571428571428,0.1428571428571428
SITE0098,6,0.0,4.0,8.4,19.666666666666668,Deteriorating,29,7,0.2413793103448276,44,39,0.8863636363636364,1.8974358974358971,11.0,0.0,0.0,1.5454545454545454,0.0,0.0
SITE0098,7,4.0,0.0,8.0,10.0,Deteriorating,24,3,0.125,37,30,0.8108108108108109,2.2,9.0,0.0,0.0,2.7777777777777777,0.0,0.0
SITE0098,8,8.0,2.0,4.0,9.0,Deteriorating,31,4,0.1290322580645161,44,41,0.9318181818181818,2.1219512195121952,3.0,0.0,0.0,1.6666666666666667,0.0,0.0
SITE0098,9,5.0,1.0,8.142857142857142,12.25,Deteriorating,29,8,0.2758620689655172,54,52,0.9629629629629628,2.5384615384615383,6.0,0.0,0.0,2.6666666666666665,0.0,0.0
SITE0098,10,5.0,5.0,8.75,11.2,Deteriorating,33,8,0.2424242424242424,52,49,0.9423076923076924,1.8571428571428568,12.0,0.0,0.0,2.75,0.0,0.0
SITE0098,11,4.0,4.0,8.0,8.666666666666666,Deteriorating,32,4,0.125,47,45,0.9574468085106383,2.2444444444444445,8.0,1.0,1.0,0.875,0.125,0.125
SITE0098,12,5.0,5.0,11.0,9.666666666666666,Deteriorating,16,1,0.0625,48,42,0.875,2.142857142857143,44.0,3.0,3.0,1.3409090909090908,0.0681818181818181,0.0681818181818181
SITE0099,1,4.0,2.0,7.0,0.0,Anomalous,10,4,0.4,15,14,0.9333333333333332,1.7142857142857142,1.0,0.0,0.0,2.0,0.0,0.0
SITE0099,2,5.0,3.0,5.0,17.0,Anomalous,25,4,0.16,41,37,0.902439024390244,2.3783783783783785,2.0,1.0,1.0,1.5,0.5,0.5
SITE0099,3,1.0,1.0,2.5,2.0,Anomalous,40,4,0.1,62,59,0.9516129032258064,2.0,9.0,0.0,0.0,0.7777777777777778,0.0,0.0
SITE0099,4,4.0,0.0,8.125,8.0,Anomalous,47,0,0.0,77,70,0.9090909090909092,2.157142857142857,5.0,0.0,0.0,1.6,0.0,0.0
SITE0099,5,2.0,1.0,10.4,12.0,Anomalous,54,4,0.074074074074074,89,80,0.898876404494382,1.825,9.0,2.0,2.0,2.0,0.2222222222222222,0.2222222222222222
SITE0099,6,4.0,2.0,4.0,10.0,Anomalous,50,5,0.1,80,78,0.975,1.9102564102564104,13.0,0.0,0.0,2.076923076923077,0.0,0.0
SITE0099,7,5.0,3.0,9.5,9.0,Anomalous,45,5,0.1111111111111111,74,69,0.9324324324324323,2.4057971014492754,8.0,0.0,0.0,1.625,0.0,0.0
SITE0099,8,0.0,1.0,5.0,14.25,Anomalous,45,8,0.1777777777777777,72,67,0.9305555555555556,2.253731343283582,11.0,0.0,0.0,1.9090909090909087,0.0,0.0
SITE0099,9,16.0,11.0,5.75,11.5,Anomalous,38,5,0.131578947368421,60,56,0.9333333333333332,2.0,16.0,0.0,0.0,2.3125,0.0,0.0
SITE0099,10,7.0,1.0,10.0,9.0,Anomalous,41,8,0.1951219512195122,66,65,0.9848484848484848,1.8,15.0,1.0,1.0,1.3333333333333333,0.0666666666666666,0.0666666666666666
SITE0099,11,3.0,2.0,0.0,10.0,Anomalous,40,12,0.3,59,56,0.9491525423728814,2.0357142857142856,20.0,2.0,2.0,2.3,0.1,0.1
SITE0099,12,5.0,3.0,7.333333333333333,12.666666666666666,Anomalous,28,19,0.6785714285714286,79,75,0.9493670886075948,2.1866666666666665,47.0,6.0,6.0,1.851063829787234,0.1276595744680851,0.1276595744680851
SITE0100,1,11.0,4.0,7.8,10.166666666666666,High Risk,7,0,0.0,9,7,0.7777777777777778,1.7142857142857142,0.0,0.0,0.0,0.0,0.0,0.0
SITE0100,2,6.0,6.0,10.166666666666666,10.4,High Risk,22,3,0.1363636363636363,35,34,0.9714285714285714,2.0294117647058822,3.0,0.0,0.0,2.0,0.0,0.0
SITE0100,3,8.0,5.0,7.0,12.5,High Risk,32,6,0.1875,53,47,0.8867924528301887,2.297872340425532,5.0,1.0,1.0,1.4,0.2,0.2
SITE0100,4,12.0,3.0,7.6,4.0,High Risk,40,8,0.2,68,61,0.8970588235294118,2.2295081967213117,6.0,0.0,0.0,2.6666666666666665,0.0,0.0
SITE0100,5,6.0,5.0,11.0,12.666666666666666,High Risk,41,8,0.1951219512195122,67,62,0.9253731343283582,2.2419354838709675,7.0,1.0,1.0,1.0,0.1428571428571428,0.1428571428571428
SITE0100,6,13.0,4.0,7.153846153846154,11.0,High Risk,40,6,0.15,65,62,0.953846153846154,2.2096774193548385,7.0,1.0,1.0,1.8571428571428568,0.1428571428571428,0.1428571428571428
SITE0100,7,9.0,7.0,7.0,9.333333333333334,High Risk,41,6,0.1463414634146341,64,59,0.921875,1.5254237288135593,6.0,0.0,0.0,1.5,0.0,0.0
SITE0100,8,8.0,5.0,6.25,11.22222222222222,High Risk,43,6,0.1395348837209302,72,64,0.8888888888888888,2.359375,19.0,1.0,1.0,1.631578947368421,0.0526315789473684,0.0526315789473684
SITE0100,9,10.0,4.0,10.333333333333334,9.857142857142858,High Risk,40,5,0.125,68,64,0.9411764705882352,2.046875,18.0,0.0,0.0,2.833333333333333,0.0,0.0
SITE0100,10,8.0,5.0,6.333333333333333,11.444444444444445,High Risk,44,4,0.0909090909090909,70,64,0.9142857142857144,2.0625,12.0,0.0,0.0,1.5833333333333333,0.0,0.0
SITE0100,11,5.0,5.0,9.2,9.0,High Risk,38,3,0.0789473684210526,61,54,0.8852459016393442,2.351851851851852,17.0,0.0,0.0,2.411764705882353,0.0,0.0
SITE0100,12,7.0,2.0,10.2,10.5,High Risk,25,5,0.2,76,67,0.881578947368421,2.298507462686567,40.0,1.0,1.0,1.625,0.025,0.025
SITE0101,1,3.0,0.0,0.0,9.0,Deteriorating,9,0,0.0,12,11,0.9166666666666666,1.6363636363636365,0.0,0.0,0.0,0.0,0.0,0.0
SITE0101,2,0.0,0.0,8.0,8.0,Deteriorating,18,1,0.0555555555555555,26,24,0.9230769230769232,2.1666666666666665,0.0,0.0,0.0,0.0,0.0,0.0
SITE0101,3,4.0,0.0,0.0,19.0,Deteriorating,29,4,0.1379310344827586,50,46,0.92,2.065217391304348,7.0,0.0,0.0,1.1428571428571428,0.0,0.0
SITE0101,4,1.0,2.0,8.75,0.0,Deteriorating,39,5,0.1282051282051282,63,58,0.9206349206349206,1.9827586206896552,3.0,0.0,0.0,2.0,0.0,0.0
SITE0101,5,1.0,1.0,9.5,0.0,Deteriorating,41,6,0.1463414634146341,64,60,0.9375,1.6166666666666667,5.0,0.0,0.0,3.0,0.0,0.0
SITE0101,6,3.0,1.0,8.333333333333334,17.0,Deteriorating,44,8,0.1818181818181818,70,65,0.9285714285714286,2.0,7.0,1.0,1.0,1.2857142857142858,0.1428571428571428,0.1428571428571428
SITE0101,7,10.0,3.0,5.75,12.0,Deteriorating,47,10,0.2127659574468085,75,66,0.88,2.287878787878788,12.0,0.0,0.0,1.6666666666666667,0.0,0.0
SITE0101,8,1.0,1.0,4.571428571428571,2.0,Deteriorating,45,8,0.1777777777777777,75,69,0.92,2.130434782608696,16.0,0.0,0.0,1.9375,0.0,0.0
SITE0101,9,5.0,4.0,6.75,12.8,Deteriorating,42,4,0.0952380952380952,68,63,0.9264705882352942,2.0476190476190474,14.0,0.0,0.0,1.6428571428571428,0.0,0.0
SITE0101,10,6.0,3.0,5.0,11.0,Deteriorating,40,2,0.05,62,58,0.935483870967742,1.896551724137931,13.0,0.0,0.0,2.230769230769231,0.0,0.0
SITE0101,11,7.0,4.0,5.0,9.0,Deteriorating,34,1,0.0294117647058823,53,50,0.9433962264150944,2.12,18.0,0.0,0.0,2.7222222222222223,0.0,0.0
SITE0101,12,5.0,5.0,7.8,14.0,Deteriorating,25,5,0.2,72,60,0.8333333333333334,1.8333333333333333,43.0,1.0,1.0,1.8837209302325584,0.0232558139534883,0.0232558139534883
SITE0102,1,0.0,0.0,6.0,11.0,Deteriorating,9,2,0.2222222222222222,13,12,0.9230769230769232,1.5833333333333333,0.0,0.0,0.0,0.0,0.0,0.0
SITE0102,2,0.0,1.0,3.0,0.0,Deteriorating,22,7,0.3181818181818182,36,35,0.9722222222222222,2.0285714285714285,1.0,0.0,0.0,4.0,0.0,0.0
SITE0102,3,2.0,2.0,0.0,0.0,Deteriorating,38,11,0.2894736842105263,61,60,0.9836065573770492,2.066666666666667,5.0,1.0,1.0,1.0,0.2,0.2
SITE0102,4,6.0,0.0,6.0,14.25,Deteriorating,39,9,0.2307692307692307,64,61,0.953125,1.6885245901639343,10.0,0.0,0.0,1.8,0.0,0.0
SITE0102,5,5.0,2.0,3.5,9.0,Deteriorating,40,5,0.125,65,61,0.9384615384615383,2.065573770491804,9.0,1.0,1.0,1.0,0.1111111111111111,0.1111111111111111
SITE0102,6,5.0,2.0,7.4,15.666666666666666,Deteriorating,39,5,0.1282051282051282,57,52,0.912280701754386,2.230769230769231,11.0,0.0,0.0,2.1818181818181817,0.0,0.0
SITE0102,7,6.0,3.0,6.0,15.0,Deteriorating,39,6,0.1538461538461538,67,63,0.9402985074626866,2.507936507936508,19.0,0.0,0.0,1.4736842105263157,0.0,0.0
SITE0102,8,5.0,6.0,6.8,9.5,Deteriorating,50,10,0.2,77,71,0.922077922077922,2.408450704225352,14.0,1.0,1.0,1.7857142857142858,0.0714285714285714,0.0714285714285714
SITE0102,9,5.0,0.0,4.5,8.8,Deteriorating,47,11,0.2340425531914893,79,70,0.8860759493670886,2.057142857142857,15.0,2.0,2.0,1.6,0.1333333333333333,0.1333333333333333
SITE0102,10,2.0,5.0,10.0,13.0,Deteriorating,40,5,0.125,61,54,0.8852459016393442,1.8333333333333333,16.0,2.0,2.0,2.0625,0.125,0.125
SITE0102,11,7.0,0.0,1.0,12.5,Deteriorating,38,3,0.0789473684210526,60,56,0.9333333333333332,2.4107142857142856,12.0,3.0,3.0,1.8333333333333333,0.25,0.25
SITE0102,12,6.0,3.0,6.142857142857143,6.5,Deteriorating,21,4,0.1904761904761904,68,64,0.9411764705882352,1.875,41.0,0.0,0.0,1.2926829268292683,0.0,0.0
SITE0103,1,1.0,0.0,14.0,17.0,Stable,10,1,0.1,14,13,0.9285714285714286,2.3076923076923075,0.0,0.0,0.0,0.0,0.0,0.0
SITE0103,2,2.0,2.0,0.0,4.5,Stable,13,2,0.1538461538461538,21,19,0.9047619047619048,1.894736842105263,4.0,0.0,0.0,1.75,0.0,0.0
SITE0103,3,2.0,2.0,5.0,5.0,Stable,24,1,0.0416666666666666,40,36,0.9,2.388888888888889,8.0,0.0,0.0,0.75,0.0,0.0
SITE0103,4,5.0,1.0,3.6666666666666665,7.0,Stable,30,4,0.1333333333333333,47,44,0.9361702127659576,1.7727272727272727,3.0,0.0,0.0,2.0,0.0,0.0
SITE0103,5,1.0,0.0,8.0,9.0,Stable,28,2,0.0714285714285714,45,44,0.9777777777777776,2.136363636363636,5.0,0.0,0.0,1.8,0.0,0.0
SITE0103,6,2.0,0.0,0.0,6.0,Stable,29,2,0.0689655172413793,46,42,0.9130434782608696,1.7857142857142858,9.0,0.0,0.0,1.5555555555555556,0.0,0.0
SITE0103,7,2.0,1.0,3.6666666666666665,15.5,Stable,27,2,0.074074074074074,40,35,0.875,2.2857142857142856,6.0,0.0,0.0,1.8333333333333333,0.0,0.0
SITE0103,8,2.0,1.0,4.0,0.0,Stable,25,2,0.08,38,32,0.8421052631578947,2.1875,7.0,1.0,1.0,1.8571428571428568,0.1428571428571428,0.1428571428571428
SITE0103,9,2.0,1.0,2.5,0.0,Stable,26,6,0.2307692307692307,44,41,0.9318181818181818,2.1951219512195124,14.0,1.0,1.0,2.071428571428572,0.0714285714285714,0.0714285714285714
SITE0103,10,4.0,0.0,5.0,3.0,Stable,27,5,0.1851851851851851,41,39,0.951219512195122,2.769230769230769,9.0,0.0,0.0,1.7777777777777777,0.0,0.0
SITE0103,11,2.0,2.0,7.0,18.0,Stable,31,8,0.2580645161290322,51,47,0.9215686274509804,2.042553191489361,9.0,0.0,0.0,2.4444444444444446,0.0,0.0
SITE0103,12,0.0,0.0,6.0,0.0,Stable,20,7,0.35,71,66,0.9295774647887324,2.515151515151515,40.0,4.0,4.0,2.1,0.1,0.1
SITE0104,1,1.0,1.0,0.0,0.0,Deteriorating,7,3,0.4285714285714285,12,12,1.0,1.8333333333333333,0.0,0.0,0.0,0.0,0.0,0.0
SITE0104,2,1.0,2.0,0.0,0.0,Deteriorating,17,4,0.2352941176470588,25,23,0.92,2.0434782608695654,5.0,0.0,0.0,3.4,0.0,0.0
SITE0104,3,1.0,0.0,0.0,5.0,Deteriorating,24,7,0.2916666666666667,39,35,0.8974358974358975,2.1714285714285717,3.0,0.0,0.0,0.6666666666666666,0.0,0.0
SITE0104,4,2.0,2.0,0.0,0.0,Deteriorating,37,8,0.2162162162162162,58,57,0.9827586206896552,1.9649122807017545,6.0,0.0,0.0,1.8333333333333333,0.0,0.0
SITE0104,5,1.0,4.0,8.0,13.0,Deteriorating,38,11,0.2894736842105263,64,61,0.953125,2.5737704918032787,10.0,0.0,0.0,2.4,0.0,0.0
SITE0104,6,7.0,3.0,3.0,10.666666666666666,Deteriorating,31,8,0.2580645161290322,51,47,0.9215686274509804,2.021276595744681,8.0,0.0,0.0,1.75,0.0,0.0
SITE0104,7,1.0,3.0,12.0,12.0,Deteriorating,27,6,0.2222222222222222,44,41,0.9318181818181818,2.5365853658536586,6.0,0.0,0.0,1.3333333333333333,0.0,0.0
SITE0104,8,4.0,3.0,10.0,9.0,Deteriorating,22,2,0.0909090909090909,32,28,0.875,1.8928571428571428,12.0,1.0,1.0,2.5,0.0833333333333333,0.0833333333333333
SITE0104,9,6.0,4.0,7.25,3.0,Deteriorating,22,1,0.0454545454545454,38,33,0.868421052631579,1.7575757575757576,7.0,0.0,0.0,1.4285714285714286,0.0,0.0
SITE0104,10,3.0,1.0,8.333333333333334,13.75,Deteriorating,21,2,0.0952380952380952,38,35,0.9210526315789472,2.1714285714285717,9.0,1.0,1.0,2.4444444444444446,0.1111111111111111,0.1111111111111111
SITE0104,11,10.0,2.0,8.75,13.5,Deteriorating,23,2,0.0869565217391304,36,35,0.9722222222222222,2.4285714285714284,8.0,1.0,1.0,2.75,0.125,0.125
SITE0104,12,9.0,6.0,7.333333333333333,7.0,Deteriorating,14,0,0.0,43,42,0.9767441860465116,2.4047619047619047,29.0,1.0,1.0,1.6551724137931034,0.0344827586206896,0.0344827586206896
SITE0105,1,2.0,2.0,14.0,0.0,Stable,10,1,0.1,13,12,0.9230769230769232,1.8333333333333333,2.0,0.0,0.0,3.0,0.0,0.0
SITE0105,2,1.0,2.0,11.0,0.0,Stable,18,2,0.1111111111111111,29,26,0.896551724137931,1.807692307692308,3.0,0.0,0.0,1.3333333333333333,0.0,0.0
SITE0105,3,2.0,0.0,7.5,0.0,Stable,44,4,0.0909090909090909,68,61,0.8970588235294118,2.377049180327869,7.0,0.0,0.0,1.7142857142857142,0.0,0.0
SITE0105,4,0.0,2.0,2.5,13.0,Stable,52,6,0.1153846153846153,89,85,0.9550561797752808,2.047058823529412,12.0,0.0,0.0,1.4166666666666667,0.0,0.0
SITE0105,5,2.0,1.0,7.666666666666667,14.0,Stable,51,3,0.0588235294117647,81,73,0.9012345679012346,2.4794520547945207,11.0,2.0,2.0,1.3636363636363635,0.1818181818181818,0.1818181818181818
SITE0105,6,3.0,2.0,0.0,10.5,Stable,48,9,0.1875,73,70,0.958904109589041,1.8,11.0,0.0,0.0,1.5454545454545454,0.0,0.0
SITE0105,7,1.0,1.0,0.0,19.0,Stable,44,8,0.1818181818181818,66,56,0.8484848484848485,1.8571428571428568,24.0,0.0,0.0,1.7916666666666667,0.0,0.0
SITE0105,8,1.0,0.0,8.0,6.0,Stable,49,10,0.2040816326530612,80,70,0.875,1.7142857142857142,19.0,1.0,1.0,1.5263157894736843,0.0526315789473684,0.0526315789473684
SITE0105,9,2.0,0.0,0.0,0.0,Stable,52,10,0.1923076923076923,82,77,0.9390243902439024,1.6493506493506491,21.0,0.0,0.0,1.4285714285714286,0.0,0.0
SITE0105,10,2.0,2.0,0.0,20.0,Stable,53,6,0.1132075471698113,83,76,0.9156626506024096,2.131578947368421,11.0,2.0,2.0,1.5454545454545454,0.1818181818181818,0.1818181818181818
SITE0105,11,1.0,2.0,0.0,0.0,Stable,45,6,0.1333333333333333,76,72,0.9473684210526316,2.5277777777777777,17.0,3.0,3.0,0.7058823529411765,0.1764705882352941,0.1764705882352941
SITE0105,12,1.0,1.0,6.0,6.0,Stable,30,13,0.4333333333333333,82,76,0.926829268292683,1.973684210526316,37.0,2.0,2.0,1.7837837837837838,0.054054054054054,0.054054054054054
SITE0106,1,2.0,0.0,6.0,1.0,Stable,7,3,0.4285714285714285,10,10,1.0,1.0,1.0,0.0,0.0,0.0,0.0,0.0
SITE0106,2,1.0,0.0,0.0,12.0,Stable,21,6,0.2857142857142857,30,29,0.9666666666666668,2.0,5.0,0.0,0.0,3.6,0.0,0.0
SITE0106,3,1.0,0.0,8.0,2.0,Stable,30,7,0.2333333333333333,53,49,0.9245283018867924,1.9795918367346936,8.0,0.0,0.0,3.375,0.0,0.0
SITE0106,4,0.0,1.0,10.0,2.0,Stable,41,9,0.2195121951219512,67,61,0.9104477611940298,1.639344262295082,4.0,0.0,0.0,1.0,0.0,0.0
SITE0106,5,5.0,2.0,9.0,4.5,Stable,42,13,0.3095238095238095,66,64,0.9696969696969696,2.125,7.0,0.0,0.0,1.7142857142857142,0.0,0.0
SITE0106,6,0.0,1.0,13.0,0.0,Stable,38,8,0.2105263157894736,61,53,0.8688524590163934,2.018867924528302,7.0,0.0,0.0,1.1428571428571428,0.0,0.0
SITE0106,7,4.0,0.0,8.0,0.0,Stable,44,9,0.2045454545454545,67,62,0.9253731343283582,1.5806451612903225,16.0,0.0,0.0,1.125,0.0,0.0
SITE0106,8,4.0,0.0,7.0,7.0,Stable,38,6,0.1578947368421052,59,54,0.9152542372881356,2.4074074074074074,11.0,0.0,0.0,1.9090909090909087,0.0,0.0
SITE0106,9,0.0,2.0,7.0,0.0,Stable,36,5,0.1388888888888889,60,53,0.8833333333333333,2.3773584905660377,13.0,2.0,2.0,2.0,0.1538461538461538,0.1538461538461538
SITE0106,10,0.0,0.0,13.0,0.0,Stable,37,6,0.1621621621621621,57,51,0.8947368421052632,2.215686274509804,7.0,0.0,0.0,2.0,0.0,0.0
SITE0106,11,3.0,2.0,11.0,11.5,Stable,37,8,0.2162162162162162,58,55,0.9482758620689656,2.2363636363636363,13.0,0.0,0.0,1.8461538461538465,0.0,0.0
SITE0106,12,1.0,6.0,8.5,18.5,Stable,30,10,0.3333333333333333,96,89,0.9270833333333334,2.224719101123596,50.0,1.0,1.0,1.82,0.02,0.02
SITE0107,1,2.0,1.0,6.0,7.5,Anomalous,3,0,0.0,4,4,1.0,1.5,0.0,0.0,0.0,0.0,0.0,0.0
SITE0107,2,4.0,1.0,6.0,0.0,Anomalous,12,6,0.5,22,19,0.8636363636363636,2.1578947368421053,1.0,0.0,0.0,1.0,0.0,0.0
SITE0107,3,6.0,2.0,9.0,10.0,Anomalous,19,5,0.2631578947368421,29,29,1.0,1.1724137931034482,3.0,0.0,0.0,3.333333333333333,0.0,0.0
SITE0107,4,3.0,2.0,3.0,1.0,Anomalous,26,5,0.1923076923076923,39,36,0.9230769230769232,2.083333333333333,3.0,1.0,1.0,3.0,0.3333333333333333,0.3333333333333333
SITE0107,5,4.0,1.0,7.0,11.833333333333334,Anomalous,28,8,0.2857142857142857,45,43,0.9555555555555556,2.8372093023255816,5.0,0.0,0.0,2.8,0.0,0.0
SITE0107,6,4.0,3.0,5.75,10.0,Anomalous,31,6,0.1935483870967742,51,50,0.9803921568627452,2.02,5.0,1.0,1.0,2.4,0.2,0.2
SITE0107,7,4.0,4.0,8.0,3.0,Anomalous,34,6,0.1764705882352941,50,45,0.9,2.7555555555555555,4.0,0.0,0.0,2.75,0.0,0.0
SITE0107,8,17.0,11.0,6.090909090909091,12.0,Anomalous,37,6,0.1621621621621621,58,54,0.9310344827586208,2.092592592592593,14.0,1.0,1.0,2.0,0.0714285714285714,0.0714285714285714
SITE0107,9,3.0,0.0,9.0,4.5,Anomalous,32,7,0.21875,53,46,0.8679245283018868,1.6521739130434785,10.0,0.0,0.0,2.4,0.0,0.0
SITE0107,10,3.0,2.0,4.0,0.0,Anomalous,27,7,0.2592592592592592,42,38,0.9047619047619048,1.7105263157894737,9.0,1.0,1.0,1.4444444444444444,0.1111111111111111,0.1111111111111111
SITE0107,11,7.0,5.0,8.0,17.0,Anomalous,26,7,0.2692307692307692,40,40,1.0,2.225,15.0,2.0,2.0,1.7333333333333334,0.1333333333333333,0.1333333333333333
SITE0107,12,6.0,2.0,3.0,18.0,Anomalous,14,9,0.6428571428571429,47,43,0.9148936170212766,1.976744186046512,22.0,2.0,2.0,1.4090909090909092,0.0909090909090909,0.0909090909090909
SITE0108,1,0.0,2.0,6.5,16.0,Stable,10,1,0.1,15,12,0.8,1.75,1.0,0.0,0.0,1.0,0.0,0.0
SITE0108,2,2.0,1.0,0.0,0.0,Stable,18,2,0.1111111111111111,29,28,0.9655172413793104,1.8214285714285716,3.0,0.0,0.0,2.0,0.0,0.0
SITE0108,3,2.0,0.0,0.0,20.0,Stable,25,2,0.08,45,42,0.9333333333333332,2.4047619047619047,3.0,0.0,0.0,2.6666666666666665,0.0,0.0
SITE0108,4,3.0,1.0,1.0,10.0,Stable,35,3,0.0857142857142857,48,44,0.9166666666666666,1.6590909090909092,6.0,0.0,0.0,2.1666666666666665,0.0,0.0
SITE0108,5,5.0,1.0,0.0,9.0,Stable,36,4,0.1111111111111111,59,50,0.847457627118644,2.38,7.0,0.0,0.0,2.2857142857142856,0.0,0.0
SITE0108,6,0.0,1.0,13.0,0.0,Stable,37,7,0.1891891891891892,58,55,0.9482758620689656,2.4,11.0,0.0,0.0,1.818181818181818,0.0,0.0
SITE0108,7,1.0,2.0,7.0,0.0,Stable,40,7,0.175,63,56,0.8888888888888888,1.8214285714285716,1.0,0.0,0.0,2.0,0.0,0.0
SITE0108,8,2.0,4.0,0.0,0.0,Stable,40,3,0.075,64,59,0.921875,2.305084745762712,15.0,2.0,2.0,2.066666666666667,0.1333333333333333,0.1333333333333333
SITE0108,9,0.0,1.0,4.0,10.0,Stable,37,3,0.081081081081081,56,52,0.9285714285714286,2.269230769230769,14.0,0.0,0.0,1.5714285714285714,0.0,0.0
SITE0108,10,3.0,1.0,8.0,3.0,Stable,38,4,0.1052631578947368,62,57,0.9193548387096774,2.210526315789474,14.0,2.0,2.0,2.2857142857142856,0.1428571428571428,0.1428571428571428
SITE0108,11,4.0,1.0,5.75,3.6666666666666665,Stable,35,3,0.0857142857142857,55,52,0.9454545454545454,2.2115384615384617,15.0,0.0,0.0,2.1333333333333333,0.0,0.0
SITE0108,12,1.0,3.0,0.0,6.0,Stable,22,3,0.1363636363636363,58,55,0.9482758620689656,2.4363636363636365,40.0,2.0,2.0,1.875,0.05,0.05
SITE0109,1,0.0,3.0,0.0,11.0,Stable,9,0,0.0,12,12,1.0,2.083333333333333,1.0,0.0,0.0,3.0,0.0,0.0
SITE0109,2,0.0,1.0,2.0,0.0,Stable,12,0,0.0,20,18,0.9,1.5555555555555556,3.0,0.0,0.0,0.6666666666666666,0.0,0.0
SITE0109,3,3.0,2.0,1.0,18.0,Stable,23,4,0.1739130434782608,38,34,0.8947368421052632,2.176470588235294,4.0,0.0,0.0,0.25,0.0,0.0
SITE0109,4,2.0,0.0,6.0,19.0,Stable,30,6,0.2,48,44,0.9166666666666666,2.1818181818181817,5.0,1.0,1.0,1.0,0.2,0.2
SITE0109,5,1.0,3.0,11.0,14.0,Stable,27,7,0.2592592592592592,45,41,0.9111111111111112,1.7804878048780488,3.0,0.0,0.0,0.6666666666666666,0.0,0.0
SITE0109,6,2.0,0.0,4.0,3.0,Stable,32,4,0.125,48,43,0.8958333333333334,1.8604651162790695,6.0,0.0,0.0,2.5,0.0,0.0
SITE0109,7,2.0,1.0,0.0,3.5,Stable,29,3,0.1034482758620689,46,38,0.8260869565217391,2.1052631578947367,10.0,0.0,0.0,2.0,0.0,0.0
SITE0109,8,2.0,1.0,6.5,16.0,Stable,34,6,0.1764705882352941,59,55,0.9322033898305084,1.6,5.0,0.0,0.0,0.4,0.0,0.0
SITE0109,9,1.0,1.0,11.0,9.0,Stable,34,4,0.1176470588235294,57,53,0.9298245614035088,2.037735849056604,6.0,0.0,0.0,2.833333333333333,0.0,0.0
SITE0109,10,1.0,1.0,0.0,13.0,Stable,29,9,0.3103448275862069,47,43,0.9148936170212766,2.2790697674418605,7.0,0.0,0.0,2.0,0.0,0.0
SITE0109,11,2.0,0.0,0.0,17.5,Stable,26,7,0.2692307692307692,40,37,0.925,2.6486486486486487,8.0,0.0,0.0,1.25,0.0,0.0
SITE0109,12,1.0,3.0,6.5,9.0,Stable,17,10,0.5882352941176471,56,50,0.8928571428571429,2.6,35.0,0.0,0.0,1.7428571428571429,0.0,0.0
SITE0110,1,2.0,2.0,10.0,12.0,Stable,7,0,0.0,12,11,0.9166666666666666,1.9090909090909087,0.0,0.0,0.0,0.0,0.0,0.0
SITE0110,2,0.0,1.0,6.0,2.0,Stable,14,1,0.0714285714285714,20,18,0.9,1.1111111111111112,1.0,0.0,0.0,0.0,0.0,0.0
SITE0110,3,6.0,0.0,0.0,0.0,Stable,19,1,0.0526315789473684,33,31,0.9393939393939394,1.6451612903225807,2.0,0.0,0.0,2.0,0.0,0.0
SITE0110,4,1.0,1.0,12.0,16.0,Stable,23,3,0.1304347826086956,39,37,0.9487179487179488,2.621621621621621,4.0,0.0,0.0,0.0,0.0,0.0
SITE0110,5,4.0,2.0,0.0,4.0,Stable,34,6,0.1764705882352941,54,52,0.9629629629629628,1.9807692307692308,3.0,1.0,1.0,2.0,0.3333333333333333,0.3333333333333333
SITE0110,6,2.0,2.0,0.0,13.0,Stable,35,7,0.2,60,59,0.9833333333333332,1.9491525423728813,8.0,0.0,0.0,1.625,0.0,0.0
SITE0110,7,1.0,1.0,4.0,0.0,Stable,35,8,0.2285714285714285,61,57,0.9344262295081968,1.912280701754386,7.0,0.0,0.0,2.857142857142857,0.0,0.0
SITE0110,8,4.0,2.0,4.666666666666667,14.0,Stable,36,6,0.1666666666666666,53,47,0.8867924528301887,2.0638297872340425,15.0,2.0,2.0,2.066666666666667,0.1333333333333333,0.1333333333333333
SITE0110,9,1.0,1.0,5.0,19.0,Stable,31,4,0.1290322580645161,46,44,0.9565217391304348,2.409090909090909,12.0,1.0,1.0,1.5833333333333333,0.0833333333333333,0.0833333333333333
SITE0110,10,2.0,2.0,7.0,14.0,Stable,34,7,0.2058823529411764,54,48,0.8888888888888888,2.125,11.0,0.0,0.0,2.4545454545454546,0.0,0.0
SITE0110,11,3.0,3.0,10.666666666666666,10.0,Stable,36,6,0.1666666666666666,59,55,0.9322033898305084,1.945454545454545,8.0,1.0,1.0,2.625,0.125,0.125
SITE0110,12,3.0,3.0,6.0,0.0,Stable,23,5,0.217391304347826,73,70,0.958904109589041,1.8857142857142857,38.0,0.0,0.0,1.894736842105263,0.0,0.0
SITE0111,1,2.0,0.0,0.0,11.0,Stable,12,2,0.1666666666666666,15,10,0.6666666666666666,2.3,2.0,0.0,0.0,1.0,0.0,0.0
SITE0111,2,0.0,0.0,13.0,0.0,Stable,25,4,0.16,41,37,0.902439024390244,2.324324324324324,3.0,0.0,0.0,2.333333333333333,0.0,0.0
SITE0111,3,0.0,1.0,8.0,1.0,Stable,41,9,0.2195121951219512,67,61,0.9104477611940298,2.721311475409836,7.0,0.0,0.0,1.5714285714285714,0.0,0.0
SITE0111,4,3.0,0.0,0.0,0.0,Stable,45,8,0.1777777777777777,74,70,0.945945945945946,2.342857142857143,12.0,0.0,0.0,1.75,0.0,0.0
SITE0111,5,2.0,2.0,5.5,4.0,Stable,38,6,0.1578947368421052,59,54,0.9152542372881356,2.037037037037037,5.0,0.0,0.0,2.8,0.0,0.0
SITE0111,6,1.0,1.0,8.0,8.0,Stable,41,5,0.1219512195121951,58,54,0.9310344827586208,2.537037037037037,8.0,1.0,1.0,1.5,0.125,0.125
SITE0111,7,2.0,0.0,8.0,7.0,Stable,40,5,0.125,66,62,0.9393939393939394,2.2096774193548385,13.0,0.0,0.0,1.5384615384615383,0.0,0.0
SITE0111,8,0.0,1.0,0.0,6.0,Stable,45,7,0.1555555555555555,75,69,0.92,2.0434782608695654,11.0,0.0,0.0,1.181818181818182,0.0,0.0
SITE0111,9,0.0,0.0,3.5,6.5,Stable,48,6,0.125,74,70,0.945945945945946,2.157142857142857,14.0,0.0,0.0,1.7857142857142858,0.0,0.0
SITE0111,10,2.0,1.0,10.0,10.333333333333334,Stable,44,6,0.1363636363636363,66,57,0.8636363636363636,2.017543859649123,15.0,0.0,0.0,2.0,0.0,0.0
SITE0111,11,1.0,2.0,8.0,3.0,Stable,35,1,0.0285714285714285,62,58,0.935483870967742,1.5689655172413792,15.0,1.0,1.0,1.9333333333333331,0.0666666666666666,0.0666666666666666
SITE0111,12,1.0,1.0,5.666666666666667,18.0,Stable,26,1,0.0384615384615384,63,56,0.8888888888888888,1.9821428571428568,34.0,2.0,2.0,1.2352941176470589,0.0588235294117647,0.0588235294117647
SITE0112,1,1.0,1.0,4.0,0.0,Deteriorating,16,2,0.125,23,20,0.8695652173913043,1.15,3.0,0.0,0.0,2.0,0.0,0.0
SITE0112,2,1.0,0.0,12.0,0.0,Deteriorating,28,5,0.1785714285714285,48,46,0.9583333333333334,2.1956521739130435,4.0,1.0,1.0,1.25,0.25,0.25
SITE0112,3,1.0,0.0,0.0,11.0,Deteriorating,41,4,0.0975609756097561,66,63,0.9545454545454546,1.761904761904762,3.0,1.0,1.0,0.6666666666666666,0.3333333333333333,0.3333333333333333
SITE0112,4,1.0,2.0,8.0,11.0,Deteriorating,52,6,0.1153846153846153,82,77,0.9390243902439024,1.8051948051948048,10.0,0.0,0.0,1.3,0.0,0.0
SITE0112,5,7.0,6.0,7.0,6.0,Deteriorating,47,7,0.1489361702127659,72,67,0.9305555555555556,2.373134328358209,17.0,1.0,1.0,2.5294117647058822,0.0588235294117647,0.0588235294117647
SITE0112,6,4.0,8.0,12.5,12.5,Deteriorating,53,6,0.1132075471698113,78,66,0.8461538461538461,2.1818181818181817,10.0,0.0,0.0,2.3,0.0,0.0
SITE0112,7,5.0,0.0,12.0,7.0,Deteriorating,56,8,0.1428571428571428,90,80,0.8888888888888888,2.2375,14.0,1.0,1.0,2.2857142857142856,0.0714285714285714,0.0714285714285714
SITE0112,8,4.0,2.0,7.0,12.0,Deteriorating,48,3,0.0625,81,73,0.9012345679012346,2.328767123287671,14.0,0.0,0.0,2.642857142857143,0.0,0.0
SITE0112,9,7.0,5.0,5.75,6.0,Deteriorating,52,3,0.0576923076923076,81,77,0.9506172839506172,1.5584415584415583,14.0,0.0,0.0,1.7857142857142858,0.0,0.0
SITE0112,10,5.0,4.0,10.142857142857142,9.0,Deteriorating,47,7,0.1489361702127659,77,75,0.974025974025974,2.293333333333333,19.0,2.0,2.0,2.0,0.1052631578947368,0.1052631578947368
SITE0112,11,5.0,2.0,8.555555555555555,10.666666666666666,Deteriorating,41,7,0.1707317073170731,68,61,0.8970588235294118,2.278688524590164,11.0,0.0,0.0,2.727272727272727,0.0,0.0
SITE0112,12,9.0,4.0,10.285714285714286,11.5,Deteriorating,28,8,0.2857142857142857,74,68,0.918918918918919,2.3088235294117645,44.0,3.0,3.0,1.75,0.0681818181818181,0.0681818181818181
SITE0113,1,2.0,0.0,3.0,0.0,Stable,7,0,0.0,11,10,0.9090909090909092,2.5,0.0,0.0,0.0,0.0,0.0,0.0
SITE0113,2,3.0,2.0,5.0,0.0,Stable,18,0,0.0,30,28,0.9333333333333332,1.4285714285714286,1.0,0.0,0.0,0.0,0.0,0.0
SITE0113,3,2.0,1.0,8.25,12.5,Stable,29,2,0.0689655172413793,45,43,0.9555555555555556,2.232558139534884,1.0,1.0,1.0,1.0,1.0,1.0
SITE0113,4,0.0,2.0,0.0,8.75,Stable,36,5,0.1388888888888889,59,50,0.847457627118644,1.6,4.0,2.0,2.0,0.5,0.5,0.5
SITE0113,5,4.0,1.0,0.0,4.0,Stable,44,9,0.2045454545454545,67,63,0.9402985074626866,2.4285714285714284,8.0,1.0,1.0,1.0,0.125,0.125
SITE0113,6,1.0,2.0,0.0,7.5,Stable,46,10,0.217391304347826,75,70,0.9333333333333332,1.8571428571428568,9.0,0.0,0.0,1.6666666666666667,0.0,0.0
SITE0113,7,1.0,2.0,2.0,0.0,Stable,47,3,0.0638297872340425,78,70,0.8974358974358975,2.257142857142857,17.0,0.0,0.0,1.4705882352941178,0.0,0.0
SITE0113,8,2.0,0.0,9.5,6.0,Stable,47,6,0.1276595744680851,79,76,0.9620253164556962,2.25,14.0,0.0,0.0,2.071428571428572,0.0,0.0
SITE0113,9,2.0,1.0,9.0,10.0,Stable,44,6,0.1363636363636363,70,65,0.9285714285714286,1.4615384615384617,20.0,0.0,0.0,1.4,0.0,0.0
SITE0113,10,3.0,0.0,8.0,0.0,Stable,43,11,0.2558139534883721,61,60,0.9836065573770492,1.7666666666666666,17.0,1.0,1.0,1.2352941176470589,0.0588235294117647,0.0588235294117647
SITE0113,11,4.0,0.0,7.0,0.0,Stable,44,9,0.2045454545454545,70,65,0.9285714285714286,2.0307692307692307,8.0,1.0,1.0,2.75,0.125,0.125
SITE0113,12,1.0,2.0,0.0,0.0,Stable,34,23,0.6764705882352942,105,92,0.8761904761904762,2.119565217391304,52.0,4.0,4.0,1.7307692307692308,0.0769230769230769,0.0769230769230769
SITE0114,1,0.0,0.0,3.0,14.0,Stable,10,0,0.0,13,13,1.0,1.1538461538461535,1.0,0.0,0.0,0.0,0.0,0.0
SITE0114,2,2.0,1.0,3.0,0.0,Stable,24,1,0.0416666666666666,40,40,1.0,1.725,4.0,0.0,0.0,2.0,0.0,0.0
SITE0114,3,3.0,0.0,0.0,0.0,Stable,33,4,0.1212121212121212,54,52,0.9629629629629628,2.2115384615384617,1.0,0.0,0.0,4.0,0.0,0.0
SITE0114,4,1.0,0.0,9.0,0.0,Stable,41,3,0.073170731707317,67,61,0.9104477611940298,1.9672131147540983,6.0,0.0,0.0,1.5,0.0,0.0
SITE0114,5,0.0,0.0,7.0,10.0,Stable,43,10,0.2325581395348837,65,61,0.9384615384615383,2.278688524590164,13.0,1.0,1.0,1.8461538461538465,0.0769230769230769,0.0769230769230769
SITE0114,6,3.0,3.0,0.0,5.0,Stable,41,8,0.1951219512195122,65,62,0.953846153846154,2.661290322580645,3.0,0.0,0.0,0.6666666666666666,0.0,0.0
SITE0114,7,2.0,1.0,5.0,0.0,Stable,37,14,0.3783783783783784,64,59,0.921875,2.067796610169492,11.0,0.0,0.0,1.7272727272727273,0.0,0.0
SITE0114,8,3.0,1.0,12.0,0.0,Stable,36,7,0.1944444444444444,57,54,0.9473684210526316,2.074074074074074,10.0,1.0,1.0,2.4,0.1,0.1
SITE0114,9,2.0,1.0,8.0,11.333333333333334,Stable,30,6,0.2,45,42,0.9333333333333332,2.2142857142857144,9.0,1.0,1.0,2.0,0.1111111111111111,0.1111111111111111
SITE0114,10,0.0,0.0,9.0,8.0,Stable,35,2,0.0571428571428571,59,58,0.9830508474576272,1.5517241379310345,19.0,0.0,0.0,1.5789473684210529,0.0,0.0
SITE0114,11,2.0,1.0,7.5,0.0,Stable,36,3,0.0833333333333333,62,53,0.8548387096774194,2.018867924528302,13.0,0.0,0.0,2.230769230769231,0.0,0.0
SITE0114,12,3.0,0.0,12.0,6.5,Stable,30,8,0.2666666666666666,81,77,0.9506172839506172,2.1298701298701297,42.0,4.0,4.0,1.4761904761904765,0.0952380952380952,0.0952380952380952
SITE0115,1,1.0,1.0,7.5,12.666666666666666,Stable,7,0,0.0,9,9,1.0,1.3333333333333333,1.0,0.0,0.0,4.0,0.0,0.0
SITE0115,2,1.0,2.0,3.0,13.0,Stable,15,0,0.0,28,25,0.8928571428571429,2.12,3.0,0.0,0.0,2.6666666666666665,0.0,0.0
SITE0115,3,1.0,2.0,4.0,10.0,Stable,22,0,0.0,36,31,0.8611111111111112,2.096774193548387,2.0,0.0,0.0,1.0,0.0,0.0
SITE0115,4,0.0,0.0,0.0,0.0,,32,0,0.0,48,43,0.8958333333333334,2.232558139534884,5.0,1.0,1.0,1.6,0.2,0.2
SITE0115,5,1.0,2.0,0.0,14.0,Stable,32,1,0.03125,53,50,0.9433962264150944,1.88,8.0,2.0,2.0,1.5,0.25,0.25
SITE0115,6,2.0,1.0,5.0,16.0,Stable,34,3,0.088235294117647,62,56,0.9032258064516128,2.696428571428572,6.0,1.0,1.0,1.1666666666666667,0.1666666666666666,0.1666666666666666
SITE0115,7,0.0,0.0,2.333333333333333,0.0,Stable,32,5,0.15625,49,48,0.979591836734694,2.125,12.0,2.0,2.0,1.3333333333333333,0.1666666666666666,0.1666666666666666
SITE0115,8,4.0,2.0,9.0,0.0,Stable,37,7,0.1891891891891892,53,49,0.9245283018867924,1.9387755102040816,16.0,1.0,1.0,1.875,0.0625,0.0625
SITE0115,9,1.0,0.0,12.0,0.0,Stable,34,6,0.1764705882352941,57,55,0.9649122807017544,2.4545454545454546,10.0,0.0,0.0,1.4,0.0,0.0
SITE0115,10,2.0,0.0,7.6,12.0,Stable,36,3,0.0833333333333333,58,53,0.913793103448276,1.849056603773585,13.0,0.0,0.0,1.3076923076923077,0.0,0.0
SITE0115,11,1.0,0.0,3.0,0.0,Stable,36,3,0.0833333333333333,56,54,0.9642857142857144,2.425925925925926,4.0,0.0,0.0,0.75,0.0,0.0
SITE0115,12,5.0,0.0,8.0,0.0,Stable,22,2,0.0909090909090909,55,50,0.9090909090909092,2.1,40.0,4.0,4.0,1.625,0.1,0.1
SITE0116,1,1.0,0.0,10.0,9.0,Deteriorating,13,3,0.2307692307692307,18,17,0.9444444444444444,1.7058823529411764,3.0,0.0,0.0,1.0,0.0,0.0
SITE0116,2,2.0,0.0,6.0,13.0,Deteriorating,22,7,0.3181818181818182,37,35,0.945945945945946,2.142857142857143,5.0,0.0,0.0,2.0,0.0,0.0
SITE0116,3,2.0,0.0,8.333333333333334,14.5,Deteriorating,39,9,0.2307692307692307,63,52,0.8253968253968254,1.6923076923076923,6.0,0.0,0.0,1.5,0.0,0.0
SITE0116,4,2.0,1.0,3.0,9.0,Deteriorating,52,10,0.1923076923076923,76,71,0.9342105263157896,2.5492957746478875,8.0,0.0,0.0,1.625,0.0,0.0
SITE0116,5,2.0,1.0,0.0,8.0,Deteriorating,51,8,0.1568627450980392,88,83,0.9431818181818182,2.060240963855421,6.0,0.0,0.0,1.8333333333333333,0.0,0.0
SITE0116,6,3.0,2.0,6.5,6.0,Deteriorating,58,6,0.1034482758620689,89,81,0.9101123595505618,2.320987654320988,8.0,1.0,1.0,1.0,0.125,0.125
SITE0116,7,2.0,6.0,7.333333333333333,9.75,Deteriorating,54,6,0.1111111111111111,85,82,0.9647058823529412,2.2804878048780486,16.0,0.0,0.0,1.75,0.0,0.0
SITE0116,8,5.0,3.0,7.0,8.5,Deteriorating,53,4,0.0754716981132075,82,76,0.926829268292683,2.0921052631578947,14.0,2.0,2.0,2.4285714285714284,0.1428571428571428,0.1428571428571428
SITE0116,9,3.0,0.0,7.666666666666667,9.25,Deteriorating,46,7,0.1521739130434782,71,66,0.9295774647887324,2.3181818181818183,13.0,0.0,0.0,1.7692307692307692,0.0,0.0
SITE0116,10,6.0,2.0,7.5,9.0,Deteriorating,46,8,0.1739130434782608,71,63,0.8873239436619719,2.1904761904761907,24.0,0.0,0.0,1.7083333333333333,0.0,0.0
SITE0116,11,3.0,2.0,7.333333333333333,7.666666666666667,Deteriorating,54,13,0.2407407407407407,87,81,0.9310344827586208,1.7160493827160497,12.0,1.0,1.0,3.0,0.0833333333333333,0.0833333333333333
SITE0116,12,9.0,4.0,5.727272727272728,10.75,Deteriorating,42,21,0.5,133,124,0.9323308270676692,2.419354838709677,75.0,3.0,3.0,1.9733333333333332,0.04,0.04
SITE0117,1,2.0,0.0,5.0,16.0,Deteriorating,11,0,0.0,17,16,0.9411764705882352,0.8125,3.0,0.0,0.0,1.6666666666666667,0.0,0.0
SITE0117,2,1.0,1.0,2.5,10.0,Deteriorating,24,0,0.0,40,35,0.875,1.7428571428571429,2.0,1.0,1.0,2.0,0.5,0.5
SITE0117,3,3.0,0.0,0.0,9.0,Deteriorating,30,0,0.0,51,47,0.9215686274509804,1.74468085106383,5.0,1.0,1.0,1.6,0.2,0.2
SITE0117,4,1.0,2.0,11.0,19.0,Deteriorating,36,3,0.0833333333333333,56,53,0.9464285714285714,2.0754716981132075,9.0,1.0,1.0,2.6666666666666665,0.1111111111111111,0.1111111111111111
SITE0117,5,1.0,3.0,12.5,17.0,Deteriorating,34,7,0.2058823529411764,52,47,0.903846153846154,2.297872340425532,3.0,0.0,0.0,1.6666666666666667,0.0,0.0
SITE0117,6,1.0,0.0,2.5,8.25,Deteriorating,30,12,0.4,49,47,0.9591836734693876,2.106382978723404,6.0,2.0,2.0,1.6666666666666667,0.3333333333333333,0.3333333333333333
SITE0117,7,6.0,4.0,7.25,0.0,Deteriorating,34,11,0.3235294117647059,56,49,0.875,1.5714285714285714,10.0,2.0,2.0,1.8,0.2,0.2
SITE0117,8,4.0,4.0,7.0,10.5,Deteriorating,35,7,0.2,55,49,0.8909090909090909,2.224489795918368,9.0,0.0,0.0,1.4444444444444444,0.0,0.0
SITE0117,9,6.0,2.0,11.0,11.0,Deteriorating,34,4,0.1176470588235294,55,47,0.8545454545454545,2.3404255319148937,14.0,1.0,1.0,2.0,0.0714285714285714,0.0714285714285714
SITE0117,10,4.0,3.0,3.6666666666666665,13.166666666666666,Deteriorating,30,3,0.1,50,47,0.94,2.0638297872340425,6.0,0.0,0.0,2.0,0.0,0.0
SITE0117,11,8.0,2.0,7.166666666666667,12.857142857142858,Deteriorating,30,7,0.2333333333333333,47,42,0.8936170212765957,1.619047619047619,6.0,1.0,1.0,2.6666666666666665,0.1666666666666666,0.1666666666666666
SITE0117,12,3.0,1.0,6.4,5.5,Deteriorating,20,12,0.6,60,57,0.95,2.456140350877193,39.0,1.0,1.0,1.5897435897435896,0.0256410256410256,0.0256410256410256
SITE0118,1,2.0,0.0,11.0,18.0,Stable,9,2,0.2222222222222222,13,12,0.9230769230769232,2.9166666666666665,0.0,0.0,0.0,0.0,0.0,0.0
SITE0118,2,1.0,3.0,2.333333333333333,4.0,Stable,21,5,0.238095238095238,34,30,0.8823529411764706,2.333333333333333,7.0,0.0,0.0,3.0,0.0,0.0
SITE0118,3,2.0,1.0,12.666666666666666,7.0,Stable,30,7,0.2333333333333333,51,49,0.9607843137254902,2.142857142857143,7.0,1.0,1.0,1.4285714285714286,0.1428571428571428,0.1428571428571428
SITE0118,4,2.0,1.0,5.5,0.0,Stable,42,8,0.1904761904761904,66,63,0.9545454545454546,2.2698412698412698,5.0,0.0,0.0,1.2,0.0,0.0
SITE0118,5,2.0,0.0,5.666666666666667,0.0,Stable,38,5,0.131578947368421,63,60,0.9523809523809524,1.9833333333333332,9.0,1.0,1.0,2.555555555555556,0.1111111111111111,0.1111111111111111
SITE0118,6,1.0,1.0,1.0,17.0,Stable,46,3,0.0652173913043478,72,70,0.9722222222222222,1.9428571428571428,9.0,0.0,0.0,2.0,0.0,0.0
SITE0118,7,5.0,3.0,6.0,0.0,Stable,46,3,0.0652173913043478,70,65,0.9285714285714286,2.246153846153846,17.0,1.0,1.0,1.4705882352941178,0.0588235294117647,0.0588235294117647
SITE0118,8,1.0,0.0,4.5,0.0,Stable,42,4,0.0952380952380952,68,61,0.8970588235294118,1.5573770491803278,14.0,2.0,2.0,1.7857142857142858,0.1428571428571428,0.1428571428571428
SITE0118,9,0.0,1.0,0.0,11.0,Stable,46,6,0.1304347826086956,72,63,0.875,1.873015873015873,12.0,1.0,1.0,1.4166666666666667,0.0833333333333333,0.0833333333333333
SITE0118,10,2.0,0.0,7.0,5.0,Stable,40,6,0.15,64,61,0.953125,2.1311475409836067,8.0,0.0,0.0,1.0,0.0,0.0
SITE0118,11,0.0,0.0,6.0,0.0,Stable,33,5,0.1515151515151515,55,51,0.9272727272727272,2.2549019607843137,18.0,2.0,2.0,1.7222222222222223,0.1111111111111111,0.1111111111111111
SITE0118,12,3.0,1.0,12.333333333333334,0.0,Stable,24,6,0.25,62,58,0.935483870967742,1.862068965517241,40.0,2.0,2.0,1.875,0.05,0.05
SITE0119,1,5.0,0.0,12.5,0.0,Stable,8,2,0.25,12,11,0.9166666666666666,1.6363636363636365,1.0,0.0,0.0,0.0,0.0,0.0
SITE0119,2,2.0,2.0,2.0,12.0,Stable,20,2,0.1,34,33,0.9705882352941176,2.060606060606061,3.0,0.0,0.0,1.6666666666666667,0.0,0.0
SITE0119,3,1.0,1.0,6.0,3.0,Stable,28,4,0.1428571428571428,44,41,0.9318181818181818,2.3902439024390243,5.0,1.0,1.0,1.4,0.2,0.2
SITE0119,4,1.0,2.0,0.0,5.0,Stable,44,7,0.1590909090909091,73,67,0.9178082191780822,2.0,5.0,0.0,0.0,1.0,0.0,0.0
SITE0119,5,0.0,1.0,0.0,20.0,Stable,46,6,0.1304347826086956,73,69,0.9452054794520548,1.8985507246376807,12.0,1.0,1.0,1.6666666666666667,0.0833333333333333,0.0833333333333333
SITE0119,6,0.0,0.0,8.75,0.0,Stable,53,8,0.1509433962264151,89,79,0.8876404494382022,2.316455696202532,8.0,0.0,0.0,1.5,0.0,0.0
SITE0119,7,3.0,1.0,5.5,15.0,Stable,58,10,0.1724137931034483,90,82,0.9111111111111112,1.9878048780487805,17.0,0.0,0.0,2.176470588235294,0.0,0.0
SITE0119,8,3.0,0.0,7.0,7.0,Stable,54,10,0.1851851851851851,84,76,0.9047619047619048,2.3157894736842106,23.0,2.0,2.0,1.4782608695652173,0.0869565217391304,0.0869565217391304
SITE0119,9,0.0,0.0,13.0,12.0,Stable,54,11,0.2037037037037037,90,81,0.9,2.074074074074074,24.0,0.0,0.0,1.7083333333333333,0.0,0.0
SITE0119,10,0.0,2.0,5.0,7.5,Stable,52,6,0.1153846153846153,83,79,0.9518072289156626,2.050632911392405,11.0,0.0,0.0,2.1818181818181817,0.0,0.0
SITE0119,11,1.0,1.0,0.0,14.0,Stable,47,7,0.1489361702127659,82,72,0.8780487804878049,2.0694444444444446,12.0,0.0,0.0,2.0,0.0,0.0
SITE0119,12,1.0,0.0,7.666666666666667,0.0,Stable,36,17,0.4722222222222222,92,87,0.9456521739130436,1.735632183908046,54.0,6.0,6.0,1.4814814814814814,0.1111111111111111,0.1111111111111111
SITE0120,1,1.0,1.0,0.0,0.0,Stable,10,0,0.0,14,13,0.9285714285714286,1.6153846153846154,0.0,0.0,0.0,0.0,0.0,0.0
SITE0120,2,2.0,3.0,0.0,9.5,Stable,18,0,0.0,27,26,0.9629629629629628,1.807692307692308,1.0,0.0,0.0,0.0,0.0,0.0
SITE0120,3,2.0,1.0,6.5,0.0,Stable,27,2,0.074074074074074,44,44,1.0,1.9318181818181817,3.0,1.0,1.0,0.6666666666666666,0.3333333333333333,0.3333333333333333
SITE0120,4,3.0,0.0,2.0,17.0,Stable,30,5,0.1666666666666666,53,48,0.9056603773584906,2.0,3.0,0.0,0.0,0.3333333333333333,0.0,0.0
SITE0120,5,1.0,3.0,6.75,19.0,Stable,27,7,0.2592592592592592,44,38,0.8636363636363636,1.973684210526316,2.0,0.0,0.0,2.5,0.0,0.0
SITE0120,6,3.0,2.0,3.0,14.5,Stable,33,7,0.2121212121212121,48,44,0.9166666666666666,2.409090909090909,13.0,0.0,0.0,1.4615384615384617,0.0,0.0
SITE0120,7,5.0,1.0,0.0,0.0,Stable,29,3,0.1034482758620689,49,44,0.8979591836734694,1.9772727272727275,4.0,1.0,1.0,1.0,0.25,0.25
SITE0120,8,4.0,2.0,2.0,19.0,Stable,31,4,0.1290322580645161,50,47,0.94,1.8297872340425527,6.0,1.0,1.0,2.5,0.1666666666666666,0.1666666666666666
SITE0120,9,4.0,2.0,6.0,13.0,Stable,26,5,0.1923076923076923,39,33,0.8461538461538461,2.090909090909091,9.0,0.0,0.0,1.5555555555555556,0.0,0.0
SITE0120,10,1.0,2.0,12.0,1.0,Stable,21,7,0.3333333333333333,33,32,0.9696969696969696,2.03125,7.0,1.0,1.0,1.4285714285714286,0.1428571428571428,0.1428571428571428
SITE0120,11,1.0,0.0,3.0,0.0,Stable,24,5,0.2083333333333333,35,33,0.9428571428571428,2.4545454545454546,8.0,1.0,1.0,2.625,0.125,0.125
SITE0120,12,5.0,2.0,11.0,0.0,Stable,14,3,0.2142857142857142,56,54,0.9642857142857144,2.925925925925926,24.0,1.0,1.0,2.458333333333333,0.0416666666666666,0.0416666666666666
SITE0121,1,0.0,1.0,0.0,2.0,Deteriorating,11,2,0.1818181818181818,19,18,0.9473684210526316,2.7777777777777777,0.0,0.0,0.0,0.0,0.0,0.0
SITE0121,2,3.0,2.0,0.0,0.0,Deteriorating,27,4,0.1481481481481481,43,39,0.9069767441860463,2.076923076923077,5.0,0.0,0.0,0.6,0.0,0.0
SITE0121,3,5.0,1.0,8.0,8.0,Deteriorating,35,6,0.1714285714285714,55,50,0.9090909090909092,2.5,8.0,0.0,0.0,3.0,0.0,0.0
SITE0121,4,4.0,0.0,0.0,13.0,Deteriorating,40,15,0.375,68,61,0.8970588235294118,1.9180327868852456,7.0,0.0,0.0,2.4285714285714284,0.0,0.0
SITE0121,5,2.0,1.0,6.0,3.0,Deteriorating,42,17,0.4047619047619047,65,63,0.9692307692307692,1.7301587301587302,9.0,0.0,0.0,2.333333333333333,0.0,0.0
SITE0121,6,4.0,2.0,13.0,4.0,Deteriorating,41,12,0.2926829268292683,64,58,0.90625,1.896551724137931,9.0,3.0,3.0,2.2222222222222223,0.3333333333333333,0.3333333333333333
SITE0121,7,6.0,1.0,11.0,4.0,Deteriorating,43,7,0.1627906976744186,72,64,0.8888888888888888,2.109375,13.0,1.0,1.0,1.5384615384615383,0.0769230769230769,0.0769230769230769
SITE0121,8,5.0,1.0,13.0,11.333333333333334,Deteriorating,40,3,0.075,63,59,0.9365079365079364,2.067796610169492,7.0,0.0,0.0,2.0,0.0,0.0
SITE0121,9,4.0,4.0,5.333333333333333,11.0,Deteriorating,40,2,0.05,60,56,0.9333333333333332,2.321428571428572,14.0,0.0,0.0,2.071428571428572,0.0,0.0
SITE0121,10,6.0,1.0,7.333333333333333,4.0,Deteriorating,39,5,0.1282051282051282,65,61,0.9384615384615383,2.5245901639344264,21.0,0.0,0.0,2.0476190476190474,0.0,0.0
SITE0121,11,9.0,5.0,7.75,7.666666666666667,Deteriorating,34,6,0.1764705882352941,57,52,0.912280701754386,2.0961538461538463,13.0,1.0,1.0,1.5384615384615383,0.0769230769230769,0.0769230769230769
SITE0121,12,4.0,1.0,10.0,9.25,Deteriorating,28,11,0.3928571428571428,77,74,0.961038961038961,2.2972972972972974,37.0,0.0,0.0,1.864864864864865,0.0,0.0
SITE0122,1,0.0,2.0,4.0,0.0,Deteriorating,7,1,0.1428571428571428,9,9,1.0,2.0,1.0,0.0,0.0,0.0,0.0,0.0
SITE0122,2,1.0,2.0,8.5,0.0,Deteriorating,21,3,0.1428571428571428,30,26,0.8666666666666667,2.1153846153846154,3.0,0.0,0.0,3.333333333333333,0.0,0.0
SITE0122,3,5.0,2.0,0.0,4.333333333333333,Deteriorating,32,6,0.1875,50,46,0.92,1.5217391304347827,4.0,0.0,0.0,1.5,0.0,0.0
SITE0122,4,5.0,2.0,6.25,0.0,Deteriorating,48,7,0.1458333333333333,77,67,0.8701298701298701,2.164179104477612,4.0,0.0,0.0,2.5,0.0,0.0
SITE0122,5,4.0,2.0,0.0,11.0,Deteriorating,54,8,0.1481481481481481,88,82,0.9318181818181818,2.3292682926829267,12.0,0.0,0.0,2.25,0.0,0.0
SITE0122,6,5.0,2.0,10.0,1.0,Deteriorating,45,7,0.1555555555555555,77,72,0.935064935064935,2.111111111111111,16.0,0.0,0.0,1.5625,0.0,0.0
SITE0122,7,3.0,1.0,6.0,15.0,Deteriorating,46,2,0.0434782608695652,69,66,0.9565217391304348,2.4545454545454546,11.0,0.0,0.0,1.3636363636363635,0.0,0.0
SITE0122,8,3.0,3.0,3.6666666666666665,12.5,Deteriorating,42,2,0.0476190476190476,66,58,0.8787878787878788,2.534482758620689,17.0,0.0,0.0,1.9411764705882355,0.0,0.0
SITE0122,9,3.0,1.0,5.6,6.25,Deteriorating,44,1,0.0227272727272727,72,68,0.9444444444444444,2.7058823529411766,16.0,0.0,0.0,1.6875,0.0,0.0
SITE0122,10,4.0,2.0,6.25,2.6666666666666665,Deteriorating,55,3,0.0545454545454545,90,82,0.9111111111111112,2.1463414634146343,16.0,0.0,0.0,1.6875,0.0,0.0
SITE0122,11,10.0,4.0,6.833333333333333,14.75,Deteriorating,53,5,0.0943396226415094,92,86,0.9347826086956522,2.2790697674418605,19.0,1.0,1.0,1.736842105263158,0.0526315789473684,0.0526315789473684
SITE0122,12,10.0,3.0,11.333333333333334,7.0,Deteriorating,41,9,0.2195121951219512,108,101,0.9351851851851852,2.118811881188119,66.0,3.0,3.0,1.803030303030303,0.0454545454545454,0.0454545454545454
SITE0123,1,4.0,1.0,8.0,19.0,Stable,15,0,0.0,20,17,0.85,2.235294117647059,2.0,0.0,0.0,1.0,0.0,0.0
SITE0123,2,2.0,2.0,0.0,11.5,Stable,28,1,0.0357142857142857,48,43,0.8958333333333334,1.7906976744186047,2.0,0.0,0.0,1.0,0.0,0.0
SITE0123,3,1.0,0.0,1.0,0.0,Stable,47,3,0.0638297872340425,75,68,0.9066666666666666,2.25,10.0,2.0,2.0,1.7,0.2,0.2
SITE0123,4,2.0,1.0,9.0,17.0,Stable,56,5,0.0892857142857142,91,80,0.8791208791208791,2.1375,15.0,1.0,1.0,2.2666666666666666,0.0666666666666666,0.0666666666666666
SITE0123,5,2.0,0.0,9.5,0.0,Stable,55,7,0.1272727272727272,83,78,0.9397590361445785,2.551282051282051,8.0,0.0,0.0,1.375,0.0,0.0
SITE0123,6,0.0,1.0,0.0,0.0,Stable,58,14,0.2413793103448276,93,86,0.9247311827956988,1.9186046511627908,14.0,0.0,0.0,1.7857142857142858,0.0,0.0
SITE0123,7,0.0,1.0,9.0,0.0,Stable,47,13,0.2765957446808511,75,64,0.8533333333333334,2.515625,14.0,0.0,0.0,1.7857142857142858,0.0,0.0
SITE0123,8,1.0,0.0,0.0,0.0,Stable,48,9,0.1875,77,69,0.8961038961038961,2.188405797101449,15.0,1.0,1.0,1.5333333333333334,0.0666666666666666,0.0666666666666666
SITE0123,9,1.0,2.0,9.0,0.0,Stable,47,4,0.0851063829787234,81,71,0.8765432098765432,2.323943661971831,7.0,1.0,1.0,2.0,0.1428571428571428,0.1428571428571428
SITE0123,10,2.0,0.0,8.333333333333334,1.0,Stable,50,3,0.06,83,73,0.8795180722891566,2.287671232876712,15.0,1.0,1.0,1.6666666666666667,0.0666666666666666,0.0666666666666666
SITE0123,11,0.0,1.0,0.0,17.0,Stable,47,5,0.1063829787234042,73,65,0.8904109589041096,2.107692307692308,14.0,0.0,0.0,1.7857142857142858,0.0,0.0
SITE0123,12,1.0,2.0,5.666666666666667,15.0,Stable,32,8,0.25,89,81,0.9101123595505618,1.839506172839506,43.0,3.0,3.0,1.976744186046512,0.0697674418604651,0.0697674418604651
SITE0124,1,1.0,1.0,0.0,0.0,Stable,10,1,0.1,12,11,0.9166666666666666,0.9090909090909092,0.0,0.0,0.0,0.0,0.0,0.0
SITE0124,2,1.0,1.0,6.0,0.0,Stable,22,3,0.1363636363636363,37,33,0.8918918918918919,1.8484848484848484,3.0,0.0,0.0,2.0,0.0,0.0
SITE0124,3,1.0,0.0,0.0,4.0,Stable,34,8,0.2352941176470588,58,52,0.896551724137931,2.0,6.0,0.0,0.0,1.6666666666666667,0.0,0.0
SITE0124,4,2.0,1.0,2.0,13.5,Stable,46,12,0.2608695652173913,77,73,0.948051948051948,2.191780821917808,7.0,0.0,0.0,2.571428571428572,0.0,0.0
SITE0124,5,0.0,0.0,6.0,5.0,Stable,48,8,0.1666666666666666,75,67,0.8933333333333333,1.7611940298507462,12.0,1.0,1.0,1.8333333333333333,0.0833333333333333,0.0833333333333333
SITE0124,6,3.0,3.0,0.0,0.0,Stable,46,7,0.1521739130434782,70,66,0.9428571428571428,1.5757575757575757,12.0,0.0,0.0,1.3333333333333333,0.0,0.0
SITE0124,7,0.0,1.0,6.0,7.0,Stable,54,10,0.1851851851851851,85,78,0.9176470588235294,2.051282051282051,9.0,0.0,0.0,1.6666666666666667,0.0,0.0
SITE0124,8,3.0,1.0,2.0,0.0,Stable,52,13,0.25,88,76,0.8636363636363636,2.3157894736842106,16.0,1.0,1.0,1.5625,0.0625,0.0625
SITE0124,9,2.0,2.0,11.0,10.5,Stable,49,11,0.2244897959183673,79,70,0.8860759493670886,1.8285714285714283,21.0,1.0,1.0,2.0,0.0476190476190476,0.0476190476190476
SITE0124,10,2.0,1.0,5.0,0.0,Stable,47,9,0.1914893617021276,72,67,0.9305555555555556,2.1044776119402986,12.0,0.0,0.0,1.9166666666666667,0.0,0.0
SITE0124,11,0.0,0.0,1.0,16.0,Stable,37,5,0.1351351351351351,64,59,0.921875,2.135593220338983,17.0,0.0,0.0,1.1176470588235294,0.0,0.0
SITE0124,12,2.0,0.0,5.0,19.0,Stable,28,3,0.1071428571428571,69,57,0.8260869565217391,1.4736842105263157,36.0,0.0,0.0,1.5,0.0,0.0
SITE0125,1,3.0,1.0,9.0,0.0,Stable,6,0,0.0,6,5,0.8333333333333334,2.4,0.0,0.0,0.0,0.0,0.0,0.0
SITE0125,2,1.0,1.0,6.5,14.0,Stable,20,2,0.1,32,28,0.875,1.9642857142857144,3.0,0.0,0.0,1.0,0.0,0.0
SITE0125,3,3.0,0.0,10.0,0.0,Stable,31,5,0.1612903225806451,47,44,0.9361702127659576,2.3181818181818183,2.0,0.0,0.0,0.5,0.0,0.0
SITE0125,4,0.0,2.0,0.0,12.0,Stable,42,6,0.1428571428571428,70,65,0.9285714285714286,2.0923076923076924,6.0,0.0,0.0,3.0,0.0,0.0
SITE0125,5,2.0,0.0,7.0,19.0,Stable,52,6,0.1153846153846153,84,75,0.8928571428571429,2.3866666666666667,9.0,0.0,0.0,2.111111111111111,0.0,0.0
SITE0125,6,0.0,0.0,0.0,1.0,Stable,46,4,0.0869565217391304,69,66,0.9565217391304348,2.075757575757576,6.0,1.0,1.0,1.1666666666666667,0.1666666666666666,0.1666666666666666
SITE0125,7,1.0,4.0,13.0,12.0,Stable,46,4,0.0869565217391304,76,74,0.9736842105263158,2.135135135135135,13.0,0.0,0.0,1.7692307692307692,0.0,0.0
SITE0125,8,3.0,1.0,14.0,18.0,Stable,50,3,0.06,77,72,0.935064935064935,2.1944444444444446,14.0,0.0,0.0,2.071428571428572,0.0,0.0
SITE0125,9,5.0,0.0,0.0,6.5,Stable,45,3,0.0666666666666666,68,62,0.9117647058823528,2.1129032258064515,14.0,1.0,1.0,1.9285714285714288,0.0714285714285714,0.0714285714285714
SITE0125,10,3.0,2.0,5.0,0.0,Stable,46,3,0.0652173913043478,73,64,0.8767123287671232,2.046875,16.0,0.0,0.0,1.5625,0.0,0.0
SITE0125,11,3.0,0.0,10.5,9.25,Stable,40,2,0.05,62,55,0.8870967741935484,1.8363636363636364,15.0,0.0,0.0,2.4,0.0,0.0
SITE0125,12,0.0,2.0,0.0,17.0,Stable,26,4,0.1538461538461538,68,66,0.9705882352941176,2.575757575757576,36.0,1.0,1.0,1.1944444444444444,0.0277777777777777,0.0277777777777777
SITE0126,1,9.0,7.0,5.625,9.75,High Risk,9,1,0.1111111111111111,14,11,0.7857142857142857,1.818181818181818,1.0,0.0,0.0,0.0,0.0,0.0
SITE0126,2,9.0,3.0,10.0,13.0,High Risk,24,3,0.125,43,43,1.0,1.558139534883721,4.0,0.0,0.0,1.25,0.0,0.0
SITE0126,3,16.0,9.0,9.5,10.4,High Risk,37,4,0.1081081081081081,60,57,0.95,2.3684210526315788,7.0,0.0,0.0,1.7142857142857142,0.0,0.0
SITE0126,4,10.0,5.0,6.2,12.75,High Risk,51,10,0.196078431372549,84,77,0.9166666666666666,2.3376623376623376,10.0,1.0,1.0,1.8,0.1,0.1
SITE0126,5,7.0,3.0,8.0,11.2,High Risk,59,17,0.288135593220339,91,86,0.945054945054945,2.5348837209302326,9.0,1.0,1.0,1.2222222222222223,0.1111111111111111,0.1111111111111111
SITE0126,6,17.0,3.0,10.8,11.285714285714286,High Risk,62,14,0.2258064516129032,98,90,0.9183673469387756,1.9777777777777776,20.0,0.0,0.0,1.55,0.0,0.0
SITE0126,7,6.0,5.0,0.0,12.0,High Risk,61,15,0.2459016393442623,99,86,0.8686868686868687,2.616279069767442,18.0,1.0,1.0,1.5,0.0555555555555555,0.0555555555555555
SITE0126,8,5.0,3.0,10.0,12.0,High Risk,53,11,0.2075471698113207,85,75,0.8823529411764706,2.2133333333333334,28.0,2.0,2.0,1.9642857142857144,0.0714285714285714,0.0714285714285714
SITE0126,9,11.0,8.0,7.857142857142857,11.2,High Risk,47,8,0.1702127659574468,77,73,0.948051948051948,2.041095890410959,13.0,0.0,0.0,2.769230769230769,0.0,0.0
SITE0126,10,7.0,7.0,7.6,13.0,High Risk,43,6,0.1395348837209302,72,68,0.9444444444444444,2.117647058823529,21.0,0.0,0.0,1.9047619047619049,0.0,0.0
SITE0126,11,4.0,5.0,5.833333333333333,10.0,High Risk,41,7,0.1707317073170731,66,60,0.9090909090909092,1.95,17.0,0.0,0.0,1.411764705882353,0.0,0.0
SITE0126,12,9.0,6.0,7.8,6.666666666666667,High Risk,33,12,0.3636363636363636,87,83,0.9540229885057472,2.3855421686746987,60.0,3.0,3.0,1.6,0.05,0.05
SITE0127,1,5.0,1.0,0.0,0.0,Stable,11,4,0.3636363636363636,15,14,0.9333333333333332,1.9285714285714288,1.0,0.0,0.0,0.0,0.0,0.0
SITE0127,2,3.0,3.0,7.75,12.0,Stable,17,7,0.4117647058823529,30,26,0.8666666666666667,2.3076923076923075,1.0,0.0,0.0,0.0,0.0,0.0
SITE0127,3,2.0,0.0,0.0,13.0,Stable,22,7,0.3181818181818182,35,35,1.0,2.4571428571428573,2.0,0.0,0.0,2.5,0.0,0.0
SITE0127,4,4.0,0.0,6.0,18.0,Stable,28,6,0.2142857142857142,48,46,0.9583333333333334,2.282608695652174,5.0,0.0,0.0,1.8,0.0,0.0
SITE0127,5,3.0,0.0,11.0,10.5,Stable,31,4,0.1290322580645161,47,41,0.8723404255319149,1.4390243902439024,4.0,0.0,0.0,2.0,0.0,0.0
SITE0127,6,2.0,1.0,1.0,0.0,Stable,45,6,0.1333333333333333,72,67,0.9305555555555556,2.164179104477612,12.0,0.0,0.0,0.75,0.0,0.0
SITE0127,7,2.0,1.0,0.0,16.0,Stable,45,10,0.2222222222222222,72,67,0.9305555555555556,2.0,9.0,0.0,0.0,2.4444444444444446,0.0,0.0
SITE0127,8,2.0,1.0,7.666666666666667,13.0,Stable,52,12,0.2307692307692307,85,81,0.9529411764705882,1.8641975308641976,15.0,0.0,0.0,0.8666666666666667,0.0,0.0
SITE0127,9,6.0,3.0,1.0,18.0,Stable,51,12,0.2352941176470588,84,79,0.9404761904761904,2.075949367088608,8.0,0.0,0.0,1.5,0.0,0.0
SITE0127,10,4.0,0.0,0.0,7.0,Stable,49,5,0.1020408163265306,80,72,0.9,2.2222222222222223,13.0,0.0,0.0,1.6153846153846154,0.0,0.0
SITE0127,11,1.0,0.0,6.0,0.0,Stable,48,5,0.1041666666666666,76,69,0.9078947368421052,2.449275362318841,18.0,0.0,0.0,1.1666666666666667,0.0,0.0
SITE0127,12,2.0,1.0,2.0,10.0,Stable,34,12,0.3529411764705882,100,93,0.93,2.118279569892473,54.0,3.0,3.0,1.8148148148148149,0.0555555555555555,0.0555555555555555
SITE0128,1,4.0,0.0,10.0,0.0,Stable,11,0,0.0,19,17,0.8947368421052632,2.4705882352941178,1.0,0.0,0.0,3.0,0.0,0.0
SITE0128,2,2.0,1.0,8.5,11.5,Stable,21,3,0.1428571428571428,34,32,0.9411764705882352,1.625,4.0,0.0,0.0,1.25,0.0,0.0
SITE0128,3,3.0,3.0,0.0,19.5,Stable,35,2,0.0571428571428571,56,53,0.9464285714285714,2.2264150943396226,9.0,1.0,1.0,1.7777777777777777,0.1111111111111111,0.1111111111111111
SITE0128,4,2.0,0.0,8.0,8.0,Stable,47,5,0.1063829787234042,81,79,0.9753086419753086,2.316455696202532,12.0,1.0,1.0,2.833333333333333,0.0833333333333333,0.0833333333333333
SITE0128,5,1.0,0.0,3.6666666666666665,13.0,Stable,45,7,0.1555555555555555,74,69,0.9324324324324323,2.101449275362319,8.0,0.0,0.0,1.75,0.0,0.0
SITE0128,6,0.0,1.0,5.5,0.0,Stable,44,5,0.1136363636363636,73,68,0.9315068493150684,1.9264705882352944,12.0,0.0,0.0,2.4166666666666665,0.0,0.0
SITE0128,7,2.0,2.0,12.0,3.0,Stable,46,6,0.1304347826086956,72,66,0.9166666666666666,2.106060606060606,8.0,0.0,0.0,1.75,0.0,0.0
SITE0128,8,2.0,1.0,6.0,0.0,Stable,49,3,0.0612244897959183,73,68,0.9315068493150684,2.0588235294117645,13.0,0.0,0.0,1.3846153846153846,0.0,0.0
SITE0128,9,2.0,3.0,14.0,0.0,Stable,49,3,0.0612244897959183,86,78,0.9069767441860463,1.7820512820512822,10.0,0.0,0.0,1.3,0.0,0.0
SITE0128,10,1.0,1.0,0.0,0.0,Stable,57,4,0.0701754385964912,94,92,0.9787234042553192,2.0217391304347827,15.0,0.0,0.0,2.1333333333333333,0.0,0.0
SITE0128,11,5.0,3.0,10.0,0.0,Stable,58,7,0.1206896551724138,93,86,0.9247311827956988,2.0,24.0,0.0,0.0,1.5416666666666667,0.0,0.0
SITE0128,12,3.0,0.0,5.5,12.0,Stable,41,9,0.2195121951219512,121,108,0.8925619834710744,1.7592592592592593,54.0,3.0,3.0,1.6111111111111112,0.0555555555555555,0.0555555555555555
SITE0129,1,4.0,0.0,6.0,12.0,Stable,8,2,0.25,12,11,0.9166666666666666,2.5454545454545454,2.0,0.0,0.0,2.5,0.0,0.0
SITE0129,2,2.0,0.0,12.0,9.666666666666666,Stable,15,2,0.1333333333333333,24,21,0.875,2.333333333333333,3.0,1.0,1.0,1.6666666666666667,0.3333333333333333,0.3333333333333333
SITE0129,3,1.0,1.0,9.0,7.5,Stable,26,1,0.0384615384615384,42,38,0.9047619047619048,2.289473684210526,4.0,0.0,0.0,0.25,0.0,0.0
SITE0129,4,0.0,2.0,2.0,1.0,Stable,31,1,0.032258064516129,49,46,0.9387755102040816,1.5434782608695652,2.0,0.0,0.0,2.0,0.0,0.0
SITE0129,5,1.0,2.0,11.0,9.666666666666666,Stable,35,2,0.0571428571428571,56,53,0.9464285714285714,1.8679245283018868,7.0,0.0,0.0,1.5714285714285714,0.0,0.0
SITE0129,6,1.0,0.0,6.5,7.0,Stable,31,2,0.064516129032258,49,44,0.8979591836734694,2.477272727272727,7.0,0.0,0.0,2.0,0.0,0.0
SITE0129,7,1.0,1.0,14.0,12.0,Stable,34,5,0.1470588235294117,57,53,0.9298245614035088,2.320754716981132,6.0,1.0,1.0,2.0,0.1666666666666666,0.1666666666666666
SITE0129,8,2.0,0.0,0.0,0.0,Stable,34,8,0.2352941176470588,54,51,0.9444444444444444,2.431372549019608,14.0,1.0,1.0,1.7857142857142858,0.0714285714285714,0.0714285714285714
SITE0129,9,1.0,0.0,1.0,19.0,Stable,33,7,0.2121212121212121,53,47,0.8867924528301887,2.1702127659574466,6.0,0.0,0.0,1.6666666666666667,0.0,0.0
SITE0129,10,0.0,1.0,0.0,6.0,Stable,31,5,0.1612903225806451,51,47,0.9215686274509804,1.74468085106383,11.0,1.0,1.0,1.0909090909090908,0.0909090909090909,0.0909090909090909
SITE0129,11,2.0,1.0,2.0,14.0,Stable,33,1,0.0303030303030303,54,50,0.925925925925926,2.22,11.0,2.0,2.0,2.363636363636364,0.1818181818181818,0.1818181818181818
SITE0129,12,3.0,2.0,10.0,5.0,Stable,24,0,0.0,75,70,0.9333333333333332,2.157142857142857,44.0,1.0,1.0,2.159090909090909,0.0227272727272727,0.0227272727272727
SITE0130,1,1.0,1.0,0.0,0.0,Stable,6,0,0.0,9,7,0.7777777777777778,2.0,1.0,0.0,0.0,0.0,0.0,0.0
SITE0130,2,1.0,4.0,0.0,7.5,Stable,15,0,0.0,22,21,0.9545454545454546,2.0,3.0,1.0,1.0,2.6666666666666665,0.3333333333333333,0.3333333333333333
SITE0130,3,3.0,2.0,7.0,14.5,Stable,25,0,0.0,41,40,0.975609756097561,2.475,3.0,0.0,0.0,1.6666666666666667,0.0,0.0
SITE0130,4,2.0,4.0,6.0,18.0,Stable,33,0,0.0,57,53,0.9298245614035088,2.6226415094339623,6.0,1.0,1.0,2.333333333333333,0.1666666666666666,0.1666666666666666
SITE0130,5,0.0,0.0,3.333333333333333,2.0,Stable,43,1,0.0232558139534883,69,64,0.927536231884058,1.953125,13.0,0.0,0.0,2.0,0.0,0.0
SITE0130,6,0.0,1.0,3.0,13.0,Stable,41,3,0.073170731707317,66,61,0.9242424242424242,1.8032786885245904,10.0,1.0,1.0,2.7,0.1,0.1
SITE0130,7,0.0,2.0,9.0,16.0,Stable,43,5,0.1162790697674418,68,64,0.9411764705882352,2.109375,8.0,0.0,0.0,1.625,0.0,0.0
SITE0130,8,3.0,2.0,0.0,0.0,Stable,46,6,0.1304347826086956,65,58,0.8923076923076924,2.586206896551724,7.0,0.0,0.0,1.1428571428571428,0.0,0.0
SITE0130,9,2.0,1.0,2.0,9.0,Stable,44,7,0.1590909090909091,73,67,0.9178082191780822,2.5522388059701493,12.0,0.0,0.0,1.0,0.0,0.0
SITE0130,10,1.0,1.0,3.0,12.5,Stable,46,10,0.217391304347826,71,64,0.9014084507042254,2.0625,13.0,1.0,1.0,2.076923076923077,0.0769230769230769,0.0769230769230769
SITE0130,11,0.0,1.0,0.0,9.5,Stable,43,11,0.2558139534883721,66,64,0.9696969696969696,2.3125,8.0,0.0,0.0,1.875,0.0,0.0
SITE0130,12,2.0,2.0,11.0,14.5,Stable,23,17,0.7391304347826086,65,61,0.9384615384615383,2.377049180327869,48.0,1.0,1.0,1.7083333333333333,0.0208333333333333,0.0208333333333333
SITE0131,1,5.0,6.0,8.090909090909092,8.4,High Risk,7,3,0.4285714285714285,12,11,0.9166666666666666,1.7272727272727273,1.0,0.0,0.0,5.0,0.0,0.0
SITE0131,2,7.0,7.0,6.5,9.5,High Risk,17,8,0.4705882352941176,26,23,0.8846153846153846,2.6956521739130435,6.0,1.0,1.0,1.3333333333333333,0.1666666666666666,0.1666666666666666
SITE0131,3,4.0,2.0,7.75,5.5,High Risk,23,8,0.3478260869565217,41,41,1.0,2.658536585365854,2.0,0.0,0.0,2.5,0.0,0.0
SITE0131,4,12.0,9.0,9.333333333333334,14.6,High Risk,33,6,0.1818181818181818,49,44,0.8979591836734694,2.113636363636364,2.0,0.0,0.0,0.5,0.0,0.0
SITE0131,5,9.0,4.0,8.6,9.0,High Risk,34,6,0.1764705882352941,59,56,0.9491525423728814,2.607142857142857,4.0,0.0,0.0,1.5,0.0,0.0
SITE0131,6,10.0,3.0,3.6666666666666665,12.2,High Risk,35,5,0.1428571428571428,62,58,0.935483870967742,1.827586206896552,8.0,0.0,0.0,0.75,0.0,0.0
SITE0131,7,9.0,1.0,6.5,9.333333333333334,High Risk,32,5,0.15625,53,52,0.981132075471698,2.1346153846153846,11.0,1.0,1.0,2.090909090909091,0.0909090909090909,0.0909090909090909
SITE0131,8,7.0,3.0,7.090909090909091,11.5,High Risk,26,1,0.0384615384615384,40,38,0.95,2.1842105263157894,12.0,1.0,1.0,1.8333333333333333,0.0833333333333333,0.0833333333333333
SITE0131,9,13.0,6.0,6.888888888888889,12.75,High Risk,25,0,0.0,36,35,0.9722222222222222,1.7142857142857142,9.0,1.0,1.0,1.5555555555555556,0.1111111111111111,0.1111111111111111
SITE0131,10,10.0,4.0,10.0,10.0,High Risk,29,2,0.0689655172413793,47,44,0.9361702127659576,2.227272727272727,7.0,0.0,0.0,2.142857142857143,0.0,0.0
SITE0131,11,9.0,4.0,5.75,7.4,High Risk,36,7,0.1944444444444444,63,58,0.9206349206349206,2.5,10.0,1.0,1.0,1.4,0.1,0.1
SITE0131,12,6.0,2.0,6.666666666666667,8.666666666666666,High Risk,33,15,0.4545454545454545,88,84,0.9545454545454546,2.357142857142857,40.0,0.0,0.0,1.925,0.0,0.0
SITE0132,1,1.0,1.0,10.0,12.0,Stable,19,2,0.1052631578947368,27,27,1.0,2.3703703703703702,1.0,0.0,0.0,3.0,0.0,0.0
SITE0132,2,2.0,0.0,9.5,0.0,Stable,31,4,0.1290322580645161,48,45,0.9375,1.5777777777777775,1.0,0.0,0.0,1.0,0.0,0.0
SITE0132,3,1.0,0.0,0.0,14.666666666666666,Stable,43,12,0.2790697674418604,69,64,0.927536231884058,2.1875,4.0,0.0,0.0,2.75,0.0,0.0
SITE0132,4,1.0,0.0,9.0,0.0,Stable,48,13,0.2708333333333333,75,68,0.9066666666666666,2.264705882352941,3.0,1.0,1.0,2.0,0.3333333333333333,0.3333333333333333
SITE0132,5,5.0,1.0,6.0,19.0,Stable,47,12,0.2553191489361702,77,72,0.935064935064935,2.4722222222222223,11.0,0.0,0.0,2.8181818181818183,0.0,0.0
SITE0132,6,1.0,1.0,11.0,0.0,Stable,40,6,0.15,68,62,0.9117647058823528,1.8548387096774197,23.0,2.0,2.0,1.565217391304348,0.0869565217391304,0.0869565217391304
SITE0132,7,2.0,1.0,0.0,9.666666666666666,Stable,42,5,0.119047619047619,71,64,0.9014084507042254,1.9375,20.0,0.0,0.0,1.1,0.0,0.0
SITE0132,8,2.0,1.0,5.5,0.0,Stable,38,3,0.0789473684210526,54,48,0.8888888888888888,1.6666666666666667,17.0,0.0,0.0,1.4705882352941178,0.0,0.0
SITE0132,9,2.0,0.0,13.0,0.0,Stable,35,5,0.1428571428571428,54,51,0.9444444444444444,2.647058823529412,14.0,0.0,0.0,2.071428571428572,0.0,0.0
SITE0132,10,3.0,0.0,0.0,14.0,Stable,33,3,0.0909090909090909,49,45,0.9183673469387756,1.7777777777777777,7.0,0.0,0.0,2.142857142857143,0.0,0.0
SITE0132,11,3.0,1.0,2.0,4.0,Stable,44,5,0.1136363636363636,73,67,0.9178082191780822,2.5223880597014925,15.0,1.0,1.0,2.6666666666666665,0.0666666666666666,0.0666666666666666
SITE0132,12,0.0,1.0,0.0,0.0,Stable,36,14,0.3888888888888889,121,112,0.9256198347107438,2.2767857142857144,43.0,4.0,4.0,1.697674418604651,0.0930232558139534,0.0930232558139534
SITE0133,1,0.0,3.0,0.0,0.0,Deteriorating,8,1,0.125,9,7,0.7777777777777778,1.0,0.0,0.0,0.0,0.0,0.0,0.0
SITE0133,2,1.0,2.0,4.5,11.25,Deteriorating,16,2,0.125,26,25,0.9615384615384616,2.36,1.0,0.0,0.0,3.0,0.0,0.0
SITE0133,3,2.0,2.0,1.5,4.0,Deteriorating,30,4,0.1333333333333333,49,48,0.979591836734694,2.0,0.0,0.0,0.0,0.0,0.0,0.0
SITE0133,4,2.0,2.0,8.0,1.0,Deteriorating,33,3,0.0909090909090909,52,47,0.903846153846154,2.234042553191489,4.0,0.0,0.0,2.5,0.0,0.0
SITE0133,5,1.0,0.0,1.5,20.0,Deteriorating,31,3,0.0967741935483871,49,42,0.8571428571428571,1.9047619047619049,3.0,0.0,0.0,2.0,0.0,0.0
SITE0133,6,6.0,1.0,11.0,0.0,Deteriorating,36,4,0.1111111111111111,52,47,0.903846153846154,2.2127659574468086,8.0,1.0,1.0,1.625,0.125,0.125
SITE0133,7,4.0,1.0,14.0,11.5,Deteriorating,35,4,0.1142857142857142,58,55,0.9482758620689656,1.963636363636364,11.0,0.0,0.0,1.7272727272727273,0.0,0.0
SITE0133,8,2.0,1.0,6.2,0.0,Deteriorating,40,6,0.15,66,56,0.8484848484848485,2.2857142857142856,11.0,2.0,2.0,0.9090909090909092,0.1818181818181818,0.1818181818181818
SITE0133,9,11.0,3.0,4.0,11.0,Deteriorating,39,3,0.0769230769230769,61,56,0.918032786885246,1.8928571428571428,14.0,0.0,0.0,1.9285714285714288,0.0,0.0
SITE0133,10,3.0,3.0,0.0,6.4,Deteriorating,30,7,0.2333333333333333,48,42,0.875,2.142857142857143,11.0,1.0,1.0,1.6363636363636365,0.0909090909090909,0.0909090909090909
SITE0133,11,3.0,6.0,4.5,12.0,Deteriorating,24,4,0.1666666666666666,43,41,0.9534883720930232,1.829268292682927,13.0,0.0,0.0,2.230769230769231,0.0,0.0
SITE0133,12,6.0,7.0,9.4,14.5,Deteriorating,18,7,0.3888888888888889,51,48,0.9411764705882352,2.375,32.0,1.0,1.0,1.5,0.03125,0.03125
SITE0134,1,1.0,0.0,3.5,0.0,Deteriorating,11,1,0.0909090909090909,14,13,0.9285714285714286,1.6153846153846154,2.0,0.0,0.0,1.0,0.0,0.0
SITE0134,2,3.0,1.0,0.0,12.0,Deteriorating,24,2,0.0833333333333333,38,37,0.9736842105263158,2.27027027027027,5.0,0.0,0.0,2.2,0.0,0.0
SITE0134,3,3.0,2.0,0.0,20.0,Deteriorating,35,4,0.1142857142857142,59,55,0.9322033898305084,2.1818181818181817,5.0,1.0,1.0,0.4,0.2,0.2
SITE0134,4,1.0,0.0,7.666666666666667,0.0,Deteriorating,42,5,0.119047619047619,71,66,0.9295774647887324,2.0454545454545454,3.0,0.0,0.0,2.333333333333333,0.0,0.0
SITE0134,5,4.0,1.0,12.0,0.0,Deteriorating,48,9,0.1875,74,63,0.8513513513513513,2.3015873015873014,6.0,1.0,1.0,2.833333333333333,0.1666666666666666,0.1666666666666666
SITE0134,6,7.0,2.0,8.0,12.25,Deteriorating,46,15,0.3260869565217391,72,64,0.8888888888888888,2.140625,11.0,0.0,0.0,1.3636363636363635,0.0,0.0
SITE0134,7,6.0,1.0,5.0,0.0,Deteriorating,45,16,0.3555555555555555,71,63,0.8873239436619719,2.2698412698412698,12.0,2.0,2.0,1.6666666666666667,0.1666666666666666,0.1666666666666666
SITE0134,8,2.0,3.0,5.0,5.0,Deteriorating,37,11,0.2972972972972973,58,55,0.9482758620689656,1.7454545454545454,9.0,2.0,2.0,2.888888888888889,0.2222222222222222,0.2222222222222222
SITE0134,9,2.0,5.0,1.0,7.333333333333333,Deteriorating,36,6,0.1666666666666666,56,52,0.9285714285714286,1.9615384615384612,10.0,0.0,0.0,2.5,0.0,0.0
SITE0134,10,4.0,4.0,8.285714285714286,9.0,Deteriorating,38,4,0.1052631578947368,58,55,0.9482758620689656,2.1272727272727274,12.0,1.0,1.0,1.0,0.0833333333333333,0.0833333333333333
SITE0134,11,3.0,3.0,0.0,9.8,Deteriorating,36,4,0.1111111111111111,65,57,0.8769230769230769,2.3157894736842106,9.0,1.0,1.0,2.4444444444444446,0.1111111111111111,0.1111111111111111
SITE0134,12,12.0,4.0,6.25,11.75,Deteriorating,27,1,0.037037037037037,72,67,0.9305555555555556,2.373134328358209,46.0,4.0,4.0,2.0,0.0869565217391304,0.0869565217391304
SITE0135,1,0.0,1.0,4.0,0.0,Stable,8,3,0.375,11,11,1.0,0.5454545454545454,0.0,0.0,0.0,0.0,0.0,0.0
SITE0135,2,2.0,2.0,14.0,6.333333333333333,Stable,21,6,0.2857142857142857,31,29,0.935483870967742,2.7241379310344827,3.0,0.0,0.0,1.0,0.0,0.0
SITE0135,3,2.0,0.0,8.5,13.0,Stable,31,7,0.2258064516129032,53,50,0.9433962264150944,2.3,2.0,1.0,1.0,3.0,0.5,0.5
SITE0135,4,1.0,0.0,0.0,9.0,Stable,41,6,0.1463414634146341,64,58,0.90625,2.189655172413793,3.0,0.0,0.0,3.0,0.0,0.0
SITE0135,5,5.0,1.0,12.0,0.0,Stable,39,3,0.0769230769230769,63,61,0.9682539682539684,1.7540983606557377,9.0,1.0,1.0,2.111111111111111,0.1111111111111111,0.1111111111111111
SITE0135,6,3.0,1.0,6.0,0.0,Stable,33,3,0.0909090909090909,59,54,0.9152542372881356,1.8888888888888888,5.0,0.0,0.0,1.0,0.0,0.0
SITE0135,7,0.0,0.0,0.0,14.0,Stable,35,4,0.1142857142857142,57,53,0.9298245614035088,1.5849056603773586,12.0,1.0,1.0,1.3333333333333333,0.0833333333333333,0.0833333333333333
SITE0135,8,3.0,0.0,4.0,0.0,Stable,35,7,0.2,59,59,1.0,2.559322033898305,9.0,0.0,0.0,1.1111111111111112,0.0,0.0
SITE0135,9,0.0,2.0,0.0,18.0,Stable,33,7,0.2121212121212121,57,54,0.9473684210526316,1.4074074074074074,11.0,0.0,0.0,1.7272727272727273,0.0,0.0
SITE0135,10,2.0,0.0,6.5,8.0,Stable,31,7,0.2258064516129032,52,51,0.9807692307692308,1.9411764705882355,10.0,1.0,1.0,2.4,0.1,0.1
SITE0135,11,1.0,0.0,0.0,5.5,Stable,30,8,0.2666666666666666,46,42,0.9130434782608696,1.9523809523809523,6.0,0.0,0.0,1.3333333333333333,0.0,0.0
SITE0135,12,1.0,1.0,2.0,0.0,Stable,24,17,0.7083333333333334,84,79,0.9404761904761904,2.6455696202531644,31.0,2.0,2.0,1.6774193548387095,0.064516129032258,0.064516129032258
SITE0136,1,4.0,4.0,4.5,9.0,Stable,7,0,0.0,9,7,0.7777777777777778,1.5714285714285714,2.0,0.0,0.0,2.5,0.0,0.0
SITE0136,2,2.0,0.0,6.0,0.0,Stable,28,1,0.0357142857142857,41,39,0.951219512195122,1.794871794871795,1.0,0.0,0.0,2.0,0.0,0.0
SITE0136,3,1.0,0.0,3.6666666666666665,15.0,Stable,42,6,0.1428571428571428,67,63,0.9402985074626866,1.7301587301587302,14.0,1.0,1.0,2.142857142857143,0.0714285714285714,0.0714285714285714
SITE0136,4,3.0,2.0,9.0,13.0,Stable,55,4,0.0727272727272727,93,86,0.9247311827956988,1.837209302325581,5.0,0.0,0.0,2.6,0.0,0.0
SITE0136,5,3.0,1.0,0.0,10.0,Stable,52,7,0.1346153846153846,89,82,0.9213483146067416,2.024390243902439,15.0,1.0,1.0,2.7333333333333334,0.0666666666666666,0.0666666666666666
SITE0136,6,0.0,1.0,3.0,11.666666666666666,Stable,40,4,0.1,64,61,0.953125,2.114754098360656,14.0,0.0,0.0,1.2857142857142858,0.0,0.0
SITE0136,7,2.0,1.0,7.0,15.5,Stable,31,2,0.064516129032258,45,43,0.9555555555555556,2.046511627906977,11.0,1.0,1.0,0.9090909090909092,0.0909090909090909,0.0909090909090909
SITE0136,8,1.0,0.0,5.5,20.0,Stable,33,0,0.0,49,45,0.9183673469387756,2.0444444444444443,16.0,0.0,0.0,1.4375,0.0,0.0
SITE0136,9,0.0,0.0,2.5,15.666666666666666,Stable,36,0,0.0,58,53,0.913793103448276,1.8679245283018868,13.0,0.0,0.0,3.0,0.0,0.0
SITE0136,10,0.0,2.0,0.0,9.0,Stable,42,1,0.0238095238095238,71,65,0.9154929577464788,1.984615384615385,23.0,2.0,2.0,1.9130434782608696,0.0869565217391304,0.0869565217391304
SITE0136,11,3.0,5.0,7.0,0.0,Stable,41,2,0.048780487804878,69,68,0.9855072463768116,1.9264705882352944,11.0,1.0,1.0,1.6363636363636365,0.0909090909090909,0.0909090909090909
SITE0136,12,2.0,1.0,12.0,20.0,Stable,26,3,0.1153846153846153,77,70,0.9090909090909092,2.3142857142857145,41.0,3.0,3.0,1.7560975609756098,0.073170731707317,0.073170731707317
SITE0137,1,10.0,1.0,5.333333333333333,3.0,High Risk,15,2,0.1333333333333333,22,21,0.9545454545454546,1.6666666666666667,0.0,0.0,0.0,0.0,0.0,0.0
SITE0137,2,12.0,5.0,8.25,11.125,High Risk,35,8,0.2285714285714285,52,52,1.0,2.5576923076923075,4.0,1.0,1.0,1.5,0.25,0.25
SITE0137,3,8.0,1.0,8.6,14.0,High Risk,44,15,0.3409090909090909,73,66,0.9041095890410958,2.590909090909091,4.0,0.0,0.0,1.75,0.0,0.0
SITE0137,4,7.0,3.0,3.333333333333333,9.75,High Risk,59,20,0.3389830508474576,96,83,0.8645833333333334,2.0120481927710845,15.0,0.0,0.0,2.0,0.0,0.0
SITE0137,5,2.0,4.0,8.0,18.0,High Risk,58,17,0.293103448275862,97,90,0.9278350515463918,1.8444444444444448,11.0,1.0,1.0,1.9090909090909087,0.0909090909090909,0.0909090909090909
SITE0137,6,6.0,3.0,10.3,14.333333333333334,High Risk,50,7,0.14,81,72,0.8888888888888888,2.111111111111111,7.0,0.0,0.0,2.0,0.0,0.0
SITE0137,7,4.0,5.0,7.0,8.333333333333334,High Risk,51,6,0.1176470588235294,77,74,0.961038961038961,2.121621621621621,18.0,2.0,2.0,1.4444444444444444,0.1111111111111111,0.1111111111111111
SITE0137,8,12.0,2.0,8.777777777777779,9.2,High Risk,48,7,0.1458333333333333,77,73,0.948051948051948,2.1095890410958904,19.0,0.0,0.0,2.1578947368421053,0.0,0.0
SITE0137,9,8.0,7.0,7.454545454545454,10.428571428571429,High Risk,44,8,0.1818181818181818,76,70,0.9210526315789472,1.9142857142857144,19.0,1.0,1.0,1.368421052631579,0.0526315789473684,0.0526315789473684
SITE0137,10,2.0,4.0,11.8,7.6,High Risk,45,13,0.2888888888888888,71,63,0.8873239436619719,1.9206349206349207,19.0,1.0,1.0,1.947368421052632,0.0526315789473684,0.0526315789473684
SITE0137,11,7.0,1.0,7.2,10.5,High Risk,38,10,0.2631578947368421,63,59,0.9365079365079364,2.254237288135593,19.0,1.0,1.0,1.8421052631578947,0.0526315789473684,0.0526315789473684
SITE0137,12,5.0,3.0,8.375,8.0,High Risk,25,13,0.52,79,73,0.9240506329113924,2.506849315068493,38.0,4.0,4.0,1.6842105263157894,0.1052631578947368,0.1052631578947368
SITE0138,1,1.0,0.0,5.5,0.0,Stable,10,2,0.2,14,12,0.8571428571428571,1.5,3.0,0.0,0.0,1.3333333333333333,0.0,0.0
SITE0138,2,3.0,0.0,11.0,10.0,Stable,18,4,0.2222222222222222,31,28,0.9032258064516128,2.071428571428572,2.0,0.0,0.0,2.0,0.0,0.0
SITE0138,3,2.0,1.0,7.0,7.0,Stable,25,7,0.28,41,39,0.951219512195122,2.051282051282051,3.0,1.0,1.0,1.3333333333333333,0.3333333333333333,0.3333333333333333
SITE0138,4,0.0,0.0,0.0,0.0,,29,7,0.2413793103448276,47,43,0.9148936170212766,1.6744186046511629,1.0,0.0,0.0,1.0,0.0,0.0
SITE0138,5,1.0,2.0,9.5,0.0,Stable,31,7,0.2258064516129032,51,48,0.9411764705882352,1.625,10.0,0.0,0.0,1.7,0.0,0.0
SITE0138,6,1.0,1.0,3.0,6.0,Stable,36,10,0.2777777777777778,55,53,0.9636363636363636,2.0943396226415096,7.0,0.0,0.0,1.8571428571428568,0.0,0.0
SITE0138,7,2.0,0.0,1.0,11.5,Stable,44,9,0.2045454545454545,75,68,0.9066666666666666,1.897058823529412,11.0,0.0,0.0,2.272727272727273,0.0,0.0
SITE0138,8,3.0,0.0,1.0,16.0,Stable,44,6,0.1363636363636363,70,63,0.9,2.0476190476190474,15.0,1.0,1.0,1.2666666666666666,0.0666666666666666,0.0666666666666666
SITE0138,9,1.0,2.0,5.0,17.0,Stable,43,3,0.0697674418604651,64,57,0.890625,2.56140350877193,13.0,3.0,3.0,2.5384615384615383,0.2307692307692307,0.2307692307692307
SITE0138,10,3.0,0.0,0.0,11.0,Stable,39,6,0.1538461538461538,61,53,0.8688524590163934,2.39622641509434,23.0,0.0,0.0,1.6956521739130437,0.0,0.0
SITE0138,11,0.0,0.0,0.0,19.0,Stable,35,6,0.1714285714285714,59,57,0.9661016949152542,1.7017543859649122,15.0,1.0,1.0,1.6,0.0666666666666666,0.0666666666666666
SITE0138,12,1.0,0.0,5.5,0.0,Stable,27,11,0.4074074074074074,74,69,0.9324324324324323,2.391304347826087,35.0,2.0,2.0,1.3142857142857145,0.0571428571428571,0.0571428571428571
SITE0139,1,1.0,1.0,0.0,0.0,Stable,14,0,0.0,22,18,0.8181818181818182,1.7777777777777777,1.0,0.0,0.0,1.0,0.0,0.0
SITE0139,2,0.0,0.0,8.0,5.0,Stable,27,0,0.0,42,36,0.8571428571428571,2.4166666666666665,2.0,0.0,0.0,2.0,0.0,0.0
SITE0139,3,3.0,2.0,5.0,0.0,Stable,39,0,0.0,64,60,0.9375,2.2333333333333334,3.0,0.0,0.0,1.6666666666666667,0.0,0.0
SITE0139,4,2.0,1.0,7.0,16.0,Stable,51,4,0.0784313725490196,85,80,0.9411764705882352,2.325,12.0,1.0,1.0,1.75,0.0833333333333333,0.0833333333333333
SITE0139,5,1.0,0.0,6.5,0.0,Stable,52,7,0.1346153846153846,83,78,0.9397590361445785,2.4743589743589745,15.0,3.0,3.0,1.4666666666666666,0.2,0.2
SITE0139,6,4.0,2.0,4.0,3.0,Stable,56,9,0.1607142857142857,86,77,0.8953488372093024,1.8051948051948048,16.0,2.0,2.0,1.0625,0.125,0.125
SITE0139,7,1.0,1.0,0.0,5.0,Stable,59,9,0.1525423728813559,97,94,0.9690721649484536,2.042553191489361,26.0,5.0,5.0,1.0769230769230769,0.1923076923076923,0.1923076923076923
SITE0139,8,1.0,1.0,6.5,0.0,Stable,60,9,0.15,92,88,0.9565217391304348,1.875,18.0,2.0,2.0,2.0,0.1111111111111111,0.1111111111111111
SITE0139,9,2.0,0.0,0.0,0.0,Stable,58,14,0.2413793103448276,91,86,0.945054945054945,1.9534883720930232,14.0,1.0,1.0,1.7857142857142858,0.0714285714285714,0.0714285714285714
SITE0139,10,0.0,1.0,11.0,17.0,Stable,52,15,0.2884615384615384,81,79,0.9753086419753086,2.1265822784810124,10.0,0.0,0.0,2.0,0.0,0.0
SITE0139,11,0.0,1.0,11.666666666666666,16.0,Stable,45,14,0.3111111111111111,76,71,0.9342105263157896,2.3380281690140845,16.0,0.0,0.0,1.375,0.0,0.0
SITE0139,12,0.0,1.0,6.0,0.0,Stable,30,9,0.3,81,73,0.9012345679012346,1.9726027397260275,56.0,3.0,3.0,1.6071428571428572,0.0535714285714285,0.0535714285714285
SITE0140,1,1.0,1.0,10.5,10.666666666666666,Anomalous,10,1,0.1,14,12,0.8571428571428571,1.9166666666666667,0.0,0.0,0.0,0.0,0.0,0.0
SITE0140,2,1.0,2.0,8.0,0.0,Anomalous,22,1,0.0454545454545454,34,33,0.9705882352941176,2.060606060606061,6.0,0.0,0.0,0.8333333333333334,0.0,0.0
SITE0140,3,3.0,3.0,9.0,0.0,Anomalous,32,2,0.0625,56,52,0.9285714285714286,2.0384615384615383,6.0,0.0,0.0,1.6666666666666667,0.0,0.0
SITE0140,4,1.0,0.0,2.0,14.333333333333334,Anomalous,45,2,0.0444444444444444,70,67,0.9571428571428572,2.2238805970149254,7.0,0.0,0.0,1.5714285714285714,0.0,0.0
SITE0140,5,2.0,1.0,1.0,0.0,Anomalous,45,4,0.0888888888888888,72,66,0.9166666666666666,1.9090909090909087,10.0,1.0,1.0,2.5,0.1,0.1
SITE0140,6,4.0,2.0,6.666666666666667,11.0,Anomalous,39,7,0.1794871794871795,62,57,0.9193548387096774,1.824561403508772,9.0,0.0,0.0,1.4444444444444444,0.0,0.0
SITE0140,7,4.0,1.0,11.0,14.75,Anomalous,33,7,0.2121212121212121,53,51,0.9622641509433962,2.019607843137255,10.0,0.0,0.0,1.0,0.0,0.0
SITE0140,8,14.0,8.0,8.5625,8.538461538461538,Anomalous,24,6,0.25,35,34,0.9714285714285714,1.5,13.0,1.0,1.0,1.3846153846153846,0.0769230769230769,0.0769230769230769
SITE0140,9,3.0,3.0,10.0,5.0,Anomalous,23,3,0.1304347826086956,30,25,0.8333333333333334,2.64,7.0,0.0,0.0,1.2857142857142858,0.0,0.0
SITE0140,10,1.0,0.0,7.0,0.0,Anomalous,27,6,0.2222222222222222,45,39,0.8666666666666667,2.2564102564102564,5.0,0.0,0.0,1.4,0.0,0.0
SITE0140,11,3.0,5.0,11.333333333333334,11.666666666666666,Anomalous,36,8,0.2222222222222222,59,55,0.9322033898305084,2.345454545454545,13.0,1.0,1.0,1.9230769230769231,0.0769230769230769,0.0769230769230769
SITE0140,12,6.0,4.0,10.333333333333334,7.25,Anomalous,32,7,0.21875,94,86,0.9148936170212766,1.744186046511628,29.0,1.0,1.0,1.5172413793103448,0.0344827586206896,0.0344827586206896
SITE0141,1,0.0,0.0,10.0,12.0,Stable,10,2,0.2,14,14,1.0,2.0,0.0,0.0,0.0,0.0,0.0,0.0
SITE0141,2,2.0,1.0,12.0,13.0,Stable,25,3,0.12,40,40,1.0,1.475,2.0,0.0,0.0,0.5,0.0,0.0
SITE0141,3,2.0,2.0,0.0,9.0,Stable,41,4,0.0975609756097561,69,64,0.927536231884058,2.515625,4.0,0.0,0.0,1.0,0.0,0.0
SITE0141,4,3.0,3.0,5.0,0.0,Stable,54,5,0.0925925925925925,91,88,0.967032967032967,1.9318181818181817,14.0,1.0,1.0,1.5,0.0714285714285714,0.0714285714285714
SITE0141,5,2.0,0.0,3.0,19.0,Stable,56,6,0.1071428571428571,92,83,0.9021739130434784,2.27710843373494,14.0,2.0,2.0,1.9285714285714288,0.1428571428571428,0.1428571428571428
SITE0141,6,0.0,1.0,3.333333333333333,11.0,Stable,56,5,0.0892857142857142,87,84,0.9655172413793104,2.0476190476190474,22.0,0.0,0.0,1.2272727272727273,0.0,0.0
SITE0141,7,2.0,0.0,14.0,0.0,Stable,45,3,0.0666666666666666,72,70,0.9722222222222222,2.3857142857142857,19.0,1.0,1.0,1.4736842105263157,0.0526315789473684,0.0526315789473684
SITE0141,8,0.0,1.0,8.5,17.0,Stable,50,2,0.04,80,76,0.95,2.0921052631578947,23.0,1.0,1.0,2.1739130434782608,0.0434782608695652,0.0434782608695652
SITE0141,9,0.0,2.0,0.0,13.0,Stable,50,4,0.08,76,69,0.9078947368421052,1.8115942028985508,22.0,1.0,1.0,1.8636363636363635,0.0454545454545454,0.0454545454545454
SITE0141,10,0.0,1.0,0.0,11.0,Stable,49,6,0.1224489795918367,78,73,0.935897435897436,2.1780821917808217,19.0,1.0,1.0,2.210526315789474,0.0526315789473684,0.0526315789473684
SITE0141,11,0.0,0.0,1.0,0.0,Stable,49,12,0.2448979591836734,78,70,0.8974358974358975,2.085714285714286,16.0,3.0,3.0,2.5,0.1875,0.1875
SITE0141,12,3.0,2.0,11.0,13.0,Stable,33,20,0.6060606060606061,93,84,0.9032258064516128,1.6666666666666667,43.0,2.0,2.0,1.744186046511628,0.0465116279069767,0.0465116279069767
SITE0142,1,1.0,0.0,0.0,12.0,Stable,5,1,0.2,6,5,0.8333333333333334,1.6,0.0,0.0,0.0,0.0,0.0,0.0
SITE0142,2,2.0,0.0,1.0,16.0,Stable,18,4,0.2222222222222222,29,25,0.8620689655172413,2.52,4.0,0.0,0.0,1.25,0.0,0.0
SITE0142,3,0.0,0.0,5.5,18.5,Stable,29,3,0.1034482758620689,49,41,0.8367346938775511,2.1463414634146343,8.0,0.0,0.0,2.5,0.0,0.0
SITE0142,4,4.0,2.0,0.0,0.0,Stable,39,3,0.0769230769230769,61,57,0.9344262295081968,2.1052631578947367,6.0,0.0,0.0,2.5,0.0,0.0
SITE0142,5,1.0,0.0,9.0,0.0,Stable,40,2,0.05,68,63,0.9264705882352942,2.031746031746032,7.0,0.0,0.0,1.0,0.0,0.0
SITE0142,6,2.0,1.0,9.0,0.0,Stable,35,2,0.0571428571428571,54,44,0.8148148148148148,2.6818181818181817,10.0,0.0,0.0,1.6,0.0,0.0
SITE0142,7,2.0,1.0,6.0,4.0,Stable,33,3,0.0909090909090909,52,46,0.8846153846153846,2.0,10.0,0.0,0.0,1.3,0.0,0.0
SITE0142,8,0.0,1.0,9.0,15.0,Stable,36,4,0.1111111111111111,58,56,0.9655172413793104,1.9107142857142856,12.0,1.0,1.0,1.5833333333333333,0.0833333333333333,0.0833333333333333
SITE0142,9,0.0,1.0,0.0,0.0,Stable,30,3,0.1,47,44,0.9361702127659576,1.7727272727272727,12.0,2.0,2.0,1.6666666666666667,0.1666666666666666,0.1666666666666666
SITE0142,10,1.0,0.0,3.0,0.0,Stable,28,5,0.1785714285714285,40,37,0.925,2.108108108108108,11.0,0.0,0.0,0.7272727272727273,0.0,0.0
SITE0142,11,2.0,2.0,0.0,0.0,Stable,24,4,0.1666666666666666,37,33,0.8918918918918919,2.5454545454545454,6.0,1.0,1.0,1.0,0.1666666666666666,0.1666666666666666
SITE0142,12,3.0,2.0,8.0,14.666666666666666,Stable,16,2,0.125,51,48,0.9411764705882352,2.208333333333333,45.0,3.0,3.0,1.8444444444444448,0.0666666666666666,0.0666666666666666
SITE0143,1,3.0,2.0,9.5,4.0,Stable,7,1,0.1428571428571428,10,10,1.0,1.5,0.0,0.0,0.0,0.0,0.0,0.0
SITE0143,2,2.0,4.0,0.0,0.0,Stable,17,3,0.1764705882352941,24,23,0.9583333333333334,2.260869565217391,1.0,0.0,0.0,0.0,0.0,0.0
SITE0143,3,1.0,2.0,3.0,15.5,Stable,26,5,0.1923076923076923,42,39,0.9285714285714286,1.5897435897435896,5.0,0.0,0.0,2.0,0.0,0.0
SITE0143,4,3.0,1.0,1.0,0.0,Stable,35,8,0.2285714285714285,54,46,0.8518518518518519,1.6521739130434785,6.0,0.0,0.0,1.3333333333333333,0.0,0.0
SITE0143,5,2.0,2.0,9.333333333333334,10.0,Stable,44,8,0.1818181818181818,75,71,0.9466666666666668,2.4788732394366195,9.0,1.0,1.0,1.3333333333333333,0.1111111111111111,0.1111111111111111
SITE0143,6,2.0,1.0,7.0,17.0,Stable,41,11,0.2682926829268293,68,63,0.9264705882352942,2.3015873015873014,19.0,1.0,1.0,2.1578947368421053,0.0526315789473684,0.0526315789473684
SITE0143,7,0.0,0.0,0.0,0.0,,39,9,0.2307692307692307,65,57,0.8769230769230769,2.456140350877193,8.0,0.0,0.0,1.5,0.0,0.0
SITE0143,8,2.0,0.0,5.5,0.0,Stable,29,8,0.2758620689655172,48,47,0.9791666666666666,2.042553191489361,8.0,0.0,0.0,1.0,0.0,0.0
SITE0143,9,3.0,0.0,0.0,0.0,Stable,26,8,0.3076923076923077,36,32,0.8888888888888888,1.8125,7.0,1.0,1.0,3.142857142857143,0.1428571428571428,0.1428571428571428
SITE0143,10,2.0,1.0,9.0,11.5,Stable,28,7,0.25,47,43,0.9148936170212766,2.0,10.0,1.0,1.0,2.1,0.1,0.1
SITE0143,11,1.0,1.0,8.0,0.0,Stable,23,6,0.2608695652173913,37,35,0.945945945945946,2.057142857142857,13.0,0.0,0.0,2.076923076923077,0.0,0.0
SITE0143,12,2.0,1.0,6.5,0.0,Stable,18,4,0.2222222222222222,52,49,0.9423076923076924,1.5510204081632653,21.0,2.0,2.0,1.809523809523809,0.0952380952380952,0.0952380952380952
SITE0144,1,8.0,6.0,5.833333333333333,8.5,High Risk,11,1,0.0909090909090909,15,14,0.9333333333333332,1.0714285714285714,2.0,0.0,0.0,2.5,0.0,0.0
SITE0144,2,10.0,6.0,12.5,10.6,High Risk,18,2,0.1111111111111111,31,29,0.935483870967742,2.5517241379310347,4.0,0.0,0.0,2.5,0.0,0.0
SITE0144,3,10.0,5.0,8.125,12.428571428571429,High Risk,28,2,0.0714285714285714,48,43,0.8958333333333334,2.488372093023256,4.0,0.0,0.0,1.5,0.0,0.0
SITE0144,4,8.0,3.0,6.428571428571429,6.666666666666667,High Risk,36,4,0.1111111111111111,60,56,0.9333333333333332,1.8392857142857144,7.0,0.0,0.0,1.7142857142857142,0.0,0.0
SITE0144,5,6.0,4.0,8.0,8.666666666666666,High Risk,39,6,0.1538461538461538,62,58,0.935483870967742,1.5689655172413792,9.0,0.0,0.0,2.2222222222222223,0.0,0.0
SITE0144,6,5.0,0.0,7.571428571428571,9.333333333333334,High Risk,37,11,0.2972972972972973,61,57,0.9344262295081968,1.912280701754386,3.0,0.0,0.0,1.0,0.0,0.0
SITE0144,7,7.0,2.0,5.166666666666667,7.0,High Risk,32,9,0.28125,54,50,0.925925925925926,2.08,3.0,0.0,0.0,2.6666666666666665,0.0,0.0
SITE0144,8,6.0,2.0,4.833333333333333,8.8,High Risk,32,5,0.15625,51,48,0.9411764705882352,2.25,14.0,0.0,0.0,2.9285714285714284,0.0,0.0
SITE0144,9,7.0,10.0,5.666666666666667,7.666666666666667,High Risk,33,5,0.1515151515151515,54,45,0.8333333333333334,2.0,16.0,0.0,0.0,2.1875,0.0,0.0
SITE0144,10,7.0,4.0,9.2,2.6666666666666665,High Risk,35,4,0.1142857142857142,54,54,1.0,2.2777777777777777,11.0,0.0,0.0,1.7272727272727273,0.0,0.0
SITE0144,11,6.0,5.0,8.0,11.5,High Risk,39,8,0.2051282051282051,68,62,0.9117647058823528,1.935483870967742,8.0,1.0,1.0,1.375,0.125,0.125
SITE0144,12,7.0,6.0,10.0,13.666666666666666,High Risk,29,9,0.3103448275862069,78,73,0.935897435897436,2.26027397260274,37.0,2.0,2.0,1.3243243243243243,0.054054054054054,0.054054054054054
SITE0145,1,3.0,2.0,13.0,0.0,Stable,9,0,0.0,13,9,0.6923076923076923,1.7777777777777777,1.0,0.0,0.0,1.0,0.0,0.0
SITE0145,2,1.0,2.0,2.0,15.0,Stable,23,3,0.1304347826086956,36,34,0.9444444444444444,2.5,3.0,0.0,0.0,2.333333333333333,0.0,0.0
SITE0145,3,3.0,0.0,5.333333333333333,15.0,Stable,35,4,0.1142857142857142,55,52,0.9454545454545454,2.326923076923077,5.0,0.0,0.0,1.2,0.0,0.0
SITE0145,4,0.0,1.0,11.0,0.0,Stable,40,4,0.1,67,58,0.8656716417910447,1.9655172413793105,12.0,2.0,2.0,1.6666666666666667,0.1666666666666666,0.1666666666666666
SITE0145,5,0.0,0.0,2.6666666666666665,1.0,Stable,38,2,0.0526315789473684,66,63,0.9545454545454546,1.5714285714285714,5.0,2.0,2.0,2.0,0.4,0.4
SITE0145,6,5.0,0.0,13.0,0.0,Stable,45,2,0.0444444444444444,65,60,0.9230769230769232,1.7666666666666666,14.0,1.0,1.0,1.6428571428571428,0.0714285714285714,0.0714285714285714
SITE0145,7,1.0,1.0,8.0,0.0,Stable,40,4,0.1,69,65,0.9420289855072465,2.569230769230769,13.0,1.0,1.0,1.5384615384615383,0.0769230769230769,0.0769230769230769
SITE0145,8,4.0,1.0,3.0,10.0,Stable,48,11,0.2291666666666666,74,69,0.9324324324324323,2.289855072463768,16.0,0.0,0.0,1.875,0.0,0.0
SITE0145,9,0.0,0.0,8.0,7.333333333333333,Stable,43,10,0.2325581395348837,67,61,0.9104477611940298,2.098360655737705,11.0,0.0,0.0,2.1818181818181817,0.0,0.0
SITE0145,10,0.0,3.0,5.0,16.5,Stable,44,11,0.25,71,67,0.943661971830986,2.462686567164179,14.0,0.0,0.0,1.0,0.0,0.0
SITE0145,11,3.0,0.0,0.0,17.0,Stable,44,11,0.25,75,69,0.92,1.5942028985507246,15.0,0.0,0.0,2.0,0.0,0.0
SITE0145,12,0.0,0.0,12.0,19.0,Stable,28,10,0.3571428571428571,80,72,0.9,1.9444444444444444,26.0,0.0,0.0,2.1153846153846154,0.0,0.0
SITE0146,1,2.0,0.0,5.0,11.0,Stable,11,1,0.0909090909090909,19,18,0.9473684210526316,1.1666666666666667,0.0,0.0,0.0,0.0,0.0,0.0
SITE0146,2,3.0,0.0,5.333333333333333,0.0,Stable,19,3,0.1578947368421052,30,27,0.9,1.8148148148148149,3.0,0.0,0.0,2.6666666666666665,0.0,0.0
SITE0146,3,3.0,1.0,0.0,10.0,Stable,26,4,0.1538461538461538,44,43,0.9772727272727272,2.0,0.0,0.0,0.0,0.0,0.0,0.0
SITE0146,4,1.0,1.0,4.5,0.0,Stable,31,7,0.2258064516129032,45,41,0.9111111111111112,1.7317073170731707,6.0,1.0,1.0,2.1666666666666665,0.1666666666666666,0.1666666666666666
SITE0146,5,4.0,1.0,8.0,0.0,Stable,33,7,0.2121212121212121,51,46,0.9019607843137256,2.065217391304348,8.0,0.0,0.0,1.75,0.0,0.0
SITE0146,6,1.0,1.0,4.0,18.0,Stable,31,5,0.1612903225806451,52,51,0.9807692307692308,2.2745098039215685,6.0,0.0,0.0,1.0,0.0,0.0
SITE0146,7,1.0,0.0,0.0,6.0,Stable,32,3,0.09375,49,47,0.9591836734693876,1.7872340425531914,13.0,2.0,2.0,1.6923076923076923,0.1538461538461538,0.1538461538461538
SITE0146,8,0.0,0.0,9.0,2.5,Stable,30,2,0.0666666666666666,49,42,0.8571428571428571,2.571428571428572,10.0,0.0,0.0,2.5,0.0,0.0
SITE0146,9,1.0,2.0,6.666666666666667,0.0,Stable,30,6,0.2,49,45,0.9183673469387756,2.3777777777777778,11.0,0.0,0.0,1.7272727272727273,0.0,0.0
SITE0146,10,2.0,1.0,9.0,15.0,Stable,24,6,0.25,43,38,0.8837209302325582,2.3157894736842106,14.0,2.0,2.0,2.2142857142857144,0.1428571428571428,0.1428571428571428
SITE0146,11,2.0,0.0,8.333333333333334,5.5,Stable,22,5,0.2272727272727272,35,35,1.0,1.9428571428571428,9.0,1.0,1.0,1.7777777777777777,0.1111111111111111,0.1111111111111111
SITE0146,12,2.0,2.0,6.0,17.0,Stable,8,5,0.625,26,25,0.9615384615384616,1.92,23.0,0.0,0.0,1.8695652173913044,0.0,0.0
SITE0147,1,4.0,0.0,10.0,9.0,Stable,11,3,0.2727272727272727,16,14,0.875,1.7857142857142858,3.0,0.0,0.0,2.0,0.0,0.0
SITE0147,2,3.0,0.0,9.0,3.0,Stable,27,8,0.2962962962962963,42,37,0.8809523809523809,1.837837837837838,3.0,0.0,0.0,2.333333333333333,0.0,0.0
SITE0147,3,3.0,1.0,8.0,3.0,Stable,42,10,0.238095238095238,73,67,0.9178082191780822,1.955223880597015,2.0,0.0,0.0,3.0,0.0,0.0
SITE0147,4,3.0,3.0,3.0,0.0,Stable,51,15,0.2941176470588235,85,76,0.8941176470588236,2.6578947368421053,5.0,0.0,0.0,1.4,0.0,0.0
SITE0147,5,1.0,1.0,5.0,0.0,Stable,48,11,0.2291666666666666,75,72,0.96,2.583333333333333,18.0,1.0,1.0,1.5555555555555556,0.0555555555555555,0.0555555555555555
SITE0147,6,1.0,1.0,2.0,6.0,Stable,43,6,0.1395348837209302,69,63,0.9130434782608696,1.984126984126984,7.0,0.0,0.0,0.7142857142857143,0.0,0.0
SITE0147,7,1.0,0.0,0.0,0.0,Stable,37,7,0.1891891891891892,64,52,0.8125,2.269230769230769,13.0,0.0,0.0,2.076923076923077,0.0,0.0
SITE0147,8,0.0,1.0,4.0,4.0,Stable,39,6,0.1538461538461538,61,57,0.9344262295081968,1.8771929824561404,19.0,0.0,0.0,2.1578947368421053,0.0,0.0
SITE0147,9,2.0,2.0,9.0,0.0,Stable,40,8,0.2,65,58,0.8923076923076924,1.4655172413793105,16.0,2.0,2.0,1.4375,0.125,0.125
SITE0147,10,3.0,2.0,0.0,18.0,Stable,36,7,0.1944444444444444,60,51,0.85,1.5490196078431373,9.0,1.0,1.0,2.333333333333333,0.1111111111111111,0.1111111111111111
SITE0147,11,0.0,0.0,12.0,0.0,Stable,31,2,0.064516129032258,44,40,0.9090909090909092,2.325,12.0,0.0,0.0,2.25,0.0,0.0
SITE0147,12,2.0,0.0,0.0,0.0,Stable,18,1,0.0555555555555555,48,48,1.0,2.1041666666666665,34.0,1.0,1.0,1.7647058823529411,0.0294117647058823,0.0294117647058823
SITE0148,1,0.0,0.0,10.0,0.0,Stable,8,0,0.0,11,7,0.6363636363636364,1.8571428571428568,2.0,0.0,0.0,1.0,0.0,0.0
SITE0148,2,0.0,3.0,11.0,0.0,Stable,17,2,0.1176470588235294,28,27,0.9642857142857144,1.4814814814814814,4.0,0.0,0.0,2.5,0.0,0.0
SITE0148,3,1.0,3.0,0.0,13.0,Stable,31,2,0.064516129032258,43,39,0.9069767441860463,1.9743589743589745,7.0,2.0,2.0,1.4285714285714286,0.2857142857142857,0.2857142857142857
SITE0148,4,4.0,0.0,6.0,17.5,Stable,38,4,0.1052631578947368,65,61,0.9384615384615383,2.6885245901639343,4.0,0.0,0.0,0.0,0.0,0.0
SITE0148,5,4.0,0.0,10.0,0.0,Stable,40,4,0.1,64,60,0.9375,2.333333333333333,14.0,2.0,2.0,1.5714285714285714,0.1428571428571428,0.1428571428571428
SITE0148,6,3.0,0.0,8.0,10.0,Stable,38,5,0.131578947368421,61,54,0.8852459016393442,2.111111111111111,9.0,0.0,0.0,0.8888888888888888,0.0,0.0
SITE0148,7,5.0,0.0,3.0,0.0,Stable,36,5,0.1388888888888889,58,56,0.9655172413793104,2.0357142857142856,11.0,0.0,0.0,1.9090909090909087,0.0,0.0
SITE0148,8,4.0,0.0,0.0,9.666666666666666,Stable,45,6,0.1333333333333333,75,71,0.9466666666666668,1.887323943661972,17.0,1.0,1.0,1.8235294117647056,0.0588235294117647,0.0588235294117647
SITE0148,9,1.0,0.0,0.0,0.0,Stable,54,10,0.1851851851851851,84,79,0.9404761904761904,1.9240506329113924,9.0,1.0,1.0,1.8888888888888888,0.1111111111111111,0.1111111111111111
SITE0148,10,0.0,2.0,9.5,7.666666666666667,Stable,56,10,0.1785714285714285,90,83,0.9222222222222224,2.5783132530120483,16.0,0.0,0.0,2.3125,0.0,0.0
SITE0148,11,1.0,0.0,11.0,15.0,Stable,49,12,0.2448979591836734,80,71,0.8875,2.2816901408450705,16.0,0.0,0.0,2.0625,0.0,0.0
SITE0148,12,2.0,0.0,0.0,8.0,Stable,33,12,0.3636363636363636,85,80,0.9411764705882352,2.3625,46.0,0.0,0.0,1.391304347826087,0.0,0.0
SITE0149,1,0.0,0.0,5.0,18.0,Stable,9,0,0.0,13,12,0.9230769230769232,1.5,0.0,0.0,0.0,0.0,0.0,0.0
SITE0149,2,1.0,1.0,10.0,14.0,Stable,27,3,0.1111111111111111,40,34,0.85,1.2352941176470589,1.0,0.0,0.0,4.0,0.0,0.0
SITE0149,3,4.0,0.0,9.0,11.5,Stable,44,13,0.2954545454545454,71,65,0.9154929577464788,1.876923076923077,8.0,1.0,1.0,1.375,0.125,0.125
SITE0149,4,1.0,0.0,4.5,12.0,Stable,56,16,0.2857142857142857,88,82,0.9318181818181818,2.048780487804878,5.0,0.0,0.0,2.0,0.0,0.0
SITE0149,5,3.0,1.0,8.0,0.0,Stable,62,20,0.3225806451612903,104,93,0.8942307692307693,2.021505376344086,15.0,0.0,0.0,1.9333333333333331,0.0,0.0
SITE0149,6,2.0,1.0,0.0,0.0,Stable,49,12,0.2448979591836734,75,71,0.9466666666666668,1.647887323943662,13.0,1.0,1.0,1.5384615384615383,0.0769230769230769,0.0769230769230769
SITE0149,7,3.0,1.0,10.0,0.0,Stable,52,13,0.25,80,77,0.9625,1.8831168831168832,20.0,0.0,0.0,1.9,0.0,0.0
SITE0149,8,1.0,1.0,6.0,2.0,Stable,51,14,0.2745098039215686,84,80,0.9523809523809524,2.3375,25.0,5.0,5.0,1.88,0.2,0.2
SITE0149,9,0.0,0.0,10.5,0.0,Stable,50,13,0.26,80,73,0.9125,2.2054794520547945,14.0,0.0,0.0,1.6428571428571428,0.0,0.0
SITE0149,10,2.0,0.0,0.0,16.0,Stable,57,13,0.2280701754385964,87,81,0.9310344827586208,1.938271604938272,19.0,1.0,1.0,1.368421052631579,0.0526315789473684,0.0526315789473684
SITE0149,11,4.0,2.0,2.0,0.0,Stable,48,10,0.2083333333333333,80,72,0.9,2.3194444444444446,17.0,0.0,0.0,1.7647058823529411,0.0,0.0
SITE0149,12,2.0,0.0,7.0,0.0,Stable,33,17,0.5151515151515151,98,87,0.8877551020408163,1.9540229885057472,65.0,1.0,1.0,2.0615384615384613,0.0153846153846153,0.0153846153846153
SITE0150,1,0.0,0.0,10.0,0.0,Stable,13,2,0.1538461538461538,19,17,0.8947368421052632,1.588235294117647,1.0,0.0,0.0,1.0,0.0,0.0
SITE0150,2,1.0,2.0,3.5,17.0,Stable,27,7,0.2592592592592592,44,40,0.9090909090909092,1.925,4.0,0.0,0.0,0.5,0.0,0.0
SITE0150,3,1.0,1.0,0.0,0.0,Stable,41,16,0.3902439024390244,72,66,0.9166666666666666,1.681818181818182,5.0,0.0,0.0,1.2,0.0,0.0
SITE0150,4,4.0,2.0,11.0,0.0,Stable,52,19,0.3653846153846153,83,79,0.9518072289156626,2.075949367088608,10.0,0.0,0.0,1.9,0.0,0.0
SITE0150,5,1.0,0.0,12.0,13.0,Stable,45,16,0.3555555555555555,77,69,0.8961038961038961,2.057971014492753,14.0,0.0,0.0,1.7857142857142858,0.0,0.0
SITE0150,6,3.0,0.0,0.0,0.0,Stable,44,14,0.3181818181818182,66,63,0.9545454545454546,1.746031746031746,15.0,0.0,0.0,1.8,0.0,0.0
SITE0150,7,2.0,2.0,14.0,0.0,Stable,45,12,0.2666666666666666,70,61,0.8714285714285714,2.2131147540983607,10.0,1.0,1.0,1.1,0.1,0.1
SITE0150,8,1.0,2.0,0.0,0.0,Stable,46,12,0.2608695652173913,76,69,0.9078947368421052,2.0,16.0,1.0,1.0,1.75,0.0625,0.0625
SITE0150,9,1.0,1.0,7.0,16.0,Stable,55,11,0.2,89,84,0.9438202247191012,2.238095238095238,11.0,0.0,0.0,1.818181818181818,0.0,0.0
SITE0150,10,2.0,0.0,6.5,4.0,Stable,51,10,0.196078431372549,82,75,0.9146341463414634,1.6933333333333334,15.0,1.0,1.0,1.4666666666666666,0.0666666666666666,0.0666666666666666
SITE0150,11,1.0,0.0,3.6666666666666665,8.0,Stable,50,10,0.2,82,79,0.9634146341463414,1.9113924050632911,14.0,0.0,0.0,1.7857142857142858,0.0,0.0
SITE0150,12,5.0,1.0,9.0,17.0,Stable,39,9,0.2307692307692307,104,93,0.8942307692307693,2.021505376344086,43.0,3.0,3.0,1.6744186046511629,0.0697674418604651,0.0697674418604651
SITE0151,1,2.0,2.0,7.0,18.0,Stable,10,0,0.0,15,14,0.9333333333333332,1.2857142857142858,0.0,0.0,0.0,0.0,0.0,0.0
SITE0151,2,4.0,1.0,9.333333333333334,16.0,Stable,18,0,0.0,28,21,0.75,1.619047619047619,5.0,0.0,0.0,3.8,0.0,0.0
SITE0151,3,1.0,1.0,0.0,0.0,Stable,27,0,0.0,45,39,0.8666666666666667,2.102564102564102,5.0,1.0,1.0,1.0,0.2,0.2
SITE0151,4,6.0,0.0,2.0,15.0,Stable,35,1,0.0285714285714285,51,47,0.9215686274509804,1.6170212765957446,4.0,0.0,0.0,0.75,0.0,0.0
SITE0151,5,1.0,1.0,8.0,17.0,Stable,41,3,0.073170731707317,63,57,0.9047619047619048,2.543859649122807,7.0,0.0,0.0,1.2857142857142858,0.0,0.0
SITE0151,6,3.0,1.0,0.0,12.8,Stable,42,4,0.0952380952380952,65,58,0.8923076923076924,2.7586206896551726,14.0,0.0,0.0,1.7857142857142858,0.0,0.0
SITE0151,7,0.0,0.0,14.0,6.5,Stable,44,8,0.1818181818181818,75,64,0.8533333333333334,2.328125,13.0,0.0,0.0,1.6923076923076923,0.0,0.0
SITE0151,8,0.0,0.0,5.666666666666667,1.0,Stable,41,6,0.1463414634146341,66,64,0.9696969696969696,2.015625,18.0,0.0,0.0,1.9444444444444444,0.0,0.0
SITE0151,9,0.0,1.0,5.5,11.0,Stable,33,3,0.0909090909090909,54,51,0.9444444444444444,2.2745098039215685,12.0,0.0,0.0,1.9166666666666667,0.0,0.0
SITE0151,10,3.0,2.0,0.0,18.0,Stable,34,2,0.0588235294117647,53,47,0.8867924528301887,2.1702127659574466,24.0,2.0,2.0,2.1666666666666665,0.0833333333333333,0.0833333333333333
SITE0151,11,1.0,1.0,3.0,19.0,Stable,27,6,0.2222222222222222,43,35,0.813953488372093,1.542857142857143,12.0,0.0,0.0,0.8333333333333334,0.0,0.0
SITE0151,12,2.0,0.0,8.0,0.0,Stable,17,9,0.5294117647058824,48,43,0.8958333333333334,2.9069767441860463,40.0,3.0,3.0,1.7,0.075,0.075
SITE0152,1,2.0,0.0,13.0,0.0,Stable,10,2,0.2,14,13,0.9285714285714286,0.9230769230769232,1.0,0.0,0.0,2.0,0.0,0.0
SITE0152,2,0.0,1.0,0.0,11.0,Stable,21,7,0.3333333333333333,33,30,0.9090909090909092,1.6666666666666667,1.0,0.0,0.0,1.0,0.0,0.0
SITE0152,3,1.0,2.0,12.0,0.0,Stable,32,11,0.34375,54,50,0.925925925925926,1.76,5.0,0.0,0.0,1.8,0.0,0.0
SITE0152,4,1.0,1.0,9.5,10.5,Stable,46,12,0.2608695652173913,70,60,0.8571428571428571,1.5833333333333333,8.0,0.0,0.0,1.625,0.0,0.0
SITE0152,5,3.0,1.0,10.0,17.0,Stable,43,12,0.2790697674418604,76,70,0.9210526315789472,2.3142857142857145,8.0,0.0,0.0,1.75,0.0,0.0
SITE0152,6,1.0,0.0,4.5,0.0,Stable,46,8,0.1739130434782608,73,66,0.9041095890410958,2.227272727272727,15.0,1.0,1.0,2.0,0.0666666666666666,0.0666666666666666
SITE0152,7,1.0,2.0,8.0,8.333333333333334,Stable,52,11,0.2115384615384615,81,72,0.8888888888888888,1.6944444444444444,12.0,0.0,0.0,2.9166666666666665,0.0,0.0
SITE0152,8,0.0,0.0,0.0,12.0,Stable,55,9,0.1636363636363636,84,78,0.9285714285714286,2.423076923076923,18.0,2.0,2.0,1.7222222222222223,0.1111111111111111,0.1111111111111111
SITE0152,9,2.0,0.0,6.5,13.5,Stable,50,11,0.22,81,76,0.9382716049382716,2.710526315789474,14.0,1.0,1.0,1.8571428571428568,0.0714285714285714,0.0714285714285714
SITE0152,10,1.0,1.0,8.0,12.5,Stable,50,9,0.18,77,70,0.9090909090909092,2.0,15.0,3.0,3.0,1.3333333333333333,0.2,0.2
SITE0152,11,1.0,0.0,10.0,12.5,Stable,36,4,0.1111111111111111,62,60,0.967741935483871,1.8333333333333333,14.0,0.0,0.0,1.8571428571428568,0.0,0.0
SITE0152,12,1.0,1.0,8.5,16.5,Stable,24,6,0.25,69,65,0.9420289855072465,2.2,42.0,3.0,3.0,2.261904761904762,0.0714285714285714,0.0714285714285714
SITE0153,1,2.0,1.0,3.0,8.0,Stable,2,0,0.0,4,4,1.0,2.75,0.0,0.0,0.0,0.0,0.0,0.0
SITE0153,2,2.0,3.0,8.333333333333334,0.0,Stable,11,0,0.0,16,14,0.875,2.142857142857143,2.0,0.0,0.0,0.5,0.0,0.0
SITE0153,3,3.0,0.0,0.0,10.5,Stable,19,1,0.0526315789473684,31,29,0.935483870967742,2.2413793103448274,5.0,0.0,0.0,1.0,0.0,0.0
SITE0153,4,2.0,0.0,0.0,7.0,Stable,27,2,0.074074074074074,49,46,0.9387755102040816,1.9130434782608696,6.0,0.0,0.0,3.0,0.0,0.0
SITE0153,5,5.0,1.0,12.0,3.0,Stable,32,2,0.0625,49,47,0.9591836734693876,1.553191489361702,1.0,0.0,0.0,1.0,0.0,0.0
SITE0153,6,1.0,0.0,0.0,9.0,Stable,32,3,0.09375,50,48,0.96,1.75,7.0,0.0,0.0,1.1428571428571428,0.0,0.0
SITE0153,7,1.0,0.0,12.0,9.333333333333334,Stable,29,2,0.0689655172413793,47,46,0.9787234042553192,2.108695652173913,4.0,0.0,0.0,2.75,0.0,0.0
SITE0153,8,3.0,0.0,1.0,0.0,Stable,37,3,0.081081081081081,57,49,0.8596491228070176,2.1020408163265305,7.0,0.0,0.0,2.0,0.0,0.0
SITE0153,9,3.0,5.0,8.0,14.0,Stable,39,3,0.0769230769230769,61,55,0.9016393442622952,2.6,15.0,0.0,0.0,2.7333333333333334,0.0,0.0
SITE0153,10,5.0,0.0,0.0,0.0,Stable,36,4,0.1111111111111111,59,56,0.9491525423728814,2.357142857142857,6.0,1.0,1.0,2.333333333333333,0.1666666666666666,0.1666666666666666
SITE0153,11,3.0,2.0,0.0,0.0,Stable,33,4,0.1212121212121212,54,44,0.8148148148148148,1.9545454545454544,15.0,3.0,3.0,2.0,0.2,0.2
SITE0153,12,3.0,2.0,8.0,11.0,Stable,16,0,0.0,45,38,0.8444444444444444,2.6842105263157894,36.0,1.0,1.0,2.1666666666666665,0.0277777777777777,0.0277777777777777
SITE0154,1,1.0,3.0,0.0,11.5,Stable,16,1,0.0625,21,21,1.0,2.0476190476190474,2.0,1.0,1.0,1.5,0.5,0.5
SITE0154,2,2.0,2.0,0.0,0.0,Stable,29,4,0.1379310344827586,47,41,0.8723404255319149,2.2195121951219514,4.0,1.0,1.0,1.75,0.25,0.25
SITE0154,3,3.0,1.0,12.0,6.0,Stable,34,8,0.2352941176470588,59,53,0.8983050847457628,1.9056603773584904,7.0,1.0,1.0,1.5714285714285714,0.1428571428571428,0.1428571428571428
SITE0154,4,2.0,2.0,10.0,4.0,Stable,35,6,0.1714285714285714,55,49,0.8909090909090909,2.0408163265306123,3.0,1.0,1.0,2.6666666666666665,0.3333333333333333,0.3333333333333333
SITE0154,5,0.0,0.0,9.0,19.0,Stable,29,5,0.1724137931034483,45,41,0.9111111111111112,1.8780487804878048,12.0,1.0,1.0,1.25,0.0833333333333333,0.0833333333333333
SITE0154,6,1.0,0.0,0.0,0.0,Stable,26,5,0.1923076923076923,40,38,0.95,1.5263157894736843,14.0,1.0,1.0,1.9285714285714288,0.0714285714285714,0.0714285714285714
SITE0154,7,1.0,2.0,10.666666666666666,9.5,Stable,27,6,0.2222222222222222,46,45,0.9782608695652174,2.0444444444444443,17.0,1.0,1.0,2.0,0.0588235294117647,0.0588235294117647
SITE0154,8,1.0,1.0,11.0,14.0,Stable,28,4,0.1428571428571428,43,36,0.8372093023255814,2.055555555555556,9.0,0.0,0.0,1.4444444444444444,0.0,0.0
SITE0154,9,2.0,2.0,10.5,0.0,Stable,32,8,0.25,49,43,0.8775510204081632,1.9534883720930232,9.0,0.0,0.0,2.0,0.0,0.0
SITE0154,10,3.0,1.0,1.0,12.5,Stable,32,6,0.1875,47,43,0.9148936170212766,2.441860465116279,13.0,0.0,0.0,1.8461538461538465,0.0,0.0
SITE0154,11,2.0,0.0,7.5,7.0,Stable,34,12,0.3529411764705882,57,52,0.912280701754386,2.4038461538461537,9.0,1.0,1.0,1.2222222222222223,0.1111111111111111,0.1111111111111111
SITE0154,12,3.0,3.0,3.0,0.0,Stable,27,19,0.7037037037037037,73,64,0.8767123287671232,2.03125,32.0,0.0,0.0,2.25,0.0,0.0
SITE0155,1,2.0,2.0,6.333333333333333,8.0,Stable,12,4,0.3333333333333333,17,17,1.0,1.588235294117647,0.0,0.0,0.0,0.0,0.0,0.0
SITE0155,2,2.0,1.0,8.0,16.0,Stable,20,7,0.35,30,26,0.8666666666666667,1.9230769230769231,0.0,0.0,0.0,0.0,0.0,0.0
SITE0155,3,1.0,1.0,1.0,0.0,Stable,28,8,0.2857142857142857,49,47,0.9591836734693876,1.4893617021276595,2.0,0.0,0.0,3.0,0.0,0.0
SITE0155,4,0.0,0.0,12.0,19.0,Stable,32,4,0.125,51,45,0.8823529411764706,1.8666666666666667,8.0,0.0,0.0,1.625,0.0,0.0
SITE0155,5,6.0,3.0,0.0,0.0,Stable,26,1,0.0384615384615384,42,40,0.9523809523809524,2.5,3.0,0.0,0.0,0.3333333333333333,0.0,0.0
SITE0155,6,3.0,1.0,3.6666666666666665,6.5,Stable,25,0,0.0,44,44,1.0,1.9772727272727275,5.0,0.0,0.0,1.0,0.0,0.0
SITE0155,7,1.0,2.0,7.0,18.0,Stable,26,2,0.0769230769230769,38,35,0.9210526315789472,2.1714285714285717,3.0,0.0,0.0,1.6666666666666667,0.0,0.0
SITE0155,8,3.0,1.0,6.0,0.0,Stable,28,4,0.1428571428571428,42,40,0.9523809523809524,2.125,10.0,0.0,0.0,2.3,0.0,0.0
SITE0155,9,0.0,0.0,10.0,0.0,Stable,31,8,0.2580645161290322,50,48,0.96,2.0416666666666665,10.0,1.0,1.0,1.7,0.1,0.1
SITE0155,10,2.0,1.0,0.0,0.0,Stable,34,8,0.2352941176470588,58,54,0.9310344827586208,2.074074074074074,9.0,0.0,0.0,1.3333333333333333,0.0,0.0
SITE0155,11,0.0,1.0,4.0,12.0,Stable,32,9,0.28125,53,49,0.9245283018867924,2.020408163265306,5.0,1.0,1.0,2.0,0.2,0.2
SITE0155,12,1.0,1.0,10.0,15.0,Stable,21,11,0.5238095238095238,54,50,0.925925925925926,2.12,38.0,0.0,0.0,1.631578947368421,0.0,0.0
SITE0156,1,1.0,2.0,3.0,9.0,Stable,13,2,0.1538461538461538,20,20,1.0,1.9,0.0,0.0,0.0,0.0,0.0,0.0
SITE0156,2,1.0,1.0,7.0,0.0,Stable,23,4,0.1739130434782608,39,33,0.8461538461538461,2.4242424242424243,4.0,0.0,0.0,2.25,0.0,0.0
SITE0156,3,2.0,0.0,6.333333333333333,8.0,Stable,35,4,0.1142857142857142,59,54,0.9152542372881356,1.0740740740740742,3.0,0.0,0.0,3.333333333333333,0.0,0.0
SITE0156,4,0.0,1.0,7.5,8.0,Stable,44,5,0.1136363636363636,69,65,0.9420289855072465,2.046153846153846,6.0,0.0,0.0,2.1666666666666665,0.0,0.0
SITE0156,5,3.0,2.0,7.0,11.0,Stable,37,3,0.081081081081081,63,54,0.8571428571428571,2.2222222222222223,6.0,0.0,0.0,2.0,0.0,0.0
SITE0156,6,3.0,0.0,1.0,12.333333333333334,Stable,34,3,0.088235294117647,53,50,0.9433962264150944,2.06,15.0,0.0,0.0,1.2,0.0,0.0
SITE0156,7,3.0,3.0,0.0,0.0,Stable,33,2,0.0606060606060606,47,41,0.8723404255319149,2.0,7.0,1.0,1.0,0.4285714285714285,0.1428571428571428,0.1428571428571428
SITE0156,8,1.0,1.0,0.0,2.0,Stable,29,2,0.0689655172413793,47,43,0.9148936170212766,2.395348837209302,10.0,0.0,0.0,1.7,0.0,0.0
SITE0156,9,0.0,2.0,14.0,0.0,Stable,35,2,0.0571428571428571,60,55,0.9166666666666666,2.036363636363636,12.0,0.0,0.0,1.5,0.0,0.0
SITE0156,10,1.0,0.0,0.0,11.0,Stable,36,1,0.0277777777777777,57,53,0.9298245614035088,2.1132075471698117,10.0,0.0,0.0,1.8,0.0,0.0
SITE0156,11,2.0,0.0,0.0,5.0,Stable,35,5,0.1428571428571428,59,56,0.9491525423728814,2.1785714285714284,13.0,1.0,1.0,0.8461538461538461,0.0769230769230769,0.0769230769230769
SITE0156,12,1.0,0.0,10.0,11.5,Stable,24,9,0.375,69,62,0.8985507246376812,1.6774193548387095,45.0,3.0,3.0,1.8666666666666667,0.0666666666666666,0.0666666666666666
SITE0157,1,2.0,1.0,4.5,0.0,Deteriorating,6,0,0.0,9,7,0.7777777777777778,0.1428571428571428,0.0,0.0,0.0,0.0,0.0,0.0
SITE0157,2,2.0,1.0,0.0,13.666666666666666,Deteriorating,16,2,0.125,24,23,0.9583333333333334,1.7391304347826086,1.0,0.0,0.0,2.0,0.0,0.0
SITE0157,3,0.0,2.0,7.0,9.5,Deteriorating,24,3,0.125,40,36,0.9,1.0555555555555556,2.0,0.0,0.0,3.5,0.0,0.0
SITE0157,4,2.0,0.0,10.0,14.0,Deteriorating,33,5,0.1515151515151515,55,53,0.9636363636363636,2.1132075471698117,4.0,0.0,0.0,2.25,0.0,0.0
SITE0157,5,2.0,3.0,3.0,15.5,Deteriorating,34,4,0.1176470588235294,54,48,0.8888888888888888,1.8541666666666667,7.0,0.0,0.0,2.571428571428572,0.0,0.0
SITE0157,6,3.0,2.0,6.333333333333333,8.0,Deteriorating,32,2,0.0625,49,44,0.8979591836734694,1.4545454545454546,10.0,1.0,1.0,1.9,0.1,0.1
SITE0157,7,4.0,0.0,7.0,10.0,Deteriorating,39,5,0.1282051282051282,62,61,0.9838709677419356,2.1311475409836067,8.0,1.0,1.0,1.875,0.125,0.125
SITE0157,8,5.0,3.0,10.333333333333334,7.5,Deteriorating,37,6,0.1621621621621621,60,56,0.9333333333333332,2.25,9.0,1.0,1.0,2.555555555555556,0.1111111111111111,0.1111111111111111
SITE0157,9,5.0,3.0,8.0,0.0,Deteriorating,36,6,0.1666666666666666,59,50,0.847457627118644,1.82,9.0,2.0,2.0,1.4444444444444444,0.2222222222222222,0.2222222222222222
SITE0157,10,7.0,2.0,12.0,5.0,Deteriorating,28,6,0.2142857142857142,43,41,0.9534883720930232,2.0,8.0,1.0,1.0,2.625,0.125,0.125
SITE0157,11,5.0,2.0,5.583333333333333,14.5,Deteriorating,20,2,0.1,33,28,0.8484848484848485,1.6428571428571428,14.0,1.0,1.0,1.2857142857142858,0.0714285714285714,0.0714285714285714
SITE0157,12,3.0,2.0,3.0,7.6,Deteriorating,17,1,0.0588235294117647,46,43,0.9347826086956522,2.7674418604651163,26.0,4.0,4.0,1.1538461538461535,0.1538461538461538,0.1538461538461538
SITE0158,1,3.0,1.0,0.0,11.0,Stable,8,1,0.125,11,9,0.8181818181818182,0.7777777777777778,2.0,0.0,0.0,1.0,0.0,0.0
SITE0158,2,3.0,0.0,0.0,18.0,Stable,16,4,0.25,27,24,0.8888888888888888,2.625,1.0,1.0,1.0,3.0,1.0,1.0
SITE0158,3,1.0,2.0,10.0,2.0,Stable,27,4,0.1481481481481481,43,43,1.0,2.0232558139534884,3.0,0.0,0.0,0.6666666666666666,0.0,0.0
SITE0158,4,0.0,1.0,5.0,0.0,Stable,33,3,0.0909090909090909,53,45,0.8490566037735849,1.7333333333333334,5.0,0.0,0.0,3.2,0.0,0.0
SITE0158,5,4.0,2.0,9.5,0.0,Stable,33,1,0.0303030303030303,53,48,0.9056603773584906,2.2916666666666665,10.0,1.0,1.0,1.7,0.1,0.1
SITE0158,6,1.0,1.0,0.0,0.0,Stable,36,2,0.0555555555555555,57,53,0.9298245614035088,1.8113207547169807,9.0,0.0,0.0,1.4444444444444444,0.0,0.0
SITE0158,7,0.0,1.0,10.666666666666666,0.0,Stable,30,3,0.1,50,45,0.9,2.2222222222222223,13.0,1.0,1.0,1.7692307692307692,0.0769230769230769,0.0769230769230769
SITE0158,8,0.0,0.0,5.0,8.0,Stable,30,4,0.1333333333333333,47,40,0.851063829787234,2.45,4.0,0.0,0.0,1.75,0.0,0.0
SITE0158,9,3.0,0.0,0.0,13.0,Stable,29,2,0.0689655172413793,46,43,0.9347826086956522,2.395348837209302,3.0,0.0,0.0,1.0,0.0,0.0
SITE0158,10,1.0,1.0,9.5,12.5,Stable,23,0,0.0,39,33,0.8461538461538461,1.7878787878787878,10.0,1.0,1.0,1.5,0.1,0.1
SITE0158,11,3.0,0.0,12.0,17.333333333333332,Stable,22,0,0.0,36,33,0.9166666666666666,1.878787878787879,10.0,0.0,0.0,1.2,0.0,0.0
SITE0158,12,0.0,1.0,7.5,0.0,Stable,13,0,0.0,30,28,0.9333333333333332,1.9285714285714288,23.0,2.0,2.0,1.173913043478261,0.0869565217391304,0.0869565217391304
SITE0159,1,1.0,1.0,5.666666666666667,0.0,Stable,14,3,0.2142857142857142,22,22,1.0,1.818181818181818,0.0,0.0,0.0,0.0,0.0,0.0
SITE0159,2,2.0,3.0,14.0,0.0,Stable,19,4,0.2105263157894736,33,30,0.9090909090909092,2.1333333333333333,3.0,1.0,1.0,2.0,0.3333333333333333,0.3333333333333333
SITE0159,3,2.0,0.0,0.0,7.0,Stable,29,6,0.2068965517241379,46,41,0.8913043478260869,2.5365853658536586,6.0,1.0,1.0,1.1666666666666667,0.1666666666666666,0.1666666666666666
SITE0159,4,2.0,0.0,9.333333333333334,0.0,Stable,33,5,0.1515151515151515,52,49,0.9423076923076924,1.9795918367346936,5.0,0.0,0.0,2.8,0.0,0.0
SITE0159,5,1.0,1.0,5.0,1.0,Stable,27,4,0.1481481481481481,39,33,0.8461538461538461,1.5454545454545454,5.0,0.0,0.0,2.4,0.0,0.0
SITE0159,6,2.0,0.0,10.0,6.0,Stable,36,2,0.0555555555555555,54,50,0.925925925925926,1.78,12.0,0.0,0.0,1.75,0.0,0.0
SITE0159,7,1.0,1.0,0.0,0.0,Stable,35,2,0.0571428571428571,58,55,0.9482758620689656,2.163636363636364,11.0,0.0,0.0,2.1818181818181817,0.0,0.0
SITE0159,8,0.0,0.0,3.5,0.0,Stable,39,3,0.0769230769230769,59,54,0.9152542372881356,2.2777777777777777,11.0,0.0,0.0,1.4545454545454546,0.0,0.0
SITE0159,9,0.0,0.0,2.0,12.0,Stable,44,5,0.1136363636363636,67,66,0.9850746268656716,2.0454545454545454,14.0,0.0,0.0,1.0,0.0,0.0
SITE0159,10,2.0,0.0,0.0,0.0,Stable,44,5,0.1136363636363636,72,71,0.9861111111111112,1.971830985915493,14.0,0.0,0.0,1.6428571428571428,0.0,0.0
SITE0159,11,2.0,1.0,0.0,0.0,Stable,44,6,0.1363636363636363,74,69,0.9324324324324323,1.579710144927536,13.0,0.0,0.0,1.7692307692307692,0.0,0.0
SITE0159,12,0.0,0.0,7.5,11.0,Stable,34,9,0.2647058823529412,90,74,0.8222222222222222,2.554054054054054,57.0,4.0,4.0,1.6842105263157894,0.0701754385964912,0.0701754385964912
SITE0160,1,4.0,2.0,0.0,12.0,Stable,10,0,0.0,16,15,0.9375,2.466666666666667,1.0,0.0,0.0,1.0,0.0,0.0
SITE0160,2,1.0,1.0,6.0,7.0,Stable,28,1,0.0357142857142857,45,43,0.9555555555555556,2.5348837209302326,1.0,1.0,1.0,0.0,1.0,1.0
SITE0160,3,5.0,1.0,7.333333333333333,5.0,Stable,40,2,0.05,68,64,0.9411764705882352,2.09375,9.0,0.0,0.0,2.0,0.0,0.0
SITE0160,4,1.0,0.0,12.5,12.0,Stable,46,2,0.0434782608695652,72,68,0.9444444444444444,2.073529411764706,5.0,0.0,0.0,1.6,0.0,0.0
SITE0160,5,0.0,1.0,14.0,8.0,Stable,49,5,0.1020408163265306,70,64,0.9142857142857144,2.15625,6.0,0.0,0.0,1.3333333333333333,0.0,0.0
SITE0160,6,4.0,0.0,2.5,0.0,Stable,45,5,0.1111111111111111,71,64,0.9014084507042254,2.265625,16.0,1.0,1.0,2.25,0.0625,0.0625
SITE0160,7,3.0,2.0,5.0,11.0,Stable,47,6,0.1276595744680851,74,70,0.945945945945946,1.542857142857143,11.0,0.0,0.0,1.6363636363636365,0.0,0.0
SITE0160,8,0.0,1.0,14.0,6.5,Stable,49,6,0.1224489795918367,76,69,0.9078947368421052,2.347826086956522,18.0,1.0,1.0,1.0555555555555556,0.0555555555555555,0.0555555555555555
SITE0160,9,2.0,1.0,7.0,9.5,Stable,47,10,0.2127659574468085,77,69,0.8961038961038961,2.072463768115942,16.0,0.0,0.0,1.625,0.0,0.0
SITE0160,10,4.0,0.0,4.5,11.5,Stable,47,9,0.1914893617021276,71,65,0.9154929577464788,2.353846153846154,17.0,0.0,0.0,2.411764705882353,0.0,0.0
SITE0160,11,2.0,1.0,13.5,11.0,Stable,40,12,0.3,66,60,0.9090909090909092,2.4166666666666665,13.0,0.0,0.0,1.2307692307692308,0.0,0.0
SITE0160,12,1.0,0.0,9.0,14.0,Stable,27,14,0.5185185185185185,80,73,0.9125,2.068493150684932,53.0,3.0,3.0,2.169811320754717,0.0566037735849056,0.0566037735849056
SITE0161,1,5.0,7.0,5.666666666666667,10.833333333333334,High Risk,14,3,0.2142857142857142,21,18,0.8571428571428571,2.1666666666666665,1.0,0.0,0.0,1.0,0.0,0.0
SITE0161,2,4.0,2.0,8.083333333333334,14.0,High Risk,23,4,0.1739130434782608,42,37,0.8809523809523809,1.0810810810810811,3.0,0.0,0.0,1.6666666666666667,0.0,0.0
SITE0161,3,9.0,4.0,8.5,10.833333333333334,High Risk,28,2,0.0714285714285714,43,40,0.9302325581395348,1.7,6.0,0.0,0.0,2.0,0.0,0.0
SITE0161,4,5.0,4.0,8.6,0.0,High Risk,40,8,0.2,66,58,0.8787878787878788,2.413793103448276,3.0,0.0,0.0,2.0,0.0,0.0
SITE0161,5,5.0,5.0,9.916666666666666,11.166666666666666,High Risk,31,7,0.2258064516129032,47,42,0.8936170212765957,2.619047619047619,8.0,1.0,1.0,1.75,0.125,0.125
SITE0161,6,9.0,4.0,6.5,9.5,High Risk,29,7,0.2413793103448276,49,45,0.9183673469387756,1.9777777777777776,11.0,0.0,0.0,1.6363636363636365,0.0,0.0
SITE0161,7,12.0,9.0,10.0,11.714285714285714,High Risk,28,6,0.2142857142857142,46,42,0.9130434782608696,1.9285714285714288,11.0,0.0,0.0,2.090909090909091,0.0,0.0
SITE0161,8,10.0,4.0,9.0,13.5,High Risk,27,2,0.074074074074074,40,37,0.925,2.5405405405405403,7.0,0.0,0.0,2.0,0.0,0.0
SITE0161,9,4.0,6.0,9.11111111111111,15.5,High Risk,29,3,0.1034482758620689,42,40,0.9523809523809524,2.2,11.0,1.0,1.0,2.363636363636364,0.0909090909090909,0.0909090909090909
SITE0161,10,8.0,5.0,9.1,9.0,High Risk,34,4,0.1176470588235294,51,47,0.9215686274509804,1.9361702127659572,12.0,1.0,1.0,1.6666666666666667,0.0833333333333333,0.0833333333333333
SITE0161,11,3.0,4.0,7.875,12.25,High Risk,42,6,0.1428571428571428,67,61,0.9104477611940298,2.098360655737705,13.0,0.0,0.0,1.1538461538461535,0.0,0.0
SITE0161,12,3.0,9.0,8.714285714285714,10.0,High Risk,34,14,0.4117647058823529,104,101,0.971153846153846,1.851485148514852,39.0,2.0,2.0,1.7692307692307692,0.0512820512820512,0.0512820512820512
SITE0162,1,1.0,0.0,2.0,0.0,Deteriorating,10,2,0.2,15,14,0.9333333333333332,1.1428571428571428,0.0,0.0,0.0,0.0,0.0,0.0
SITE0162,2,1.0,1.0,8.5,0.0,Deteriorating,27,4,0.1481481481481481,44,41,0.9318181818181818,1.902439024390244,4.0,1.0,1.0,2.25,0.25,0.25
SITE0162,3,4.0,1.0,7.4,0.0,Deteriorating,39,11,0.282051282051282,68,63,0.9264705882352942,1.6349206349206349,6.0,0.0,0.0,1.6666666666666667,0.0,0.0
SITE0162,4,3.0,3.0,9.0,2.0,Deteriorating,45,8,0.1777777777777777,73,73,1.0,2.164383561643836,8.0,2.0,2.0,2.0,0.25,0.25
SITE0162,5,5.0,2.0,10.0,12.0,Deteriorating,43,8,0.1860465116279069,67,62,0.9253731343283582,2.4838709677419355,9.0,0.0,0.0,1.7777777777777777,0.0,0.0
SITE0162,6,3.0,0.0,9.0,0.0,Deteriorating,35,4,0.1142857142857142,55,52,0.9454545454545454,1.9615384615384612,10.0,1.0,1.0,1.9,0.1,0.1
SITE0162,7,5.0,4.0,7.0,8.0,Deteriorating,37,2,0.054054054054054,57,52,0.912280701754386,1.9807692307692308,12.0,0.0,0.0,1.75,0.0,0.0
SITE0162,8,7.0,2.0,5.5,9.5,Deteriorating,43,5,0.1162790697674418,66,64,0.9696969696969696,1.953125,12.0,0.0,0.0,1.0,0.0,0.0
SITE0162,9,5.0,2.0,9.666666666666666,4.0,Deteriorating,45,3,0.0666666666666666,68,64,0.9411764705882352,1.625,12.0,1.0,1.0,2.6666666666666665,0.0833333333333333,0.0833333333333333
SITE0162,10,6.0,3.0,9.0,10.166666666666666,Deteriorating,46,6,0.1304347826086956,75,68,0.9066666666666666,2.25,12.0,0.0,0.0,1.4166666666666667,0.0,0.0
SITE0162,11,1.0,0.0,7.666666666666667,9.2,Deteriorating,55,7,0.1272727272727272,91,84,0.9230769230769232,2.369047619047619,15.0,1.0,1.0,2.0,0.0666666666666666,0.0666666666666666
SITE0162,12,5.0,4.0,7.833333333333333,13.0,Deteriorating,39,6,0.1538461538461538,119,108,0.907563025210084,2.342592592592593,54.0,2.0,2.0,1.5,0.037037037037037,0.037037037037037
SITE0163,1,0.0,1.0,0.0,0.0,Stable,11,1,0.0909090909090909,18,16,0.8888888888888888,2.3125,2.0,0.0,0.0,2.5,0.0,0.0
SITE0163,2,3.0,2.0,11.0,0.0,Stable,21,1,0.0476190476190476,35,33,0.9428571428571428,1.7272727272727273,2.0,1.0,1.0,3.0,0.5,0.5
SITE0163,3,1.0,1.0,0.0,11.0,Stable,39,4,0.1025641025641025,64,58,0.90625,2.1379310344827585,3.0,0.0,0.0,0.0,0.0,0.0
SITE0163,4,2.0,1.0,7.0,0.0,Stable,46,4,0.0869565217391304,75,68,0.9066666666666666,1.8676470588235292,7.0,1.0,1.0,1.4285714285714286,0.1428571428571428,0.1428571428571428
SITE0163,5,2.0,0.0,9.0,4.0,Stable,45,2,0.0444444444444444,76,72,0.9473684210526316,2.138888888888889,12.0,1.0,1.0,1.75,0.0833333333333333,0.0833333333333333
SITE0163,6,3.0,2.0,1.0,0.0,Stable,47,0,0.0,69,66,0.9565217391304348,2.227272727272727,10.0,0.0,0.0,1.2,0.0,0.0
SITE0163,7,0.0,4.0,11.0,4.0,Stable,47,2,0.0425531914893617,73,66,0.9041095890410958,2.075757575757576,10.0,1.0,1.0,1.3,0.1,0.1
SITE0163,8,2.0,2.0,3.0,2.0,Stable,43,5,0.1162790697674418,70,62,0.8857142857142857,2.0,15.0,0.0,0.0,2.2,0.0,0.0
SITE0163,9,0.0,1.0,4.0,4.0,Stable,51,5,0.0980392156862745,78,68,0.8717948717948718,1.8235294117647056,18.0,0.0,0.0,1.5555555555555556,0.0,0.0
SITE0163,10,2.0,0.0,4.0,0.0,Stable,54,4,0.074074074074074,84,77,0.9166666666666666,1.7662337662337662,22.0,0.0,0.0,1.9545454545454544,0.0,0.0
SITE0163,11,1.0,2.0,0.0,2.0,Stable,55,2,0.0363636363636363,96,90,0.9375,1.6666666666666667,22.0,0.0,0.0,1.1363636363636365,0.0,0.0
SITE0163,12,1.0,1.0,2.0,0.0,Stable,44,0,0.0,120,111,0.925,2.3783783783783785,56.0,4.0,4.0,2.2142857142857144,0.0714285714285714,0.0714285714285714
SITE0164,1,3.0,2.0,9.0,0.0,Stable,5,1,0.2,6,4,0.6666666666666666,2.0,0.0,0.0,0.0,0.0,0.0,0.0
SITE0164,2,3.0,0.0,4.0,0.0,Stable,12,2,0.1666666666666666,17,17,1.0,3.117647058823529,1.0,0.0,0.0,0.0,0.0,0.0
SITE0164,3,2.0,0.0,10.0,0.0,Stable,19,2,0.1052631578947368,32,31,0.96875,1.5161290322580645,1.0,0.0,0.0,0.0,0.0,0.0
SITE0164,4,0.0,1.0,13.0,0.0,Stable,31,1,0.032258064516129,52,48,0.9230769230769232,2.083333333333333,1.0,0.0,0.0,4.0,0.0,0.0
SITE0164,5,1.0,0.0,0.0,13.0,Stable,34,1,0.0294117647058823,50,47,0.94,2.0,5.0,1.0,1.0,1.8,0.2,0.2
SITE0164,6,3.0,2.0,9.0,16.0,Stable,36,2,0.0555555555555555,59,54,0.9152542372881356,2.185185185185185,4.0,0.0,0.0,2.5,0.0,0.0
SITE0164,7,3.0,0.0,0.0,7.5,Stable,36,5,0.1388888888888889,61,58,0.9508196721311476,2.7413793103448274,14.0,1.0,1.0,1.6428571428571428,0.0714285714285714,0.0714285714285714
SITE0164,8,2.0,1.0,8.0,18.0,Stable,38,5,0.131578947368421,65,64,0.9846153846153848,1.46875,11.0,0.0,0.0,1.0909090909090908,0.0,0.0
SITE0164,9,1.0,2.0,2.0,12.0,Stable,39,3,0.0769230769230769,65,57,0.8769230769230769,1.824561403508772,17.0,0.0,0.0,1.411764705882353,0.0,0.0
SITE0164,10,0.0,1.0,8.0,0.0,Stable,46,2,0.0434782608695652,71,64,0.9014084507042254,2.03125,12.0,1.0,1.0,2.0,0.0833333333333333,0.0833333333333333
SITE0164,11,1.0,1.0,8.0,0.0,Stable,40,2,0.05,68,66,0.9705882352941176,2.015151515151515,17.0,1.0,1.0,1.2941176470588236,0.0588235294117647,0.0588235294117647
SITE0164,12,1.0,1.0,5.0,9.0,Stable,29,4,0.1379310344827586,78,70,0.8974358974358975,2.357142857142857,45.0,2.0,2.0,1.711111111111111,0.0444444444444444,0.0444444444444444
SITE0165,1,8.0,6.0,8.0,13.0,High Risk,7,0,0.0,8,6,0.75,2.1666666666666665,0.0,0.0,0.0,0.0,0.0,0.0
SITE0165,2,6.0,5.0,6.5,13.3,High Risk,12,1,0.0833333333333333,18,16,0.8888888888888888,2.3125,2.0,0.0,0.0,3.0,0.0,0.0
SITE0165,3,10.0,5.0,5.25,13.5,High Risk,28,3,0.1071428571428571,48,47,0.9791666666666666,1.8297872340425527,6.0,1.0,1.0,1.1666666666666667,0.1666666666666666,0.1666666666666666
SITE0165,4,8.0,13.0,10.75,11.142857142857142,High Risk,37,8,0.2162162162162162,59,50,0.847457627118644,1.82,6.0,1.0,1.0,3.1666666666666665,0.1666666666666666,0.1666666666666666
SITE0165,5,9.0,3.0,4.6,9.714285714285714,High Risk,34,8,0.2352941176470588,61,56,0.918032786885246,2.125,2.0,0.0,0.0,0.5,0.0,0.0
SITE0165,6,7.0,7.0,7.25,9.666666666666666,High Risk,35,7,0.2,50,46,0.92,2.6956521739130435,6.0,0.0,0.0,2.333333333333333,0.0,0.0
SITE0165,7,8.0,5.0,7.875,9.2,High Risk,35,10,0.2857142857142857,56,52,0.9285714285714286,2.3461538461538463,14.0,1.0,1.0,2.142857142857143,0.0714285714285714,0.0714285714285714
SITE0165,8,7.0,3.0,7.875,5.5,High Risk,34,6,0.1764705882352941,52,47,0.903846153846154,1.6170212765957446,12.0,0.0,0.0,1.9166666666666667,0.0,0.0
SITE0165,9,6.0,2.0,7.166666666666667,11.181818181818182,High Risk,37,6,0.1621621621621621,65,58,0.8923076923076924,2.4482758620689653,7.0,0.0,0.0,0.8571428571428571,0.0,0.0
SITE0165,10,7.0,1.0,6.888888888888889,4.333333333333333,High Risk,34,4,0.1176470588235294,58,53,0.913793103448276,2.150943396226415,13.0,0.0,0.0,2.0,0.0,0.0
SITE0165,11,13.0,8.0,7.727272727272727,7.142857142857143,High Risk,33,8,0.2424242424242424,55,52,0.9454545454545454,2.5,7.0,0.0,0.0,1.4285714285714286,0.0,0.0
SITE0165,12,6.0,0.0,7.666666666666667,12.25,High Risk,21,17,0.8095238095238095,64,59,0.921875,1.88135593220339,39.0,1.0,1.0,1.948717948717949,0.0256410256410256,0.0256410256410256
SITE0166,1,0.0,3.0,3.0,12.0,Stable,10,3,0.3,15,12,0.8,1.3333333333333333,1.0,0.0,0.0,1.0,0.0,0.0
SITE0166,2,1.0,0.0,7.5,3.0,Stable,16,4,0.25,28,26,0.9285714285714286,3.0384615384615383,6.0,1.0,1.0,1.6666666666666667,0.1666666666666666,0.1666666666666666
SITE0166,3,3.0,0.0,1.0,0.0,Stable,31,5,0.1612903225806451,48,41,0.8541666666666666,1.7073170731707317,2.0,0.0,0.0,2.5,0.0,0.0
SITE0166,4,3.0,3.0,5.5,7.0,Stable,33,4,0.1212121212121212,55,52,0.9454545454545454,2.1153846153846154,3.0,0.0,0.0,0.6666666666666666,0.0,0.0
SITE0166,5,3.0,1.0,13.0,3.0,Stable,30,2,0.0666666666666666,54,49,0.9074074074074074,2.36734693877551,7.0,1.0,1.0,0.8571428571428571,0.1428571428571428,0.1428571428571428
SITE0166,6,2.0,0.0,6.0,0.0,Stable,29,7,0.2413793103448276,49,45,0.9183673469387756,2.088888888888889,6.0,0.0,0.0,2.333333333333333,0.0,0.0
SITE0166,7,3.0,1.0,8.0,0.0,Stable,27,6,0.2222222222222222,43,35,0.813953488372093,2.2,8.0,0.0,0.0,3.125,0.0,0.0
SITE0166,8,0.0,1.0,6.0,9.666666666666666,Stable,31,4,0.1290322580645161,52,47,0.903846153846154,1.702127659574468,14.0,1.0,1.0,1.5,0.0714285714285714,0.0714285714285714
SITE0166,9,2.0,2.0,0.0,1.0,Stable,38,6,0.1578947368421052,64,57,0.890625,2.43859649122807,17.0,0.0,0.0,1.1764705882352942,0.0,0.0
SITE0166,10,0.0,2.0,13.0,11.333333333333334,Stable,41,4,0.0975609756097561,63,60,0.9523809523809524,2.1666666666666665,14.0,1.0,1.0,1.0714285714285714,0.0714285714285714,0.0714285714285714
SITE0166,11,3.0,0.0,4.5,10.0,Stable,37,6,0.1621621621621621,59,56,0.9491525423728814,2.1607142857142856,11.0,0.0,0.0,1.4545454545454546,0.0,0.0
SITE0166,12,5.0,1.0,8.0,0.0,Stable,27,9,0.3333333333333333,70,62,0.8857142857142857,2.0161290322580645,42.0,0.0,0.0,2.0,0.0,0.0
SITE0167,1,3.0,2.0,4.0,16.0,Stable,9,0,0.0,13,13,1.0,1.9230769230769231,0.0,0.0,0.0,0.0,0.0,0.0
SITE0167,2,3.0,2.0,5.0,10.0,Stable,18,0,0.0,28,28,1.0,1.5357142857142858,3.0,0.0,0.0,1.0,0.0,0.0
SITE0167,3,2.0,0.0,12.0,11.0,Stable,27,2,0.074074074074074,47,45,0.9574468085106383,2.022222222222222,3.0,0.0,0.0,1.6666666666666667,0.0,0.0
SITE0167,4,2.0,0.0,6.0,15.0,Stable,31,2,0.064516129032258,50,47,0.94,2.425531914893617,4.0,0.0,0.0,0.75,0.0,0.0
SITE0167,5,5.0,2.0,8.0,0.0,Stable,34,1,0.0294117647058823,54,51,0.9444444444444444,2.9411764705882355,7.0,0.0,0.0,2.142857142857143,0.0,0.0
SITE0167,6,1.0,0.0,0.0,14.0,Stable,31,3,0.0967741935483871,49,47,0.9591836734693876,2.021276595744681,7.0,0.0,0.0,1.7142857142857142,0.0,0.0
SITE0167,7,2.0,0.0,0.0,0.0,Stable,29,1,0.0344827586206896,46,41,0.8913043478260869,2.682926829268293,13.0,0.0,0.0,2.1538461538461537,0.0,0.0
SITE0167,8,2.0,3.0,0.0,2.0,Stable,34,4,0.1176470588235294,53,48,0.9056603773584906,2.1666666666666665,7.0,0.0,0.0,3.142857142857143,0.0,0.0
SITE0167,9,3.0,2.0,7.666666666666667,11.5,Stable,30,2,0.0666666666666666,45,44,0.9777777777777776,2.0681818181818183,11.0,0.0,0.0,1.181818181818182,0.0,0.0
SITE0167,10,2.0,2.0,6.0,8.0,Stable,28,6,0.2142857142857142,46,44,0.9565217391304348,2.090909090909091,2.0,0.0,0.0,1.0,0.0,0.0
SITE0167,11,4.0,2.0,1.0,0.0,Stable,25,6,0.24,39,37,0.9487179487179488,2.0,11.0,4.0,4.0,2.272727272727273,0.3636363636363636,0.3636363636363636
SITE0167,12,2.0,0.0,6.5,0.0,Stable,17,9,0.5294117647058824,46,40,0.8695652173913043,2.125,32.0,0.0,0.0,1.21875,0.0,0.0
SITE0168,1,0.0,1.0,3.0,13.0,Stable,7,0,0.0,11,10,0.9090909090909092,1.4,2.0,0.0,0.0,2.5,0.0,0.0
SITE0168,2,2.0,0.0,3.0,14.0,Stable,13,2,0.1538461538461538,24,22,0.9166666666666666,2.090909090909091,2.0,0.0,0.0,0.0,0.0,0.0
SITE0168,3,2.0,1.0,0.0,0.0,Stable,20,2,0.1,36,34,0.9444444444444444,1.7941176470588236,2.0,0.0,0.0,1.0,0.0,0.0
SITE0168,4,1.0,1.0,9.333333333333334,4.0,Stable,32,4,0.125,51,46,0.9019607843137256,2.4347826086956523,2.0,0.0,0.0,2.5,0.0,0.0
SITE0168,5,2.0,2.0,13.0,0.0,Stable,28,5,0.1785714285714285,49,45,0.9183673469387756,1.9111111111111112,10.0,0.0,0.0,1.6,0.0,0.0
SITE0168,6,2.0,2.0,2.0,0.0,Stable,33,6,0.1818181818181818,52,51,0.9807692307692308,2.0,8.0,1.0,1.0,0.75,0.125,0.125
SITE0168,7,2.0,2.0,5.0,0.0,Stable,30,9,0.3,46,43,0.9347826086956522,2.069767441860465,11.0,2.0,2.0,1.818181818181818,0.1818181818181818,0.1818181818181818
SITE0168,8,2.0,1.0,0.0,19.0,Stable,27,5,0.1851851851851851,44,41,0.9318181818181818,1.975609756097561,8.0,0.0,0.0,2.0,0.0,0.0
SITE0168,9,2.0,0.0,6.0,0.0,Stable,25,5,0.2,36,28,0.7777777777777778,1.3571428571428572,11.0,1.0,1.0,1.6363636363636365,0.0909090909090909,0.0909090909090909
SITE0168,10,2.0,1.0,1.0,0.0,Stable,23,4,0.1739130434782608,38,33,0.868421052631579,1.818181818181818,6.0,1.0,1.0,1.3333333333333333,0.1666666666666666,0.1666666666666666
SITE0168,11,2.0,2.0,8.0,12.0,Stable,25,4,0.16,38,35,0.9210526315789472,2.3714285714285714,12.0,0.0,0.0,1.4166666666666667,0.0,0.0
SITE0168,12,1.0,0.0,7.5,10.0,Stable,18,8,0.4444444444444444,55,49,0.8909090909090909,1.8775510204081636,27.0,1.0,1.0,1.8888888888888888,0.037037037037037,0.037037037037037
SITE0169,1,1.0,0.0,12.0,10.0,Stable,7,3,0.4285714285714285,9,9,1.0,2.6666666666666665,0.0,0.0,0.0,0.0,0.0,0.0
SITE0169,2,3.0,3.0,0.0,0.0,Stable,13,5,0.3846153846153846,22,20,0.9090909090909092,2.05,2.0,0.0,0.0,1.5,0.0,0.0
SITE0169,3,2.0,1.0,6.0,6.0,Stable,18,6,0.3333333333333333,35,34,0.9714285714285714,1.9411764705882355,2.0,1.0,1.0,1.5,0.5,0.5
SITE0169,4,0.0,2.0,1.0,3.5,Stable,25,5,0.2,35,31,0.8857142857142857,1.903225806451613,6.0,0.0,0.0,0.5,0.0,0.0
SITE0169,5,2.0,0.0,10.5,11.666666666666666,Stable,29,3,0.1034482758620689,41,39,0.951219512195122,1.641025641025641,1.0,0.0,0.0,0.0,0.0,0.0
SITE0169,6,2.0,1.0,8.5,15.0,Stable,30,4,0.1333333333333333,49,48,0.979591836734694,2.458333333333333,6.0,0.0,0.0,1.0,0.0,0.0
SITE0169,7,1.0,1.0,0.0,16.0,Stable,29,2,0.0689655172413793,50,45,0.9,2.4,9.0,0.0,0.0,1.8888888888888888,0.0,0.0
SITE0169,8,4.0,1.0,6.5,18.0,Stable,29,4,0.1379310344827586,44,41,0.9318181818181818,1.5121951219512195,6.0,0.0,0.0,2.1666666666666665,0.0,0.0
SITE0169,9,1.0,1.0,11.5,4.0,Stable,29,3,0.1034482758620689,43,41,0.9534883720930232,2.3902439024390243,5.0,1.0,1.0,0.4,0.2,0.2
SITE0169,10,2.0,1.0,0.0,8.0,Stable,30,5,0.1666666666666666,52,48,0.9230769230769232,1.7916666666666667,3.0,0.0,0.0,4.0,0.0,0.0
SITE0169,11,4.0,1.0,11.0,0.0,Stable,32,4,0.125,51,47,0.9215686274509804,2.234042553191489,11.0,0.0,0.0,1.5454545454545454,0.0,0.0
SITE0169,12,3.0,1.0,4.5,6.0,Stable,23,4,0.1739130434782608,67,62,0.9253731343283582,1.8225806451612905,24.0,1.0,1.0,1.8333333333333333,0.0416666666666666,0.0416666666666666
SITE0170,1,4.0,2.0,2.0,11.0,Anomalous,23,3,0.1304347826086956,31,28,0.9032258064516128,2.0357142857142856,2.0,0.0,0.0,3.0,0.0,0.0
SITE0170,2,1.0,4.0,10.0,13.5,Anomalous,33,6,0.1818181818181818,54,51,0.9444444444444444,2.0588235294117645,7.0,0.0,0.0,1.2857142857142858,0.0,0.0
SITE0170,3,1.0,1.0,3.333333333333333,14.4,Anomalous,40,6,0.15,66,59,0.8939393939393939,1.9322033898305084,5.0,0.0,0.0,1.4,0.0,0.0
SITE0170,4,4.0,2.0,13.0,0.0,Anomalous,45,6,0.1333333333333333,66,61,0.9242424242424242,2.278688524590164,6.0,1.0,1.0,0.8333333333333334,0.1666666666666666,0.1666666666666666
SITE0170,5,18.0,5.0,7.7,10.909090909090908,Anomalous,40,9,0.225,67,64,0.9552238805970148,2.0,11.0,0.0,0.0,1.9090909090909087,0.0,0.0
SITE0170,6,1.0,0.0,0.0,5.0,Anomalous,41,9,0.2195121951219512,64,60,0.9375,2.2333333333333334,11.0,0.0,0.0,2.1818181818181817,0.0,0.0
SITE0170,7,2.0,0.0,8.5,10.0,Anomalous,41,12,0.2926829268292683,69,66,0.9565217391304348,2.257575757575758,19.0,0.0,0.0,1.8421052631578947,0.0,0.0
SITE0170,8,5.0,1.0,10.666666666666666,12.0,Anomalous,38,6,0.1578947368421052,60,54,0.9,2.1481481481481484,11.0,1.0,1.0,0.7272727272727273,0.0909090909090909,0.0909090909090909
SITE0170,9,4.0,3.0,6.0,10.333333333333334,Anomalous,38,4,0.1052631578947368,57,55,0.9649122807017544,2.290909090909091,16.0,1.0,1.0,1.3125,0.0625,0.0625
SITE0170,10,3.0,1.0,6.0,17.0,Anomalous,33,3,0.0909090909090909,57,54,0.9473684210526316,2.037037037037037,9.0,0.0,0.0,1.0,0.0,0.0
SITE0170,11,3.0,1.0,5.2,11.0,Anomalous,36,6,0.1666666666666666,58,57,0.9827586206896552,2.5789473684210527,12.0,0.0,0.0,1.5,0.0,0.0
SITE0170,12,4.0,3.0,1.0,16.5,Anomalous,26,14,0.5384615384615384,77,71,0.922077922077922,1.9859154929577465,37.0,1.0,1.0,1.945945945945946,0.027027027027027,0.027027027027027
SITE0171,1,0.0,0.0,5.0,0.0,Deteriorating,15,6,0.4,20,16,0.8,1.4375,1.0,0.0,0.0,2.0,0.0,0.0
SITE0171,2,0.0,0.0,0.0,20.0,Deteriorating,27,9,0.3333333333333333,43,41,0.9534883720930232,2.073170731707317,2.0,0.0,0.0,0.0,0.0,0.0
SITE0171,3,3.0,0.0,1.0,8.0,Deteriorating,33,12,0.3636363636363636,58,52,0.896551724137931,1.75,8.0,0.0,0.0,1.0,0.0,0.0
SITE0171,4,2.0,1.0,12.0,5.0,Deteriorating,51,12,0.2352941176470588,72,66,0.9166666666666666,2.0303030303030303,8.0,0.0,0.0,0.5,0.0,0.0
SITE0171,5,1.0,0.0,6.0,12.0,Deteriorating,47,10,0.2127659574468085,68,64,0.9411764705882352,2.453125,11.0,1.0,1.0,2.8181818181818183,0.0909090909090909,0.0909090909090909
SITE0171,6,1.0,4.0,8.333333333333334,13.5,Deteriorating,43,7,0.1627906976744186,70,64,0.9142857142857144,2.0,7.0,1.0,1.0,1.8571428571428568,0.1428571428571428,0.1428571428571428
SITE0171,7,4.0,1.0,7.0,19.0,Deteriorating,48,11,0.2291666666666666,74,69,0.9324324324324323,1.8405797101449275,15.0,1.0,1.0,2.066666666666667,0.0666666666666666,0.0666666666666666
SITE0171,8,7.0,5.0,4.8,5.0,Deteriorating,37,10,0.2702702702702703,60,52,0.8666666666666667,2.019230769230769,11.0,1.0,1.0,1.0909090909090908,0.0909090909090909,0.0909090909090909
SITE0171,9,4.0,4.0,7.9,8.25,Deteriorating,37,8,0.2162162162162162,52,46,0.8846153846153846,2.282608695652174,11.0,0.0,0.0,1.7272727272727273,0.0,0.0
SITE0171,10,3.0,1.0,4.25,7.0,Deteriorating,37,9,0.2432432432432432,59,55,0.9322033898305084,2.1818181818181817,15.0,0.0,0.0,1.1333333333333333,0.0,0.0
SITE0171,11,7.0,4.0,9.0,4.0,Deteriorating,38,8,0.2105263157894736,62,58,0.935483870967742,2.5172413793103448,9.0,1.0,1.0,1.3333333333333333,0.1111111111111111,0.1111111111111111
SITE0171,12,0.0,1.0,6.0,7.5,Deteriorating,28,12,0.4285714285714285,76,70,0.9210526315789472,2.5,39.0,4.0,4.0,1.6153846153846154,0.1025641025641025,0.1025641025641025
SITE0172,1,2.0,1.0,4.0,0.0,Stable,8,1,0.125,11,11,1.0,1.9090909090909087,0.0,0.0,0.0,0.0,0.0,0.0
SITE0172,2,2.0,1.0,1.5,10.0,Stable,15,3,0.2,25,22,0.88,2.0454545454545454,0.0,0.0,0.0,0.0,0.0,0.0
SITE0172,3,2.0,1.0,5.666666666666667,6.0,Stable,21,6,0.2857142857142857,33,30,0.9090909090909092,2.6333333333333333,5.0,1.0,1.0,1.6,0.2,0.2
SITE0172,4,2.0,1.0,6.0,0.0,Stable,41,12,0.2926829268292683,64,57,0.890625,1.631578947368421,6.0,1.0,1.0,1.8333333333333333,0.1666666666666666,0.1666666666666666
SITE0172,5,2.0,1.0,0.0,8.0,Stable,42,10,0.238095238095238,72,69,0.9583333333333334,1.9710144927536235,7.0,0.0,0.0,1.4285714285714286,0.0,0.0
SITE0172,6,0.0,1.0,11.0,0.0,Stable,56,10,0.1785714285714285,93,85,0.913978494623656,2.023529411764706,10.0,2.0,2.0,1.8,0.2,0.2
SITE0172,7,2.0,0.0,0.0,5.0,Stable,53,6,0.1132075471698113,83,67,0.8072289156626506,2.044776119402985,19.0,0.0,0.0,1.7894736842105263,0.0,0.0
SITE0172,8,0.0,2.0,14.0,9.5,Stable,48,5,0.1041666666666666,76,66,0.868421052631579,2.242424242424242,10.0,1.0,1.0,1.0,0.1,0.1
SITE0172,9,0.0,2.0,11.0,0.0,Stable,39,5,0.1282051282051282,61,57,0.9344262295081968,2.491228070175439,10.0,0.0,0.0,2.2,0.0,0.0
SITE0172,10,1.0,1.0,5.5,8.333333333333334,Stable,40,9,0.225,67,63,0.9402985074626866,2.2222222222222223,18.0,2.0,2.0,1.6111111111111112,0.1111111111111111,0.1111111111111111
SITE0172,11,0.0,0.0,5.0,0.0,Stable,39,7,0.1794871794871795,61,57,0.9344262295081968,1.7719298245614037,11.0,2.0,2.0,2.727272727272727,0.1818181818181818,0.1818181818181818
SITE0172,12,0.0,1.0,7.0,0.0,Stable,30,10,0.3333333333333333,86,80,0.9302325581395348,1.85,34.0,2.0,2.0,1.3823529411764706,0.0588235294117647,0.0588235294117647
SITE0173,1,2.0,0.0,4.0,0.0,Stable,13,1,0.0769230769230769,19,19,1.0,1.947368421052632,3.0,0.0,0.0,1.0,0.0,0.0
SITE0173,2,2.0,2.0,9.5,0.0,Stable,26,3,0.1153846153846153,43,42,0.9767441860465116,1.5952380952380951,4.0,0.0,0.0,2.75,0.0,0.0
SITE0173,3,3.0,0.0,0.0,10.5,Stable,41,9,0.2195121951219512,68,61,0.8970588235294118,2.360655737704918,7.0,0.0,0.0,2.0,0.0,0.0
SITE0173,4,3.0,0.0,10.0,0.0,Stable,49,12,0.2448979591836734,82,74,0.902439024390244,2.3378378378378377,6.0,1.0,1.0,0.8333333333333334,0.1666666666666666,0.1666666666666666
SITE0173,5,2.0,1.0,3.5,0.0,Stable,49,12,0.2448979591836734,78,73,0.935897435897436,1.8767123287671232,5.0,0.0,0.0,0.8,0.0,0.0
SITE0173,6,1.0,4.0,0.0,0.0,Stable,50,9,0.18,74,66,0.8918918918918919,2.560606060606061,13.0,1.0,1.0,2.1538461538461537,0.0769230769230769,0.0769230769230769
SITE0173,7,2.0,1.0,0.0,12.0,Stable,44,7,0.1590909090909091,66,64,0.9696969696969696,1.78125,12.0,2.0,2.0,2.833333333333333,0.1666666666666666,0.1666666666666666
SITE0173,8,1.0,1.0,0.0,12.0,Stable,39,5,0.1282051282051282,64,57,0.890625,2.1403508771929824,9.0,0.0,0.0,2.2222222222222223,0.0,0.0
SITE0173,9,3.0,1.0,9.0,0.0,Stable,38,7,0.1842105263157894,57,53,0.9298245614035088,2.018867924528302,9.0,0.0,0.0,1.4444444444444444,0.0,0.0
SITE0173,10,1.0,0.0,0.0,8.0,Stable,38,4,0.1052631578947368,58,53,0.913793103448276,2.207547169811321,10.0,1.0,1.0,1.4,0.1,0.1
SITE0173,11,1.0,4.0,13.0,0.0,Stable,39,4,0.1025641025641025,62,60,0.967741935483871,1.9833333333333332,9.0,0.0,0.0,1.5555555555555556,0.0,0.0
SITE0173,12,2.0,1.0,3.0,18.0,Stable,32,5,0.15625,91,84,0.9230769230769232,2.023809523809524,61.0,2.0,2.0,1.7049180327868851,0.0327868852459016,0.0327868852459016
SITE0174,1,4.0,4.0,7.0,12.5,Anomalous,12,0,0.0,17,15,0.8823529411764706,2.333333333333333,1.0,0.0,0.0,2.0,0.0,0.0
SITE0174,2,1.0,4.0,7.333333333333333,6.0,Anomalous,23,4,0.1739130434782608,33,30,0.9090909090909092,2.466666666666667,2.0,0.0,0.0,2.0,0.0,0.0
SITE0174,3,2.0,3.0,9.0,9.0,Anomalous,27,3,0.1111111111111111,44,39,0.8863636363636364,1.948717948717949,4.0,0.0,0.0,2.25,0.0,0.0
SITE0174,4,5.0,1.0,5.0,6.75,Anomalous,32,6,0.1875,54,50,0.925925925925926,1.88,5.0,1.0,1.0,1.6,0.2,0.2
SITE0174,5,18.0,9.0,9.2,8.5,Anomalous,31,6,0.1935483870967742,50,41,0.82,1.975609756097561,3.0,0.0,0.0,0.0,0.0,0.0
SITE0174,6,4.0,4.0,6.75,1.0,Anomalous,31,7,0.2258064516129032,49,42,0.8571428571428571,2.1904761904761907,10.0,2.0,2.0,1.1,0.2,0.2
SITE0174,7,3.0,2.0,8.75,12.5,Anomalous,35,9,0.2571428571428571,53,50,0.9433962264150944,1.82,14.0,1.0,1.0,1.6428571428571428,0.0714285714285714,0.0714285714285714
SITE0174,8,2.0,2.0,6.0,12.5,Anomalous,38,10,0.2631578947368421,61,55,0.9016393442622952,2.0727272727272728,16.0,1.0,1.0,1.4375,0.0625,0.0625
SITE0174,9,6.0,3.0,7.666666666666667,19.0,Anomalous,36,7,0.1944444444444444,61,54,0.8852459016393442,2.037037037037037,13.0,0.0,0.0,2.3846153846153846,0.0,0.0
SITE0174,10,1.0,5.0,6.0,7.0,Anomalous,38,6,0.1578947368421052,60,58,0.9666666666666668,2.206896551724138,10.0,1.0,1.0,2.3,0.1,0.1
SITE0174,11,4.0,1.0,9.0,0.0,Anomalous,41,6,0.1463414634146341,65,62,0.953846153846154,1.9838709677419355,13.0,0.0,0.0,2.8461538461538463,0.0,0.0
SITE0174,12,1.0,3.0,10.5,6.0,Anomalous,29,8,0.2758620689655172,95,90,0.9473684210526316,2.6333333333333333,43.0,3.0,3.0,1.9534883720930232,0.0697674418604651,0.0697674418604651
SITE0175,1,6.0,8.0,10.142857142857142,12.666666666666666,High Risk,11,2,0.1818181818181818,14,11,0.7857142857142857,1.4545454545454546,1.0,0.0,0.0,1.0,0.0,0.0
SITE0175,2,14.0,2.0,8.166666666666666,9.0,High Risk,27,2,0.074074074074074,42,39,0.9285714285714286,2.076923076923077,1.0,0.0,0.0,4.0,0.0,0.0
SITE0175,3,6.0,4.0,7.142857142857143,9.0,High Risk,44,5,0.1136363636363636,75,67,0.8933333333333333,2.164179104477612,5.0,0.0,0.0,2.2,0.0,0.0
SITE0175,4,3.0,6.0,8.833333333333334,11.333333333333334,High Risk,58,4,0.0689655172413793,97,88,0.9072164948453608,1.9204545454545452,5.0,0.0,0.0,1.0,0.0,0.0
SITE0175,5,8.0,3.0,6.4,3.8,High Risk,56,5,0.0892857142857142,89,85,0.9550561797752808,2.0,12.0,2.0,2.0,1.6666666666666667,0.1666666666666666,0.1666666666666666
SITE0175,6,8.0,4.0,8.3,14.5,High Risk,53,4,0.0754716981132075,80,74,0.925,2.081081081081081,14.0,0.0,0.0,1.9285714285714288,0.0,0.0
SITE0175,7,11.0,6.0,10.0,4.8,High Risk,51,7,0.1372549019607843,79,77,0.9746835443037974,2.389610389610389,18.0,1.0,1.0,1.3888888888888888,0.0555555555555555,0.0555555555555555
SITE0175,8,10.0,3.0,5.666666666666667,6.0,High Risk,54,11,0.2037037037037037,92,87,0.9456521739130436,1.9655172413793105,15.0,3.0,3.0,1.8666666666666667,0.2,0.2
SITE0175,9,8.0,4.0,12.0,7.0,High Risk,54,9,0.1666666666666666,84,80,0.9523809523809524,2.5,9.0,1.0,1.0,1.2222222222222223,0.1111111111111111,0.1111111111111111
SITE0175,10,10.0,6.0,10.0,9.75,High Risk,54,6,0.1111111111111111,84,80,0.9523809523809524,2.4125,15.0,1.0,1.0,1.0666666666666669,0.0666666666666666,0.0666666666666666
SITE0175,11,12.0,5.0,11.0,10.0,High Risk,43,3,0.0697674418604651,69,66,0.9565217391304348,2.515151515151515,14.0,0.0,0.0,1.0,0.0,0.0
SITE0175,12,9.0,7.0,6.666666666666667,7.333333333333333,High Risk,32,2,0.0625,77,70,0.9090909090909092,2.057142857142857,59.0,5.0,5.0,1.8135593220338984,0.0847457627118644,0.0847457627118644
SITE0176,1,1.0,0.0,0.0,0.0,Deteriorating,13,3,0.2307692307692307,16,14,0.875,1.3571428571428572,0.0,0.0,0.0,0.0,0.0,0.0
SITE0176,2,1.0,0.0,7.0,0.0,Deteriorating,24,5,0.2083333333333333,38,36,0.9473684210526316,1.6111111111111112,1.0,0.0,0.0,0.0,0.0,0.0
SITE0176,3,5.0,2.0,10.0,19.0,Deteriorating,40,8,0.2,67,61,0.9104477611940298,1.5573770491803278,11.0,0.0,0.0,3.363636363636364,0.0,0.0
SITE0176,4,1.0,3.0,7.5,1.0,Deteriorating,51,8,0.1568627450980392,81,77,0.9506172839506172,1.8051948051948048,9.0,0.0,0.0,1.8888888888888888,0.0,0.0
SITE0176,5,5.0,0.0,6.5,3.0,Deteriorating,45,7,0.1555555555555555,71,64,0.9014084507042254,2.125,9.0,0.0,0.0,1.7777777777777777,0.0,0.0
SITE0176,6,7.0,3.0,7.333333333333333,12.0,Deteriorating,57,7,0.1228070175438596,81,76,0.9382716049382716,2.1842105263157894,13.0,2.0,2.0,1.6153846153846154,0.1538461538461538,0.1538461538461538
SITE0176,7,8.0,1.0,10.333333333333334,11.333333333333334,Deteriorating,56,6,0.1071428571428571,95,89,0.936842105263158,2.213483146067416,6.0,0.0,0.0,1.0,0.0,0.0
SITE0176,8,3.0,2.0,8.0,4.0,Deteriorating,51,5,0.0980392156862745,86,80,0.9302325581395348,2.35,21.0,1.0,1.0,1.809523809523809,0.0476190476190476,0.0476190476190476
SITE0176,9,5.0,5.0,5.8,9.333333333333334,Deteriorating,49,3,0.0612244897959183,76,70,0.9210526315789472,2.2285714285714286,15.0,0.0,0.0,2.466666666666667,0.0,0.0
SITE0176,10,4.0,3.0,8.5,11.0,Deteriorating,42,7,0.1666666666666666,65,61,0.9384615384615383,1.7704918032786885,16.0,1.0,1.0,2.25,0.0625,0.0625
SITE0176,11,7.0,2.0,7.666666666666667,2.333333333333333,Deteriorating,41,7,0.1707317073170731,69,64,0.927536231884058,2.015625,14.0,2.0,2.0,1.8571428571428568,0.1428571428571428,0.1428571428571428
SITE0176,12,7.0,3.0,10.75,10.0,Deteriorating,31,12,0.3870967741935484,95,88,0.9263157894736842,1.8636363636363635,50.0,1.0,1.0,2.0,0.02,0.02
SITE0177,1,3.0,3.0,10.0,12.0,High Risk,7,0,0.0,10,10,1.0,2.7,1.0,0.0,0.0,3.0,0.0,0.0
SITE0177,2,7.0,2.0,8.0,10.75,High Risk,22,2,0.0909090909090909,32,31,0.96875,1.4193548387096775,2.0,0.0,0.0,2.5,0.0,0.0
SITE0177,3,4.0,5.0,8.857142857142858,11.0,High Risk,29,6,0.2068965517241379,44,43,0.9772727272727272,2.13953488372093,3.0,0.0,0.0,1.3333333333333333,0.0,0.0
SITE0177,4,11.0,2.0,5.857142857142857,4.75,High Risk,39,9,0.2307692307692307,62,60,0.967741935483871,2.0166666666666666,4.0,0.0,0.0,2.0,0.0,0.0
SITE0177,5,10.0,2.0,7.333333333333333,10.0,High Risk,42,14,0.3333333333333333,66,64,0.9696969696969696,2.03125,6.0,1.0,1.0,1.0,0.1666666666666666,0.1666666666666666
SITE0177,6,12.0,7.0,5.5,7.5,High Risk,35,10,0.2857142857142857,57,52,0.912280701754386,2.269230769230769,7.0,0.0,0.0,1.0,0.0,0.0
SITE0177,7,8.0,3.0,6.8,11.272727272727272,High Risk,38,7,0.1842105263157894,59,57,0.9661016949152542,1.6140350877192982,14.0,2.0,2.0,1.6428571428571428,0.1428571428571428,0.1428571428571428
SITE0177,8,14.0,8.0,7.142857142857143,13.25,High Risk,37,2,0.054054054054054,58,50,0.8620689655172413,1.72,9.0,0.0,0.0,1.8888888888888888,0.0,0.0
SITE0177,9,8.0,7.0,8.0,17.0,High Risk,40,6,0.15,62,60,0.967741935483871,2.316666666666667,21.0,1.0,1.0,1.4285714285714286,0.0476190476190476,0.0476190476190476
SITE0177,10,7.0,2.0,6.4,12.6,High Risk,38,8,0.2105263157894736,64,58,0.90625,1.5689655172413792,15.0,0.0,0.0,1.9333333333333331,0.0,0.0
SITE0177,11,10.0,4.0,8.0,10.666666666666666,High Risk,33,6,0.1818181818181818,53,46,0.8679245283018868,1.4782608695652173,10.0,0.0,0.0,1.9,0.0,0.0
SITE0177,12,12.0,2.0,9.625,7.8,High Risk,24,2,0.0833333333333333,69,66,0.9565217391304348,1.7878787878787878,39.0,0.0,0.0,1.8974358974358971,0.0,0.0
SITE0178,1,10.0,2.0,0.0,14.25,Anomalous,10,1,0.1,13,11,0.8461538461538461,2.0,2.0,0.0,0.0,1.0,0.0,0.0
SITE0178,2,4.0,2.0,6.0,0.0,Anomalous,26,2,0.0769230769230769,46,44,0.9565217391304348,2.477272727272727,4.0,1.0,1.0,1.25,0.25,0.25
SITE0178,3,4.0,8.0,11.5,13.0,Anomalous,38,3,0.0789473684210526,63,61,0.9682539682539684,2.081967213114754,6.0,1.0,1.0,1.5,0.1666666666666666,0.1666666666666666
SITE0178,4,17.0,8.0,6.125,10.666666666666666,Anomalous,44,5,0.1136363636363636,73,63,0.863013698630137,1.7777777777777777,8.0,0.0,0.0,1.5,0.0,0.0
SITE0178,5,2.0,1.0,8.0,14.0,Anomalous,39,4,0.1025641025641025,61,57,0.9344262295081968,1.4736842105263157,5.0,0.0,0.0,3.2,0.0,0.0
SITE0178,6,5.0,1.0,11.0,13.666666666666666,Anomalous,37,6,0.1621621621621621,56,53,0.9464285714285714,2.0943396226415096,9.0,0.0,0.0,1.7777777777777777,0.0,0.0
SITE0178,7,3.0,1.0,6.666666666666667,12.0,Anomalous,43,10,0.2325581395348837,66,55,0.8333333333333334,2.0,10.0,1.0,1.0,2.6,0.1,0.1
SITE0178,8,1.0,1.0,10.666666666666666,10.0,Anomalous,40,11,0.275,70,62,0.8857142857142857,1.7903225806451613,26.0,0.0,0.0,1.8846153846153848,0.0,0.0
SITE0178,9,3.0,3.0,6.0,12.0,Anomalous,45,7,0.1555555555555555,71,65,0.9154929577464788,1.8615384615384616,12.0,0.0,0.0,2.0,0.0,0.0
SITE0178,10,7.0,2.0,11.5,9.0,Anomalous,45,6,0.1333333333333333,71,67,0.943661971830986,2.044776119402985,8.0,1.0,1.0,1.125,0.125,0.125
SITE0178,11,4.0,2.0,5.2,13.25,Anomalous,44,5,0.1136363636363636,67,62,0.9253731343283582,2.129032258064516,12.0,0.0,0.0,1.6666666666666667,0.0,0.0
SITE0178,12,3.0,3.0,8.0,20.0,Anomalous,31,18,0.5806451612903226,99,92,0.9292929292929292,2.260869565217391,50.0,6.0,6.0,2.24,0.12,0.12
SITE0179,1,0.0,0.0,11.0,0.0,Deteriorating,10,0,0.0,14,12,0.8571428571428571,1.8333333333333333,0.0,0.0,0.0,0.0,0.0,0.0
SITE0179,2,1.0,1.0,0.0,6.0,Deteriorating,30,1,0.0333333333333333,42,39,0.9285714285714286,2.076923076923077,2.0,0.0,0.0,3.5,0.0,0.0
SITE0179,3,4.0,0.0,4.0,18.0,Deteriorating,38,4,0.1052631578947368,63,57,0.9047619047619048,2.0526315789473686,8.0,3.0,3.0,2.125,0.375,0.375
SITE0179,4,1.0,2.0,14.0,12.0,Deteriorating,56,15,0.2678571428571428,92,88,0.9565217391304348,1.8068181818181817,6.0,0.0,0.0,2.6666666666666665,0.0,0.0
SITE0179,5,2.0,2.0,9.0,11.0,Deteriorating,57,16,0.2807017543859649,87,81,0.9310344827586208,1.8271604938271604,11.0,1.0,1.0,1.181818181818182,0.0909090909090909,0.0909090909090909
SITE0179,6,3.0,1.0,11.333333333333334,12.75,Deteriorating,53,17,0.320754716981132,87,81,0.9310344827586208,1.530864197530864,9.0,2.0,2.0,1.6666666666666667,0.2222222222222222,0.2222222222222222
SITE0179,7,5.0,1.0,4.0,13.0,Deteriorating,52,13,0.25,82,75,0.9146341463414634,1.8666666666666667,13.0,1.0,1.0,0.6923076923076923,0.0769230769230769,0.0769230769230769
SITE0179,8,7.0,2.0,4.0,4.0,Deteriorating,45,8,0.1777777777777777,65,59,0.9076923076923076,2.389830508474576,20.0,2.0,2.0,2.6,0.1,0.1
SITE0179,9,7.0,3.0,5.25,13.5,Deteriorating,46,6,0.1304347826086956,76,74,0.9736842105263158,2.0945945945945947,19.0,2.0,2.0,1.5789473684210529,0.1052631578947368,0.1052631578947368
SITE0179,10,2.0,4.0,10.666666666666666,8.666666666666666,Deteriorating,43,8,0.1860465116279069,60,57,0.95,1.824561403508772,10.0,1.0,1.0,1.5,0.1,0.1
SITE0179,11,5.0,1.0,9.25,1.0,Deteriorating,39,9,0.2307692307692307,63,58,0.9206349206349206,1.7413793103448276,12.0,1.0,1.0,1.6666666666666667,0.0833333333333333,0.0833333333333333
SITE0179,12,5.0,2.0,4.833333333333333,4.5,Deteriorating,28,17,0.6071428571428571,79,74,0.9367088607594936,2.391891891891892,46.0,2.0,2.0,1.608695652173913,0.0434782608695652,0.0434782608695652
SITE0180,1,1.0,1.0,4.5,0.0,Stable,13,4,0.3076923076923077,19,17,0.8947368421052632,2.5294117647058822,1.0,0.0,0.0,0.0,0.0,0.0
SITE0180,2,3.0,0.0,0.0,12.333333333333334,Stable,29,5,0.1724137931034483,46,42,0.9130434782608696,1.619047619047619,4.0,1.0,1.0,1.0,0.25,0.25
SITE0180,3,1.0,0.0,8.0,14.0,Stable,34,8,0.2352941176470588,58,56,0.9655172413793104,1.6428571428571428,4.0,0.0,0.0,1.5,0.0,0.0
SITE0180,4,1.0,0.0,0.0,0.0,Stable,46,7,0.1521739130434782,72,65,0.9027777777777778,2.4,9.0,1.0,1.0,1.3333333333333333,0.1111111111111111,0.1111111111111111
SITE0180,5,0.0,0.0,3.0,0.0,Stable,42,6,0.1428571428571428,61,60,0.9836065573770492,1.8333333333333333,8.0,0.0,0.0,2.125,0.0,0.0
SITE0180,6,2.0,0.0,7.0,14.0,Stable,37,4,0.1081081081081081,59,52,0.8813559322033898,2.076923076923077,8.0,0.0,0.0,1.25,0.0,0.0
SITE0180,7,3.0,1.0,6.0,10.0,Stable,41,9,0.2195121951219512,69,62,0.8985507246376812,2.129032258064516,11.0,0.0,0.0,2.5454545454545454,0.0,0.0
SITE0180,8,0.0,0.0,0.0,0.0,,40,9,0.225,61,56,0.918032786885246,2.517857142857143,13.0,1.0,1.0,1.6923076923076923,0.0769230769230769,0.0769230769230769
SITE0180,9,5.0,1.0,10.0,5.0,Stable,33,10,0.303030303030303,56,53,0.9464285714285714,1.679245283018868,12.0,0.0,0.0,1.5,0.0,0.0
SITE0180,10,1.0,0.0,0.0,0.0,Stable,34,8,0.2352941176470588,52,47,0.903846153846154,2.042553191489361,15.0,0.0,0.0,1.8666666666666667,0.0,0.0
SITE0180,11,0.0,0.0,10.0,18.5,Stable,34,4,0.1176470588235294,55,53,0.9636363636363636,1.9056603773584904,10.0,0.0,0.0,2.2,0.0,0.0
SITE0180,12,3.0,1.0,1.0,8.0,Stable,27,4,0.1481481481481481,88,83,0.9431818181818182,2.3734939759036147,42.0,1.0,1.0,1.5,0.0238095238095238,0.0238095238095238
SITE0181,1,3.0,0.0,0.0,0.0,Stable,5,2,0.4,6,6,1.0,2.6666666666666665,1.0,0.0,0.0,0.0,0.0,0.0
SITE0181,2,0.0,0.0,1.0,0.0,Stable,14,2,0.1428571428571428,19,15,0.7894736842105263,2.0,4.0,0.0,0.0,1.5,0.0,0.0
SITE0181,3,1.0,0.0,8.333333333333334,6.0,Stable,22,3,0.1363636363636363,37,37,1.0,2.189189189189189,1.0,0.0,0.0,0.0,0.0,0.0
SITE0181,4,3.0,1.0,9.0,0.0,Stable,36,4,0.1111111111111111,56,50,0.8928571428571429,2.0,3.0,0.0,0.0,1.6666666666666667,0.0,0.0
SITE0181,5,0.0,0.0,6.0,8.0,Stable,36,6,0.1666666666666666,58,56,0.9655172413793104,2.0,4.0,0.0,0.0,1.0,0.0,0.0
SITE0181,6,5.0,2.0,5.5,0.0,Stable,28,4,0.1428571428571428,44,40,0.9090909090909092,2.5,7.0,0.0,0.0,0.8571428571428571,0.0,0.0
SITE0181,7,4.0,0.0,0.0,9.0,Stable,30,6,0.2,48,45,0.9375,2.2222222222222223,12.0,0.0,0.0,1.0,0.0,0.0
SITE0181,8,1.0,1.0,6.666666666666667,15.0,Stable,29,6,0.2068965517241379,49,40,0.8163265306122449,2.05,14.0,0.0,0.0,2.2857142857142856,0.0,0.0
SITE0181,9,5.0,1.0,9.0,14.0,Stable,33,8,0.2424242424242424,56,52,0.9285714285714286,2.25,13.0,1.0,1.0,1.7692307692307692,0.0769230769230769,0.0769230769230769
SITE0181,10,1.0,0.0,0.0,9.0,Stable,37,9,0.2432432432432432,58,52,0.896551724137931,2.230769230769231,11.0,0.0,0.0,2.0,0.0,0.0
SITE0181,11,2.0,0.0,0.0,14.5,Stable,31,7,0.2258064516129032,49,41,0.8367346938775511,2.1707317073170733,11.0,0.0,0.0,1.6363636363636365,0.0,0.0
SITE0181,12,2.0,0.0,5.5,17.0,Stable,19,3,0.1578947368421052,48,46,0.9583333333333334,2.152173913043478,33.0,2.0,2.0,1.606060606060606,0.0606060606060606,0.0606060606060606
SITE0182,1,8.0,5.0,5.0,17.0,High Risk,3,0,0.0,5,5,1.0,4.6,0.0,0.0,0.0,0.0,0.0,0.0
SITE0182,2,11.0,10.0,7.333333333333333,7.0,High Risk,16,0,0.0,25,21,0.84,2.2857142857142856,1.0,0.0,0.0,0.0,0.0,0.0
SITE0182,3,9.0,4.0,7.3,18.0,High Risk,23,1,0.0434782608695652,40,35,0.875,1.4,6.0,1.0,1.0,1.1666666666666667,0.1666666666666666,0.1666666666666666
SITE0182,4,5.0,1.0,5.0,14.0,High Risk,32,4,0.125,54,52,0.9629629629629628,1.75,5.0,0.0,0.0,1.4,0.0,0.0
SITE0182,5,18.0,4.0,9.6,6.5,High Risk,44,8,0.1818181818181818,66,58,0.8787878787878788,2.6724137931034484,7.0,1.0,1.0,1.7142857142857142,0.1428571428571428,0.1428571428571428
SITE0182,6,6.0,5.0,7.777777777777778,10.5,High Risk,44,8,0.1818181818181818,66,59,0.8939393939393939,2.254237288135593,8.0,3.0,3.0,1.125,0.375,0.375
SITE0182,7,13.0,5.0,4.857142857142857,9.285714285714286,High Risk,42,8,0.1904761904761904,67,62,0.9253731343283582,2.435483870967742,13.0,0.0,0.0,1.8461538461538465,0.0,0.0
SITE0182,8,8.0,5.0,8.571428571428571,13.0,High Risk,38,4,0.1052631578947368,59,52,0.8813559322033898,2.5961538461538463,16.0,0.0,0.0,2.125,0.0,0.0
SITE0182,9,11.0,7.0,7.571428571428571,9.2,High Risk,32,2,0.0625,47,45,0.9574468085106383,2.577777777777778,8.0,0.0,0.0,1.25,0.0,0.0
SITE0182,10,6.0,6.0,6.6,10.0,High Risk,31,2,0.064516129032258,51,51,1.0,1.9019607843137252,7.0,0.0,0.0,1.4285714285714286,0.0,0.0
SITE0182,11,9.0,5.0,6.857142857142857,9.0,High Risk,37,2,0.054054054054054,56,53,0.9464285714285714,2.679245283018868,10.0,0.0,0.0,1.8,0.0,0.0
SITE0182,12,10.0,3.0,4.25,9.333333333333334,High Risk,26,9,0.3461538461538461,76,71,0.9342105263157896,2.507042253521127,31.0,2.0,2.0,1.870967741935484,0.064516129032258,0.064516129032258
SITE0183,1,1.0,2.0,0.0,0.0,Stable,15,2,0.1333333333333333,23,23,1.0,1.2608695652173914,0.0,0.0,0.0,0.0,0.0,0.0
SITE0183,2,1.0,2.0,7.5,0.0,Stable,26,3,0.1153846153846153,39,36,0.9230769230769232,2.333333333333333,2.0,0.0,0.0,0.5,0.0,0.0
SITE0183,3,0.0,2.0,2.0,14.0,Stable,31,4,0.1290322580645161,57,55,0.9649122807017544,2.163636363636364,7.0,1.0,1.0,1.5714285714285714,0.1428571428571428,0.1428571428571428
SITE0183,4,1.0,1.0,6.666666666666667,6.0,Stable,43,6,0.1395348837209302,67,62,0.9253731343283582,1.8387096774193548,10.0,0.0,0.0,0.8,0.0,0.0
SITE0183,5,2.0,0.0,8.666666666666666,14.0,Stable,41,4,0.0975609756097561,66,62,0.9393939393939394,1.8548387096774197,11.0,1.0,1.0,1.7272727272727273,0.0909090909090909,0.0909090909090909
SITE0183,6,1.0,1.0,11.0,1.0,Stable,39,7,0.1794871794871795,64,56,0.875,2.5535714285714284,15.0,0.0,0.0,2.0,0.0,0.0
SITE0183,7,1.0,2.0,3.0,9.0,Stable,42,7,0.1666666666666666,66,63,0.9545454545454546,2.1587301587301586,9.0,1.0,1.0,3.333333333333333,0.1111111111111111,0.1111111111111111
SITE0183,8,5.0,1.0,3.0,0.0,Stable,35,4,0.1142857142857142,54,50,0.925925925925926,1.28,7.0,0.0,0.0,0.7142857142857143,0.0,0.0
SITE0183,9,2.0,1.0,9.666666666666666,0.0,Stable,38,4,0.1052631578947368,62,59,0.9516129032258064,2.2711864406779663,9.0,0.0,0.0,1.8888888888888888,0.0,0.0
SITE0183,10,3.0,0.0,11.0,11.0,Stable,41,2,0.048780487804878,63,59,0.9365079365079364,1.5593220338983051,9.0,0.0,0.0,2.7777777777777777,0.0,0.0
SITE0183,11,0.0,1.0,8.5,4.0,Stable,34,2,0.0588235294117647,62,56,0.9032258064516128,2.196428571428572,15.0,1.0,1.0,1.3333333333333333,0.0666666666666666,0.0666666666666666
SITE0183,12,0.0,1.0,1.5,18.5,Stable,24,3,0.125,67,60,0.8955223880597015,1.6833333333333331,53.0,2.0,2.0,2.056603773584906,0.0377358490566037,0.0377358490566037
SITE0184,1,8.0,5.0,5.833333333333333,14.0,High Risk,14,0,0.0,17,14,0.8235294117647058,1.2857142857142858,0.0,0.0,0.0,0.0,0.0,0.0
SITE0184,2,12.0,5.0,8.375,9.2,High Risk,21,2,0.0952380952380952,32,30,0.9375,2.2666666666666666,2.0,0.0,0.0,0.0,0.0,0.0
SITE0184,3,2.0,6.0,7.714285714285714,9.666666666666666,High Risk,36,5,0.1388888888888889,57,52,0.912280701754386,1.9423076923076923,8.0,0.0,0.0,2.25,0.0,0.0
SITE0184,4,12.0,7.0,7.0,10.5,High Risk,48,8,0.1666666666666666,73,68,0.9315068493150684,2.014705882352941,6.0,0.0,0.0,2.0,0.0,0.0
SITE0184,5,4.0,7.0,6.25,10.875,High Risk,51,10,0.196078431372549,80,75,0.9375,2.6533333333333333,5.0,0.0,0.0,1.0,0.0,0.0
SITE0184,6,12.0,4.0,8.166666666666666,13.4,High Risk,55,13,0.2363636363636363,92,81,0.8804347826086957,2.0246913580246915,13.0,1.0,1.0,1.3846153846153846,0.0769230769230769,0.0769230769230769
SITE0184,7,10.0,5.0,6.142857142857143,12.333333333333334,High Risk,50,15,0.3,85,80,0.9411764705882352,1.8875,17.0,1.0,1.0,0.7647058823529411,0.0588235294117647,0.0588235294117647
SITE0184,8,9.0,7.0,8.142857142857142,12.8,High Risk,51,15,0.2941176470588235,78,70,0.8974358974358975,2.628571428571429,10.0,2.0,2.0,1.7,0.2,0.2
SITE0184,9,8.0,3.0,5.75,15.5,High Risk,48,11,0.2291666666666666,70,65,0.9285714285714286,2.046153846153846,24.0,0.0,0.0,1.6666666666666667,0.0,0.0
SITE0184,10,6.0,5.0,7.0,13.0,High Risk,53,11,0.2075471698113207,84,77,0.9166666666666666,1.896103896103896,12.0,0.0,0.0,2.25,0.0,0.0
SITE0184,11,5.0,5.0,7.125,10.6,High Risk,56,12,0.2142857142857142,90,80,0.8888888888888888,2.025,14.0,0.0,0.0,1.7142857142857142,0.0,0.0
SITE0184,12,10.0,2.0,7.142857142857143,7.875,High Risk,41,12,0.2926829268292683,118,107,0.9067796610169492,2.392523364485981,70.0,3.0,3.0,1.542857142857143,0.0428571428571428,0.0428571428571428
SITE0185,1,2.0,1.0,1.0,5.666666666666667,Stable,16,0,0.0,21,17,0.8095238095238095,1.7647058823529411,0.0,0.0,0.0,0.0,0.0,0.0
SITE0185,2,2.0,0.0,0.0,12.0,Stable,23,1,0.0434782608695652,41,39,0.951219512195122,1.9743589743589745,3.0,0.0,0.0,2.6666666666666665,0.0,0.0
SITE0185,3,3.0,0.0,7.0,16.0,Stable,36,4,0.1111111111111111,57,51,0.8947368421052632,2.215686274509804,9.0,0.0,0.0,0.8888888888888888,0.0,0.0
SITE0185,4,1.0,2.0,12.5,6.0,Stable,46,6,0.1304347826086956,65,61,0.9384615384615383,1.9508196721311477,6.0,0.0,0.0,1.3333333333333333,0.0,0.0
SITE0185,5,0.0,0.0,0.0,18.0,Stable,48,5,0.1041666666666666,76,71,0.9342105263157896,2.901408450704225,12.0,0.0,0.0,1.4166666666666667,0.0,0.0
SITE0185,6,0.0,0.0,0.0,0.0,,54,3,0.0555555555555555,94,86,0.9148936170212766,1.9186046511627908,13.0,1.0,1.0,2.3846153846153846,0.0769230769230769,0.0769230769230769
SITE0185,7,2.0,0.0,13.0,12.666666666666666,Stable,47,5,0.1063829787234042,70,61,0.8714285714285714,1.9672131147540983,9.0,1.0,1.0,1.8888888888888888,0.1111111111111111,0.1111111111111111
SITE0185,8,2.0,0.0,5.0,0.0,Stable,53,11,0.2075471698113207,79,74,0.9367088607594936,2.27027027027027,18.0,0.0,0.0,2.0,0.0,0.0
SITE0185,9,2.0,2.0,2.0,2.0,Stable,55,13,0.2363636363636363,86,77,0.8953488372093024,1.8571428571428568,13.0,0.0,0.0,0.9230769230769232,0.0,0.0
SITE0185,10,1.0,0.0,13.0,0.0,Stable,55,14,0.2545454545454545,89,80,0.898876404494382,2.125,9.0,2.0,2.0,2.0,0.2222222222222222,0.2222222222222222
SITE0185,11,3.0,1.0,11.0,0.0,Stable,62,8,0.1290322580645161,98,90,0.9183673469387756,1.8888888888888888,18.0,0.0,0.0,2.1666666666666665,0.0,0.0
SITE0185,12,2.0,0.0,2.5,2.0,Stable,40,8,0.2,118,109,0.923728813559322,2.073394495412844,52.0,2.0,2.0,1.7884615384615383,0.0384615384615384,0.0384615384615384
SITE0186,1,1.0,1.0,1.0,9.5,Stable,3,0,0.0,4,4,1.0,0.5,2.0,0.0,0.0,1.5,0.0,0.0
SITE0186,2,0.0,2.0,8.5,3.0,Stable,16,0,0.0,26,23,0.8846153846153846,1.7391304347826086,5.0,0.0,0.0,2.0,0.0,0.0
SITE0186,3,0.0,0.0,5.666666666666667,13.0,Stable,22,2,0.0909090909090909,37,35,0.945945945945946,1.7428571428571429,1.0,0.0,0.0,0.0,0.0,0.0
SITE0186,4,1.0,0.0,10.0,0.0,Stable,30,4,0.1333333333333333,51,45,0.8823529411764706,1.5555555555555556,6.0,1.0,1.0,0.5,0.1666666666666666,0.1666666666666666
SITE0186,5,0.0,1.0,5.666666666666667,20.0,Stable,29,3,0.1034482758620689,47,44,0.9361702127659576,2.227272727272727,5.0,0.0,0.0,1.6,0.0,0.0
SITE0186,6,1.0,1.0,0.0,8.0,Stable,28,2,0.0714285714285714,42,38,0.9047619047619048,2.3684210526315788,5.0,0.0,0.0,1.2,0.0,0.0
SITE0186,7,2.0,2.0,5.0,17.0,Stable,30,2,0.0666666666666666,49,45,0.9183673469387756,2.088888888888889,12.0,0.0,0.0,1.6666666666666667,0.0,0.0
SITE0186,8,0.0,0.0,8.0,8.0,Stable,31,2,0.064516129032258,47,46,0.9787234042553192,1.934782608695652,11.0,3.0,3.0,2.363636363636364,0.2727272727272727,0.2727272727272727
SITE0186,9,2.0,1.0,8.0,4.0,Stable,37,3,0.081081081081081,57,55,0.9649122807017544,2.4,8.0,0.0,0.0,1.375,0.0,0.0
SITE0186,10,0.0,1.0,6.666666666666667,20.0,Stable,35,4,0.1142857142857142,53,52,0.981132075471698,1.5769230769230769,12.0,1.0,1.0,1.9166666666666667,0.0833333333333333,0.0833333333333333
SITE0186,11,2.0,0.0,11.0,12.0,Stable,33,4,0.1212121212121212,59,55,0.9322033898305084,2.345454545454545,13.0,0.0,0.0,1.7692307692307692,0.0,0.0
SITE0186,12,2.0,0.0,0.0,8.5,Stable,25,4,0.16,62,60,0.967741935483871,2.6666666666666665,27.0,0.0,0.0,1.6296296296296295,0.0,0.0
SITE0187,1,3.0,3.0,7.0,12.0,Stable,11,1,0.0909090909090909,12,12,1.0,2.333333333333333,1.0,0.0,0.0,3.0,0.0,0.0
SITE0187,2,1.0,0.0,7.0,13.0,Stable,17,2,0.1176470588235294,29,25,0.8620689655172413,2.36,1.0,0.0,0.0,1.0,0.0,0.0
SITE0187,3,3.0,1.0,9.0,18.0,Stable,27,3,0.1111111111111111,43,37,0.8604651162790697,2.2432432432432434,3.0,0.0,0.0,1.6666666666666667,0.0,0.0
SITE0187,4,2.0,0.0,0.0,0.0,Stable,37,5,0.1351351351351351,58,53,0.913793103448276,2.056603773584906,9.0,0.0,0.0,1.6666666666666667,0.0,0.0
SITE0187,5,0.0,0.0,12.0,14.0,Stable,35,7,0.2,57,52,0.912280701754386,1.9038461538461535,6.0,0.0,0.0,1.3333333333333333,0.0,0.0
SITE0187,6,3.0,3.0,0.0,0.0,Stable,43,12,0.2790697674418604,70,64,0.9142857142857144,2.109375,4.0,0.0,0.0,0.0,0.0,0.0
SITE0187,7,0.0,0.0,0.0,17.0,Stable,39,10,0.2564102564102564,67,57,0.8507462686567164,1.8596491228070176,18.0,2.0,2.0,1.2222222222222223,0.1111111111111111,0.1111111111111111
SITE0187,8,1.0,1.0,10.5,10.0,Stable,42,11,0.2619047619047619,68,62,0.9117647058823528,2.161290322580645,15.0,0.0,0.0,2.2666666666666666,0.0,0.0
SITE0187,9,4.0,0.0,10.666666666666666,3.0,Stable,42,8,0.1904761904761904,62,57,0.9193548387096774,1.7017543859649122,13.0,2.0,2.0,1.9230769230769231,0.1538461538461538,0.1538461538461538
SITE0187,10,2.0,1.0,0.0,3.0,Stable,44,14,0.3181818181818182,76,70,0.9210526315789472,1.9428571428571428,10.0,0.0,0.0,1.3,0.0,0.0
SITE0187,11,1.0,1.0,1.0,9.333333333333334,Stable,43,9,0.2093023255813953,65,58,0.8923076923076924,2.086206896551724,13.0,1.0,1.0,2.076923076923077,0.0769230769230769,0.0769230769230769
SITE0187,12,3.0,0.0,9.0,0.0,Stable,32,8,0.25,83,78,0.9397590361445785,2.08974358974359,52.0,1.0,1.0,1.9038461538461535,0.0192307692307692,0.0192307692307692
SITE0188,1,0.0,1.0,7.666666666666667,12.0,Stable,11,0,0.0,17,16,0.9411764705882352,1.6875,2.0,0.0,0.0,1.0,0.0,0.0
SITE0188,2,2.0,1.0,0.0,9.0,Stable,26,0,0.0,39,37,0.9487179487179488,2.054054054054054,2.0,0.0,0.0,2.0,0.0,0.0
SITE0188,3,3.0,1.0,0.0,0.0,Stable,43,4,0.0930232558139534,72,61,0.8472222222222222,1.9180327868852456,6.0,0.0,0.0,2.833333333333333,0.0,0.0
SITE0188,4,3.0,4.0,0.0,16.0,Stable,48,4,0.0833333333333333,85,79,0.9294117647058824,1.7215189873417722,6.0,0.0,0.0,2.5,0.0,0.0
SITE0188,5,2.0,0.0,2.0,9.0,Stable,56,7,0.125,92,86,0.9347826086956522,2.5232558139534884,9.0,2.0,2.0,2.111111111111111,0.2222222222222222,0.2222222222222222
SITE0188,6,3.0,1.0,7.0,11.5,Stable,46,5,0.108695652173913,67,60,0.8955223880597015,2.45,9.0,0.0,0.0,1.4444444444444444,0.0,0.0
SITE0188,7,1.0,1.0,2.0,11.0,Stable,52,8,0.1538461538461538,87,80,0.9195402298850576,1.9125,26.0,1.0,1.0,1.4615384615384617,0.0384615384615384,0.0384615384615384
SITE0188,8,2.0,0.0,4.0,6.0,Stable,63,8,0.1269841269841269,98,89,0.9081632653061223,1.9325842696629212,15.0,0.0,0.0,1.8,0.0,0.0
SITE0188,9,1.0,0.0,0.0,18.0,Stable,57,5,0.087719298245614,91,83,0.912087912087912,2.6265060240963853,19.0,1.0,1.0,1.736842105263158,0.0526315789473684,0.0526315789473684
SITE0188,10,1.0,0.0,0.0,20.0,Stable,48,4,0.0833333333333333,78,75,0.9615384615384616,1.68,18.0,0.0,0.0,2.0,0.0,0.0
SITE0188,11,1.0,1.0,0.0,0.0,Stable,44,9,0.2045454545454545,63,56,0.8888888888888888,1.8571428571428568,24.0,0.0,0.0,2.25,0.0,0.0
SITE0188,12,2.0,0.0,5.0,8.0,Stable,28,18,0.6428571428571429,87,81,0.9310344827586208,1.839506172839506,46.0,7.0,7.0,1.565217391304348,0.1521739130434782,0.1521739130434782
SITE0189,1,3.0,0.0,4.75,10.5,Anomalous,12,0,0.0,15,14,0.9333333333333332,1.8571428571428568,2.0,0.0,0.0,0.0,0.0,0.0
SITE0189,2,0.0,3.0,7.8,6.25,Anomalous,22,4,0.1818181818181818,40,37,0.925,2.45945945945946,4.0,0.0,0.0,0.75,0.0,0.0
SITE0189,3,3.0,3.0,7.4,14.0,Anomalous,35,8,0.2285714285714285,59,52,0.8813559322033898,1.8653846153846156,2.0,0.0,0.0,1.0,0.0,0.0
SITE0189,4,4.0,3.0,8.333333333333334,17.0,Anomalous,43,10,0.2325581395348837,66,58,0.8787878787878788,2.2241379310344827,9.0,2.0,2.0,2.555555555555556,0.2222222222222222,0.2222222222222222
SITE0189,5,5.0,2.0,9.0,15.0,Anomalous,40,10,0.25,65,63,0.9692307692307692,1.8253968253968251,5.0,0.0,0.0,2.4,0.0,0.0
SITE0189,6,19.0,5.0,9.454545454545457,14.666666666666666,Anomalous,43,9,0.2093023255813953,68,64,0.9411764705882352,1.859375,8.0,0.0,0.0,1.625,0.0,0.0
SITE0189,7,2.0,1.0,12.0,4.0,Anomalous,40,7,0.175,64,59,0.921875,1.6610169491525424,9.0,2.0,2.0,2.111111111111111,0.2222222222222222,0.2222222222222222
SITE0189,8,3.0,5.0,2.333333333333333,16.0,Anomalous,47,7,0.1489361702127659,74,71,0.9594594594594594,2.4788732394366195,11.0,0.0,0.0,2.363636363636364,0.0,0.0
SITE0189,9,5.0,4.0,10.0,10.0,Anomalous,45,8,0.1777777777777777,69,63,0.9130434782608696,1.984126984126984,12.0,0.0,0.0,2.25,0.0,0.0
SITE0189,10,2.0,1.0,6.4,14.0,Anomalous,41,9,0.2195121951219512,67,62,0.9253731343283582,1.9838709677419355,16.0,0.0,0.0,2.375,0.0,0.0
SITE0189,11,0.0,3.0,6.333333333333333,9.666666666666666,Anomalous,38,6,0.1578947368421052,60,53,0.8833333333333333,1.6415094339622642,15.0,0.0,0.0,2.6666666666666665,0.0,0.0
SITE0189,12,4.0,3.0,4.5,4.714285714285714,Anomalous,27,6,0.2222222222222222,79,73,0.9240506329113924,1.9315068493150684,45.0,2.0,2.0,1.6888888888888889,0.0444444444444444,0.0444444444444444
SITE0190,1,10.0,4.0,7.666666666666667,10.666666666666666,High Risk,13,0,0.0,16,13,0.8125,1.3846153846153846,0.0,0.0,0.0,0.0,0.0,0.0
SITE0190,2,5.0,3.0,9.25,13.714285714285714,High Risk,21,2,0.0952380952380952,33,31,0.9393939393939394,1.4516129032258065,2.0,0.0,0.0,1.5,0.0,0.0
SITE0190,3,11.0,4.0,3.6666666666666665,12.428571428571429,High Risk,26,4,0.1538461538461538,49,44,0.8979591836734694,2.272727272727273,6.0,1.0,1.0,1.8333333333333333,0.1666666666666666,0.1666666666666666
SITE0190,4,13.0,11.0,5.25,7.125,High Risk,36,7,0.1944444444444444,57,54,0.9473684210526316,1.9444444444444444,4.0,0.0,0.0,2.5,0.0,0.0
SITE0190,5,9.0,5.0,7.5,12.5,High Risk,36,8,0.2222222222222222,53,49,0.9245283018867924,1.7959183673469388,8.0,1.0,1.0,1.375,0.125,0.125
SITE0190,6,8.0,4.0,10.0,8.166666666666666,High Risk,35,7,0.2,58,54,0.9310344827586208,2.074074074074074,8.0,0.0,0.0,2.125,0.0,0.0
SITE0190,7,5.0,2.0,5.0,11.166666666666666,High Risk,35,7,0.2,54,46,0.8518518518518519,2.0434782608695654,10.0,0.0,0.0,2.2,0.0,0.0
SITE0190,8,3.0,5.0,5.25,6.0,High Risk,33,7,0.2121212121212121,51,49,0.9607843137254902,1.8979591836734693,16.0,1.0,1.0,1.75,0.0625,0.0625
SITE0190,9,4.0,6.0,9.0,10.0,High Risk,35,6,0.1714285714285714,51,48,0.9411764705882352,2.645833333333333,8.0,2.0,2.0,1.375,0.25,0.25
SITE0190,10,6.0,5.0,9.142857142857142,11.5,High Risk,35,5,0.1428571428571428,59,55,0.9322033898305084,2.309090909090909,12.0,1.0,1.0,2.333333333333333,0.0833333333333333,0.0833333333333333
SITE0190,11,10.0,10.0,4.833333333333333,11.285714285714286,High Risk,39,5,0.1282051282051282,62,62,1.0,2.193548387096774,7.0,0.0,0.0,1.0,0.0,0.0
SITE0190,12,10.0,8.0,9.285714285714286,10.375,High Risk,28,2,0.0714285714285714,81,77,0.9506172839506172,1.844155844155844,43.0,0.0,0.0,1.4883720930232558,0.0,0.0
SITE0191,1,12.0,6.0,8.9,15.0,High Risk,14,2,0.1428571428571428,19,17,0.8947368421052632,1.7647058823529411,1.0,0.0,0.0,0.0,0.0,0.0
SITE0191,2,9.0,6.0,10.5,11.5,High Risk,26,5,0.1923076923076923,41,39,0.951219512195122,2.1538461538461537,3.0,0.0,0.0,0.3333333333333333,0.0,0.0
SITE0191,3,14.0,5.0,11.4,9.0,High Risk,37,6,0.1621621621621621,62,54,0.8709677419354839,2.203703703703704,4.0,0.0,0.0,1.0,0.0,0.0
SITE0191,4,12.0,2.0,10.555555555555555,10.5,High Risk,54,7,0.1296296296296296,86,77,0.8953488372093024,1.675324675324675,8.0,0.0,0.0,1.5,0.0,0.0
SITE0191,5,8.0,4.0,13.0,9.5,High Risk,49,5,0.1020408163265306,74,70,0.945945945945946,2.085714285714286,10.0,0.0,0.0,1.2,0.0,0.0
SITE0191,6,14.0,5.0,4.4,15.0,High Risk,56,8,0.1428571428571428,92,85,0.9239130434782608,2.0352941176470587,9.0,2.0,2.0,1.6666666666666667,0.2222222222222222,0.2222222222222222
SITE0191,7,8.0,3.0,8.428571428571429,7.0,High Risk,49,9,0.1836734693877551,76,64,0.8421052631578947,1.609375,13.0,0.0,0.0,2.1538461538461537,0.0,0.0
SITE0191,8,10.0,6.0,4.111111111111111,9.0,High Risk,45,7,0.1555555555555555,69,65,0.9420289855072465,2.476923076923077,15.0,1.0,1.0,1.8666666666666667,0.0666666666666666,0.0666666666666666
SITE0191,9,10.0,1.0,8.0,10.8,High Risk,48,8,0.1666666666666666,71,69,0.971830985915493,2.4927536231884058,8.0,0.0,0.0,2.0,0.0,0.0
SITE0191,10,8.0,6.0,7.333333333333333,8.666666666666666,High Risk,51,9,0.1764705882352941,86,78,0.9069767441860463,2.141025641025641,13.0,0.0,0.0,1.5384615384615383,0.0,0.0
SITE0191,11,5.0,4.0,7.5,7.4,High Risk,50,10,0.2,86,82,0.9534883720930232,2.109756097560976,25.0,2.0,2.0,2.2,0.08,0.08
SITE0191,12,9.0,4.0,6.0,2.75,High Risk,41,8,0.1951219512195122,108,100,0.925925925925926,1.73,55.0,3.0,3.0,1.690909090909091,0.0545454545454545,0.0545454545454545
SITE0192,1,0.0,1.0,0.0,14.0,Deteriorating,14,2,0.1428571428571428,21,20,0.9523809523809524,1.6,1.0,0.0,0.0,4.0,0.0,0.0
SITE0192,2,2.0,2.0,10.0,13.0,Deteriorating,25,4,0.16,35,31,0.8857142857142857,1.8387096774193548,5.0,0.0,0.0,1.4,0.0,0.0
SITE0192,3,4.0,2.0,4.0,8.5,Deteriorating,40,5,0.125,70,62,0.8857142857142857,1.467741935483871,10.0,2.0,2.0,1.9,0.2,0.2
SITE0192,4,0.0,2.0,7.5,16.0,Deteriorating,56,9,0.1607142857142857,88,82,0.9318181818181818,2.5121951219512195,6.0,1.0,1.0,1.8333333333333333,0.1666666666666666,0.1666666666666666
SITE0192,5,4.0,6.0,11.0,0.0,Deteriorating,55,13,0.2363636363636363,88,79,0.8977272727272727,2.075949367088608,8.0,1.0,1.0,1.625,0.125,0.125
SITE0192,6,4.0,1.0,11.333333333333334,8.5,Deteriorating,45,14,0.3111111111111111,70,65,0.9285714285714286,2.3384615384615386,10.0,0.0,0.0,1.8,0.0,0.0
SITE0192,7,1.0,0.0,6.75,11.0,Deteriorating,50,15,0.3,82,73,0.8902439024390244,2.328767123287671,7.0,0.0,0.0,2.0,0.0,0.0
SITE0192,8,7.0,1.0,7.0,5.5,Deteriorating,44,9,0.2045454545454545,71,61,0.8591549295774648,2.180327868852459,20.0,1.0,1.0,1.1,0.05,0.05
SITE0192,9,2.0,4.0,4.75,13.428571428571429,Deteriorating,52,11,0.2115384615384615,79,74,0.9367088607594936,1.7297297297297298,21.0,0.0,0.0,1.9523809523809523,0.0,0.0
SITE0192,10,5.0,3.0,3.0,14.666666666666666,Deteriorating,54,7,0.1296296296296296,85,79,0.9294117647058824,2.556962025316456,22.0,0.0,0.0,1.1363636363636365,0.0,0.0
SITE0192,11,4.0,5.0,5.0,3.333333333333333,Deteriorating,48,5,0.1041666666666666,76,72,0.9473684210526316,2.236111111111111,18.0,1.0,1.0,1.9444444444444444,0.0555555555555555,0.0555555555555555
SITE0192,12,7.0,3.0,10.25,5.0,Deteriorating,31,2,0.064516129032258,99,93,0.9393939393939394,2.150537634408602,56.0,3.0,3.0,1.7857142857142858,0.0535714285714285,0.0535714285714285
SITE0193,1,0.0,2.0,6.0,14.0,Stable,8,0,0.0,13,12,0.9230769230769232,2.5,1.0,0.0,0.0,0.0,0.0,0.0
SITE0193,2,2.0,0.0,2.0,0.0,Stable,15,0,0.0,24,21,0.875,1.4761904761904765,1.0,0.0,0.0,1.0,0.0,0.0
SITE0193,3,1.0,0.0,3.0,15.0,Stable,33,0,0.0,57,55,0.9649122807017544,2.145454545454545,3.0,0.0,0.0,2.0,0.0,0.0
SITE0193,4,1.0,1.0,3.0,20.0,Stable,45,1,0.0222222222222222,72,62,0.8611111111111112,2.096774193548387,8.0,0.0,0.0,2.875,0.0,0.0
SITE0193,5,1.0,0.0,9.5,0.0,Stable,48,7,0.1458333333333333,79,77,0.9746835443037974,2.0,9.0,2.0,2.0,1.8888888888888888,0.2222222222222222,0.2222222222222222
SITE0193,6,0.0,1.0,11.0,14.5,Stable,44,11,0.25,69,64,0.927536231884058,2.265625,11.0,0.0,0.0,1.4545454545454546,0.0,0.0
SITE0193,7,0.0,1.0,0.0,3.0,Stable,33,14,0.4242424242424242,52,48,0.9230769230769232,1.9166666666666667,17.0,1.0,1.0,1.3529411764705883,0.0588235294117647,0.0588235294117647
SITE0193,8,1.0,0.0,0.0,12.0,Stable,25,8,0.32,40,36,0.9,2.25,12.0,2.0,2.0,2.0,0.1666666666666666,0.1666666666666666
SITE0193,9,5.0,4.0,0.0,11.0,Stable,23,3,0.1304347826086956,37,35,0.945945945945946,2.142857142857143,12.0,0.0,0.0,2.25,0.0,0.0
SITE0193,10,2.0,0.0,4.0,16.0,Stable,34,4,0.1176470588235294,55,52,0.9454545454545454,2.0,6.0,0.0,0.0,3.1666666666666665,0.0,0.0
SITE0193,11,1.0,0.0,8.666666666666666,8.666666666666666,Stable,43,5,0.1162790697674418,70,66,0.9428571428571428,2.0,15.0,1.0,1.0,2.333333333333333,0.0666666666666666,0.0666666666666666
SITE0193,12,1.0,4.0,0.0,9.0,Stable,34,7,0.2058823529411764,110,103,0.9363636363636364,2.3689320388349517,38.0,1.0,1.0,1.6842105263157894,0.0263157894736842,0.0263157894736842
SITE0194,1,0.0,1.0,0.0,11.0,Stable,14,2,0.1428571428571428,21,18,0.8571428571428571,1.9444444444444444,1.0,0.0,0.0,2.0,0.0,0.0
SITE0194,2,0.0,0.0,0.0,9.0,Stable,23,2,0.0869565217391304,37,35,0.945945945945946,2.4285714285714284,5.0,1.0,1.0,1.4,0.2,0.2
SITE0194,3,4.0,1.0,6.5,9.0,Stable,33,3,0.0909090909090909,55,46,0.8363636363636363,2.282608695652174,6.0,1.0,1.0,3.0,0.1666666666666666,0.1666666666666666
SITE0194,4,0.0,0.0,0.0,3.0,Stable,49,2,0.0408163265306122,69,64,0.927536231884058,2.3125,7.0,0.0,0.0,1.5714285714285714,0.0,0.0
SITE0194,5,0.0,1.0,4.0,5.0,Stable,50,8,0.16,81,75,0.925925925925926,2.0,12.0,0.0,0.0,1.9166666666666667,0.0,0.0
SITE0194,6,0.0,0.0,4.0,1.0,Stable,52,6,0.1153846153846153,83,78,0.9397590361445785,2.102564102564102,12.0,0.0,0.0,1.6666666666666667,0.0,0.0
SITE0194,7,6.0,0.0,4.0,18.0,Stable,58,7,0.1206896551724138,89,79,0.8876404494382022,2.481012658227848,17.0,1.0,1.0,2.294117647058824,0.0588235294117647,0.0588235294117647
SITE0194,8,3.0,0.0,6.666666666666667,0.0,Stable,44,6,0.1363636363636363,71,64,0.9014084507042254,2.015625,13.0,1.0,1.0,1.4615384615384617,0.0769230769230769,0.0769230769230769
SITE0194,9,2.0,2.0,2.0,5.0,Stable,47,10,0.2127659574468085,80,75,0.9375,2.1066666666666665,21.0,0.0,0.0,2.0,0.0,0.0
SITE0194,10,1.0,0.0,0.0,13.333333333333334,Stable,47,11,0.2340425531914893,73,68,0.9315068493150684,2.117647058823529,20.0,0.0,0.0,1.75,0.0,0.0
SITE0194,11,0.0,1.0,10.0,11.5,Stable,39,12,0.3076923076923077,65,56,0.8615384615384616,2.0535714285714284,15.0,0.0,0.0,1.4666666666666666,0.0,0.0
SITE0194,12,1.0,0.0,0.0,0.0,Stable,31,9,0.2903225806451613,80,73,0.9125,1.904109589041096,53.0,4.0,4.0,1.339622641509434,0.0754716981132075,0.0754716981132075
SITE0195,1,3.0,0.0,11.5,19.0,Stable,14,0,0.0,16,14,0.875,1.0714285714285714,0.0,0.0,0.0,0.0,0.0,0.0
SITE0195,2,0.0,1.0,4.0,3.5,Stable,29,0,0.0,46,41,0.8913043478260869,1.8780487804878048,1.0,0.0,0.0,0.0,0.0,0.0
SITE0195,3,1.0,3.0,10.0,11.333333333333334,Stable,38,0,0.0,67,59,0.8805970149253731,2.2033898305084745,5.0,0.0,0.0,1.6,0.0,0.0
SITE0195,4,6.0,0.0,5.0,11.0,Stable,51,2,0.0392156862745098,81,78,0.9629629629629628,2.358974358974359,12.0,1.0,1.0,2.4166666666666665,0.0833333333333333,0.0833333333333333
SITE0195,5,2.0,2.0,5.0,13.0,Stable,48,5,0.1041666666666666,82,76,0.926829268292683,2.1184210526315788,10.0,1.0,1.0,3.0,0.1,0.1
SITE0195,6,2.0,0.0,13.0,0.0,Stable,46,10,0.217391304347826,70,66,0.9428571428571428,1.9848484848484849,10.0,0.0,0.0,1.8,0.0,0.0
SITE0195,7,1.0,1.0,12.0,14.0,Stable,52,12,0.2307692307692307,83,76,0.9156626506024096,2.236842105263158,13.0,0.0,0.0,1.6923076923076923,0.0,0.0
SITE0195,8,2.0,2.0,2.0,0.0,Stable,52,10,0.1923076923076923,85,78,0.9176470588235294,2.230769230769231,14.0,2.0,2.0,2.2142857142857144,0.1428571428571428,0.1428571428571428
SITE0195,9,2.0,0.0,0.0,0.0,Stable,49,8,0.1632653061224489,75,73,0.9733333333333334,1.808219178082192,13.0,0.0,0.0,1.6923076923076923,0.0,0.0
SITE0195,10,0.0,0.0,0.0,8.75,Stable,47,5,0.1063829787234042,75,69,0.92,1.9710144927536235,12.0,2.0,2.0,1.0,0.1666666666666666,0.1666666666666666
SITE0195,11,1.0,1.0,5.5,10.0,Stable,35,4,0.1142857142857142,60,58,0.9666666666666668,2.586206896551724,11.0,1.0,1.0,2.8181818181818183,0.0909090909090909,0.0909090909090909
SITE0195,12,2.0,0.0,1.0,12.0,Stable,25,4,0.16,52,50,0.9615384615384616,2.52,40.0,2.0,2.0,1.725,0.05,0.05
SITE0196,1,3.0,1.0,9.0,12.5,Stable,11,0,0.0,16,15,0.9375,1.6,1.0,0.0,0.0,3.0,0.0,0.0
SITE0196,2,4.0,1.0,0.0,0.0,Stable,15,0,0.0,27,24,0.8888888888888888,1.4583333333333333,3.0,1.0,1.0,0.3333333333333333,0.3333333333333333,0.3333333333333333
SITE0196,3,1.0,0.0,0.0,8.0,Stable,24,0,0.0,45,39,0.8666666666666667,2.3076923076923075,2.0,0.0,0.0,2.5,0.0,0.0
SITE0196,4,1.0,2.0,4.0,0.0,Stable,24,0,0.0,40,38,0.95,2.0789473684210527,6.0,0.0,0.0,2.1666666666666665,0.0,0.0
SITE0196,5,1.0,1.0,4.0,0.0,Stable,33,3,0.0909090909090909,52,48,0.9230769230769232,1.8958333333333333,7.0,0.0,0.0,2.2857142857142856,0.0,0.0
SITE0196,6,3.0,0.0,10.5,11.5,Stable,35,4,0.1142857142857142,57,50,0.8771929824561403,2.66,7.0,0.0,0.0,1.1428571428571428,0.0,0.0
SITE0196,7,1.0,1.0,5.0,0.0,Stable,33,4,0.1212121212121212,57,53,0.9298245614035088,1.981132075471698,5.0,0.0,0.0,2.4,0.0,0.0
SITE0196,8,3.0,2.0,5.0,8.0,Stable,34,2,0.0588235294117647,54,50,0.925925925925926,1.72,8.0,1.0,1.0,2.375,0.125,0.125
SITE0196,9,1.0,0.0,0.0,12.666666666666666,Stable,29,2,0.0689655172413793,47,42,0.8936170212765957,2.071428571428572,11.0,0.0,0.0,1.5454545454545454,0.0,0.0
SITE0196,10,3.0,1.0,1.5,15.0,Stable,32,4,0.125,53,49,0.9245283018867924,2.061224489795918,16.0,2.0,2.0,1.9375,0.125,0.125
SITE0196,11,2.0,1.0,13.0,0.0,Stable,30,4,0.1333333333333333,48,41,0.8541666666666666,2.4878048780487805,16.0,3.0,3.0,1.125,0.1875,0.1875
SITE0196,12,1.0,0.0,1.5,12.333333333333334,Stable,21,7,0.3333333333333333,56,51,0.9107142857142856,1.9019607843137252,28.0,0.0,0.0,1.6428571428571428,0.0,0.0
SITE0197,1,2.0,0.0,8.0,0.0,Stable,11,1,0.0909090909090909,18,16,0.8888888888888888,1.625,0.0,0.0,0.0,0.0,0.0,0.0
SITE0197,2,1.0,2.0,0.0,0.0,Stable,18,2,0.1111111111111111,32,30,0.9375,3.1,2.0,0.0,0.0,4.0,0.0,0.0
SITE0197,3,5.0,1.0,0.0,0.0,Stable,28,7,0.25,49,45,0.9183673469387756,2.0444444444444443,3.0,0.0,0.0,2.333333333333333,0.0,0.0
SITE0197,4,1.0,1.0,5.5,13.0,Stable,38,13,0.3421052631578947,59,56,0.9491525423728814,2.0,5.0,0.0,0.0,1.6,0.0,0.0
SITE0197,5,1.0,1.0,0.0,13.5,Stable,39,20,0.5128205128205128,63,56,0.8888888888888888,1.7678571428571428,5.0,1.0,1.0,3.0,0.2,0.2
SITE0197,6,3.0,2.0,12.0,0.0,Stable,44,15,0.3409090909090909,72,65,0.9027777777777778,1.8461538461538465,12.0,1.0,1.0,1.3333333333333333,0.0833333333333333,0.0833333333333333
SITE0197,7,2.0,2.0,9.5,0.0,Stable,41,11,0.2682926829268293,61,55,0.9016393442622952,2.145454545454545,9.0,0.0,0.0,1.7777777777777777,0.0,0.0
SITE0197,8,2.0,1.0,10.0,0.0,Stable,39,8,0.2051282051282051,64,59,0.921875,2.3728813559322037,9.0,0.0,0.0,2.333333333333333,0.0,0.0
SITE0197,9,0.0,1.0,9.0,0.0,Stable,35,6,0.1714285714285714,54,44,0.8148148148148148,1.9090909090909087,10.0,0.0,0.0,1.8,0.0,0.0
SITE0197,10,3.0,0.0,5.0,17.0,Stable,32,5,0.15625,52,50,0.9615384615384616,1.74,17.0,0.0,0.0,1.8235294117647056,0.0,0.0
SITE0197,11,0.0,1.0,6.0,1.0,Stable,28,2,0.0714285714285714,46,41,0.8913043478260869,2.097560975609756,9.0,0.0,0.0,1.8888888888888888,0.0,0.0
SITE0197,12,3.0,1.0,0.0,10.0,Stable,20,0,0.0,54,47,0.8703703703703703,2.297872340425532,34.0,3.0,3.0,1.6764705882352942,0.088235294117647,0.088235294117647
SITE0198,1,2.0,0.0,0.0,19.0,Stable,8,0,0.0,9,9,1.0,2.111111111111111,0.0,0.0,0.0,0.0,0.0,0.0
SITE0198,2,1.0,1.0,5.333333333333333,0.0,Stable,18,0,0.0,29,28,0.9655172413793104,2.107142857142857,7.0,1.0,1.0,1.0,0.1428571428571428,0.1428571428571428
SITE0198,3,1.0,0.0,1.5,8.0,Stable,26,1,0.0384615384615384,41,40,0.975609756097561,1.725,2.0,1.0,1.0,2.5,0.5,0.5
SITE0198,4,0.0,3.0,6.5,15.0,Stable,37,3,0.081081081081081,58,53,0.913793103448276,1.6226415094339623,5.0,0.0,0.0,1.2,0.0,0.0
SITE0198,5,1.0,0.0,3.5,12.75,Stable,37,5,0.1351351351351351,63,59,0.9365079365079364,2.101694915254237,5.0,0.0,0.0,1.0,0.0,0.0
SITE0198,6,4.0,1.0,12.0,0.0,Stable,36,8,0.2222222222222222,54,51,0.9444444444444444,2.5294117647058822,6.0,0.0,0.0,1.6666666666666667,0.0,0.0
SITE0198,7,3.0,2.0,0.0,10.0,Stable,34,8,0.2352941176470588,56,53,0.9464285714285714,1.7735849056603774,9.0,0.0,0.0,2.0,0.0,0.0
SITE0198,8,1.0,2.0,0.0,0.0,Stable,33,4,0.1212121212121212,51,44,0.8627450980392157,2.1818181818181817,18.0,0.0,0.0,1.0555555555555556,0.0,0.0
SITE0198,9,1.0,1.0,11.0,1.0,Stable,40,7,0.175,66,60,0.9090909090909092,2.283333333333333,14.0,2.0,2.0,1.4285714285714286,0.1428571428571428,0.1428571428571428
SITE0198,10,0.0,0.0,9.0,0.0,Stable,39,4,0.1025641025641025,61,55,0.9016393442622952,2.1272727272727274,19.0,1.0,1.0,1.0,0.0526315789473684,0.0526315789473684
SITE0198,11,2.0,1.0,0.0,1.0,Stable,34,5,0.1470588235294117,56,55,0.9821428571428572,2.290909090909091,6.0,0.0,0.0,1.3333333333333333,0.0,0.0
SITE0198,12,2.0,1.0,0.0,16.0,Stable,21,9,0.4285714285714285,56,53,0.9464285714285714,2.2452830188679247,38.0,1.0,1.0,1.631578947368421,0.0263157894736842,0.0263157894736842
SITE0199,1,2.0,2.0,0.0,17.0,Stable,11,7,0.6363636363636364,15,15,1.0,1.5333333333333334,0.0,0.0,0.0,0.0,0.0,0.0
SITE0199,2,0.0,0.0,3.0,0.0,Stable,22,9,0.4090909090909091,33,30,0.9090909090909092,1.7,2.0,0.0,0.0,1.0,0.0,0.0
SITE0199,3,2.0,1.0,4.0,16.25,Stable,29,11,0.3793103448275862,49,48,0.979591836734694,2.4166666666666665,6.0,0.0,0.0,1.1666666666666667,0.0,0.0
SITE0199,4,3.0,0.0,0.0,1.0,Stable,32,11,0.34375,55,48,0.8727272727272727,1.625,10.0,0.0,0.0,2.4,0.0,0.0
SITE0199,5,1.0,0.0,10.666666666666666,16.0,Stable,35,7,0.2,51,48,0.9411764705882352,2.0,4.0,0.0,0.0,0.75,0.0,0.0
SITE0199,6,1.0,1.0,12.0,6.0,Stable,31,7,0.2258064516129032,46,39,0.8478260869565217,1.641025641025641,8.0,1.0,1.0,2.0,0.125,0.125
SITE0199,7,2.0,1.0,7.0,0.0,Stable,32,9,0.28125,56,51,0.9107142857142856,1.588235294117647,10.0,1.0,1.0,1.2,0.1,0.1
SITE0199,8,3.0,0.0,11.0,2.0,Stable,34,9,0.2647058823529412,49,44,0.8979591836734694,1.8409090909090908,8.0,0.0,0.0,1.0,0.0,0.0
SITE0199,9,2.0,1.0,9.0,0.0,Stable,31,7,0.2258064516129032,46,43,0.9347826086956522,1.8837209302325584,8.0,1.0,1.0,1.875,0.125,0.125
SITE0199,10,4.0,0.0,4.333333333333333,0.0,Stable,29,4,0.1379310344827586,48,46,0.9583333333333334,2.0217391304347827,13.0,0.0,0.0,1.1538461538461535,0.0,0.0
SITE0199,11,3.0,0.0,3.5,18.0,Stable,30,3,0.1,47,44,0.9361702127659576,2.3181818181818183,13.0,0.0,0.0,2.6153846153846154,0.0,0.0
SITE0199,12,1.0,1.0,1.0,12.5,Stable,22,0,0.0,63,56,0.8888888888888888,2.25,36.0,3.0,3.0,1.5555555555555556,0.0833333333333333,0.0833333333333333
SITE0200,1,4.0,4.0,14.0,12.666666666666666,Anomalous,10,2,0.2,15,13,0.8666666666666667,1.9230769230769231,0.0,0.0,0.0,0.0,0.0,0.0
SITE0200,2,2.0,6.0,9.333333333333334,12.0,Anomalous,20,6,0.3,36,33,0.9166666666666666,2.4242424242424243,3.0,0.0,0.0,1.6666666666666667,0.0,0.0
SITE0200,3,6.0,3.0,7.5,13.666666666666666,Anomalous,31,6,0.1935483870967742,50,47,0.94,1.6595744680851063,7.0,0.0,0.0,2.4285714285714284,0.0,0.0
SITE0200,4,9.0,10.0,6.6,13.75,Anomalous,41,5,0.1219512195121951,63,61,0.9682539682539684,2.0327868852459017,4.0,0.0,0.0,1.5,0.0,0.0
SITE0200,5,3.0,5.0,8.25,12.0,Anomalous,38,4,0.1052631578947368,62,56,0.9032258064516128,2.375,8.0,0.0,0.0,1.0,0.0,0.0
SITE0200,6,5.0,1.0,4.4,20.0,Anomalous,41,4,0.0975609756097561,60,54,0.9,1.9074074074074077,10.0,0.0,0.0,1.5,0.0,0.0
SITE0200,7,2.0,4.0,3.333333333333333,12.333333333333334,Anomalous,45,7,0.1555555555555555,73,70,0.958904109589041,2.2142857142857144,17.0,1.0,1.0,1.2941176470588236,0.0588235294117647,0.0588235294117647
SITE0200,8,3.0,0.0,6.0,12.0,Anomalous,54,9,0.1666666666666666,90,79,0.8777777777777778,1.8860759493670889,17.0,0.0,0.0,1.3529411764705883,0.0,0.0
SITE0200,9,3.0,4.0,9.5,11.0,Anomalous,57,12,0.2105263157894736,90,81,0.9,1.7901234567901234,10.0,1.0,1.0,2.0,0.1,0.1
SITE0200,10,1.0,2.0,8.0,10.0,Anomalous,64,12,0.1875,98,87,0.8877551020408163,2.425287356321839,20.0,0.0,0.0,1.5,0.0,0.0
SITE0200,11,7.0,1.0,0.0,12.25,Anomalous,60,7,0.1166666666666666,103,93,0.9029126213592232,2.182795698924731,18.0,2.0,2.0,1.5555555555555556,0.1111111111111111,0.1111111111111111
SITE0200,12,3.0,0.0,0.0,6.0,Anomalous,45,10,0.2222222222222222,136,129,0.9485294117647058,1.930232558139535,67.0,3.0,3.0,1.7014925373134329,0.044776119402985,0.044776119402985
SITE0201,1,8.0,7.0,7.25,10.0,High Risk,2,0,0.0,3,3,1.0,3.0,1.0,0.0,0.0,1.0,0.0,0.0
SITE0201,2,6.0,3.0,6.2,14.0,High Risk,13,0,0.0,19,16,0.8421052631578947,1.375,2.0,0.0,0.0,1.5,0.0,0.0
SITE0201,3,9.0,4.0,9.5,6.333333333333333,High Risk,19,0,0.0,30,27,0.9,2.1481481481481484,3.0,2.0,2.0,2.333333333333333,0.6666666666666666,0.6666666666666666
SITE0201,4,12.0,6.0,7.777777777777778,13.333333333333334,High Risk,26,0,0.0,46,41,0.8913043478260869,1.951219512195122,2.0,0.0,0.0,2.5,0.0,0.0
SITE0201,5,10.0,4.0,8.4,6.857142857142857,High Risk,27,2,0.074074074074074,46,42,0.9130434782608696,2.238095238095238,2.0,0.0,0.0,1.5,0.0,0.0
SITE0201,6,8.0,7.0,12.5,13.2,High Risk,30,3,0.1,46,40,0.8695652173913043,1.4,6.0,0.0,0.0,2.833333333333333,0.0,0.0
SITE0201,7,9.0,7.0,9.5,16.333333333333332,High Risk,29,6,0.2068965517241379,46,43,0.9347826086956522,2.2790697674418605,7.0,1.0,1.0,2.571428571428572,0.1428571428571428,0.1428571428571428
SITE0201,8,4.0,5.0,6.428571428571429,13.6,High Risk,29,4,0.1379310344827586,46,43,0.9347826086956522,2.069767441860465,4.0,0.0,0.0,2.5,0.0,0.0
SITE0201,9,13.0,3.0,7.1,11.25,High Risk,33,3,0.0909090909090909,48,45,0.9375,2.6,11.0,1.0,1.0,0.9090909090909092,0.0909090909090909,0.0909090909090909
SITE0201,10,10.0,3.0,4.666666666666667,13.0,High Risk,33,0,0.0,57,53,0.9298245614035088,2.169811320754717,11.0,2.0,2.0,1.6363636363636365,0.1818181818181818,0.1818181818181818
SITE0201,11,7.0,4.0,7.272727272727272,10.0,High Risk,33,1,0.0303030303030303,53,49,0.9245283018867924,1.7551020408163265,8.0,1.0,1.0,2.625,0.125,0.125
SITE0201,12,11.0,3.0,6.0,8.428571428571429,High Risk,26,5,0.1923076923076923,70,63,0.9,2.7142857142857144,41.0,4.0,4.0,1.3902439024390243,0.0975609756097561,0.0975609756097561
SITE0202,1,1.0,2.0,8.0,12.0,Stable,10,1,0.1,14,12,0.8571428571428571,2.6666666666666665,1.0,0.0,0.0,2.0,0.0,0.0
SITE0202,2,5.0,1.0,2.0,17.0,Stable,23,6,0.2608695652173913,35,33,0.9428571428571428,2.8484848484848486,2.0,0.0,0.0,1.0,0.0,0.0
SITE0202,3,2.0,0.0,0.0,13.0,Stable,38,10,0.2631578947368421,64,57,0.890625,2.43859649122807,8.0,0.0,0.0,1.625,0.0,0.0
SITE0202,4,2.0,0.0,0.0,12.5,Stable,48,13,0.2708333333333333,80,75,0.9375,2.053333333333333,8.0,1.0,1.0,2.125,0.125,0.125
SITE0202,5,1.0,1.0,12.0,13.0,Stable,47,14,0.2978723404255319,75,74,0.9866666666666668,1.9594594594594597,6.0,0.0,0.0,2.0,0.0,0.0
SITE0202,6,1.0,0.0,0.0,0.0,Stable,41,9,0.2195121951219512,63,57,0.9047619047619048,2.456140350877193,5.0,0.0,0.0,2.2,0.0,0.0
SITE0202,7,0.0,1.0,0.0,0.0,Stable,40,11,0.275,67,60,0.8955223880597015,1.75,10.0,1.0,1.0,1.4,0.1,0.1
SITE0202,8,3.0,0.0,1.0,8.0,Stable,43,11,0.2558139534883721,70,62,0.8857142857142857,2.5806451612903225,15.0,0.0,0.0,1.5333333333333334,0.0,0.0
SITE0202,9,0.0,3.0,10.5,9.5,Stable,46,13,0.2826086956521739,70,63,0.9,1.619047619047619,12.0,0.0,0.0,1.1666666666666667,0.0,0.0
SITE0202,10,1.0,1.0,10.5,0.0,Stable,49,11,0.2244897959183673,76,67,0.881578947368421,2.4029850746268657,16.0,1.0,1.0,1.375,0.0625,0.0625
SITE0202,11,3.0,1.0,0.0,7.0,Stable,48,10,0.2083333333333333,78,70,0.8974358974358975,1.9142857142857144,18.0,0.0,0.0,3.388888888888889,0.0,0.0
SITE0202,12,2.0,2.0,0.0,8.5,Stable,33,5,0.1515151515151515,88,80,0.9090909090909092,2.3125,53.0,3.0,3.0,1.849056603773585,0.0566037735849056,0.0566037735849056
SITE0203,1,2.0,0.0,0.0,3.0,Deteriorating,6,0,0.0,9,8,0.8888888888888888,1.5,1.0,0.0,0.0,5.0,0.0,0.0
SITE0203,2,2.0,0.0,14.0,0.0,Deteriorating,16,0,0.0,26,23,0.8846153846153846,1.9130434782608696,2.0,0.0,0.0,2.0,0.0,0.0
SITE0203,3,1.0,2.0,13.0,17.0,Deteriorating,20,3,0.15,33,31,0.9393939393939394,2.0,3.0,0.0,0.0,2.6666666666666665,0.0,0.0
SITE0203,4,0.0,1.0,8.0,18.0,Deteriorating,34,4,0.1176470588235294,50,45,0.9,2.4,3.0,0.0,0.0,2.0,0.0,0.0
SITE0203,5,3.0,2.0,7.0,0.0,Deteriorating,31,6,0.1935483870967742,50,43,0.86,2.2093023255813957,3.0,0.0,0.0,2.333333333333333,0.0,0.0
SITE0203,6,1.0,3.0,0.0,11.0,Deteriorating,27,3,0.1111111111111111,43,38,0.8837209302325582,2.1578947368421053,11.0,1.0,1.0,1.818181818181818,0.0909090909090909,0.0909090909090909
SITE0203,7,9.0,2.0,10.0,12.0,Deteriorating,28,2,0.0714285714285714,40,36,0.9,1.5277777777777777,7.0,1.0,1.0,2.4285714285714284,0.1428571428571428,0.1428571428571428
SITE0203,8,5.0,5.0,8.666666666666666,15.5,Deteriorating,20,1,0.05,36,35,0.9722222222222222,1.7428571428571429,10.0,0.0,0.0,1.7,0.0,0.0
SITE0203,9,6.0,3.0,6.0,15.0,Deteriorating,25,2,0.08,44,42,0.9545454545454546,1.809523809523809,14.0,1.0,1.0,1.7857142857142858,0.0714285714285714,0.0714285714285714
SITE0203,10,5.0,3.0,9.666666666666666,0.0,Deteriorating,25,1,0.04,36,33,0.9166666666666666,1.5757575757575757,7.0,0.0,0.0,3.0,0.0,0.0
SITE0203,11,7.0,5.0,11.333333333333334,11.142857142857142,Deteriorating,29,4,0.1379310344827586,52,51,0.9807692307692308,2.1372549019607843,13.0,0.0,0.0,1.1538461538461535,0.0,0.0
SITE0203,12,4.0,2.0,8.666666666666666,13.0,Deteriorating,24,4,0.1666666666666666,67,59,0.8805970149253731,2.2711864406779663,36.0,3.0,3.0,2.0,0.0833333333333333,0.0833333333333333
SITE0204,1,1.0,0.0,3.0,0.0,Deteriorating,6,0,0.0,10,10,1.0,2.3,0.0,0.0,0.0,0.0,0.0,0.0
SITE0204,2,1.0,1.0,2.333333333333333,10.0,Deteriorating,15,0,0.0,24,22,0.9166666666666666,2.090909090909091,1.0,0.0,0.0,4.0,0.0,0.0
SITE0204,3,1.0,1.0,4.5,0.0,Deteriorating,26,0,0.0,44,36,0.8181818181818182,2.2777777777777777,7.0,0.0,0.0,2.4285714285714284,0.0,0.0
SITE0204,4,4.0,0.0,2.5,6.0,Deteriorating,32,2,0.0625,54,52,0.9629629629629628,2.269230769230769,8.0,0.0,0.0,0.875,0.0,0.0
SITE0204,5,2.0,2.0,8.0,0.0,Deteriorating,33,5,0.1515151515151515,54,48,0.8888888888888888,1.6666666666666667,12.0,0.0,0.0,2.083333333333333,0.0,0.0
SITE0204,6,1.0,2.0,6.5,13.0,Deteriorating,35,5,0.1428571428571428,57,54,0.9473684210526316,2.351851851851852,6.0,0.0,0.0,1.8333333333333333,0.0,0.0
SITE0204,7,3.0,3.0,2.0,13.5,Deteriorating,36,8,0.2222222222222222,60,56,0.9333333333333332,1.8928571428571428,8.0,0.0,0.0,1.625,0.0,0.0
SITE0204,8,4.0,4.0,8.25,9.75,Deteriorating,36,3,0.0833333333333333,60,52,0.8666666666666667,2.519230769230769,9.0,1.0,1.0,3.2222222222222223,0.1111111111111111,0.1111111111111111
SITE0204,9,5.0,2.0,5.4,11.8,Deteriorating,33,7,0.2121212121212121,54,49,0.9074074074074074,2.3877551020408165,9.0,0.0,0.0,0.6666666666666666,0.0,0.0
SITE0204,10,9.0,7.0,10.25,10.8,Deteriorating,35,11,0.3142857142857143,57,55,0.9649122807017544,2.727272727272727,12.0,0.0,0.0,2.083333333333333,0.0,0.0
SITE0204,11,4.0,4.0,9.5,11.75,Deteriorating,37,12,0.3243243243243243,62,54,0.8709677419354839,1.7037037037037035,15.0,0.0,0.0,1.7333333333333334,0.0,0.0
SITE0204,12,4.0,4.0,5.0,11.5,Deteriorating,27,13,0.4814814814814814,82,76,0.926829268292683,2.4342105263157894,40.0,1.0,1.0,1.625,0.025,0.025
SITE0205,1,2.0,3.0,10.0,12.0,Stable,11,3,0.2727272727272727,15,15,1.0,1.8,0.0,0.0,0.0,0.0,0.0,0.0
SITE0205,2,5.0,1.0,14.0,20.0,Stable,19,4,0.2105263157894736,29,28,0.9655172413793104,2.7857142857142856,4.0,0.0,0.0,2.0,0.0,0.0
SITE0205,3,2.0,2.0,4.0,7.0,Stable,23,9,0.391304347826087,38,36,0.9473684210526316,2.388888888888889,4.0,0.0,0.0,2.5,0.0,0.0
SITE0205,4,0.0,0.0,0.0,12.0,Stable,30,11,0.3666666666666666,47,45,0.9574468085106383,2.066666666666667,6.0,1.0,1.0,1.3333333333333333,0.1666666666666666,0.1666666666666666
SITE0205,5,3.0,0.0,0.0,15.0,Stable,30,10,0.3333333333333333,52,50,0.9615384615384616,1.66,3.0,0.0,0.0,0.3333333333333333,0.0,0.0
SITE0205,6,1.0,1.0,0.0,0.0,Stable,33,8,0.2424242424242424,48,43,0.8958333333333334,1.7906976744186047,4.0,0.0,0.0,0.5,0.0,0.0
SITE0205,7,0.0,2.0,10.0,5.0,Stable,37,9,0.2432432432432432,58,55,0.9482758620689656,2.0,9.0,1.0,1.0,2.111111111111111,0.1111111111111111,0.1111111111111111
SITE0205,8,3.0,2.0,8.333333333333334,0.0,Stable,31,6,0.1935483870967742,51,46,0.9019607843137256,2.108695652173913,11.0,0.0,0.0,1.818181818181818,0.0,0.0
SITE0205,9,1.0,1.0,12.0,6.0,Stable,32,4,0.125,52,45,0.8653846153846154,2.2222222222222223,8.0,1.0,1.0,1.75,0.125,0.125
SITE0205,10,3.0,2.0,1.0,0.0,Stable,31,2,0.064516129032258,50,45,0.9,2.422222222222222,11.0,0.0,0.0,1.6363636363636365,0.0,0.0
SITE0205,11,4.0,0.0,5.0,11.5,Stable,30,2,0.0666666666666666,51,48,0.9411764705882352,1.7083333333333333,10.0,1.0,1.0,2.1,0.1,0.1
SITE0205,12,2.0,1.0,0.0,0.0,Stable,22,4,0.1818181818181818,67,62,0.9253731343283582,2.161290322580645,42.0,1.0,1.0,1.3571428571428572,0.0238095238095238,0.0238095238095238
SITE0206,1,7.0,9.0,6.0,6.5,High Risk,10,0,0.0,14,13,0.9285714285714286,2.0,1.0,0.0,0.0,0.0,0.0,0.0
SITE0206,2,4.0,7.0,4.0,14.0,High Risk,15,1,0.0666666666666666,24,21,0.875,2.952380952380953,4.0,2.0,2.0,1.0,0.5,0.5
SITE0206,3,9.0,5.0,3.0,7.333333333333333,High Risk,25,2,0.08,43,40,0.9302325581395348,2.575,3.0,0.0,0.0,2.0,0.0,0.0
SITE0206,4,9.0,1.0,8.2,9.75,High Risk,30,6,0.2,50,48,0.96,2.5416666666666665,5.0,0.0,0.0,1.2,0.0,0.0
SITE0206,5,4.0,3.0,8.571428571428571,9.375,High Risk,26,5,0.1923076923076923,40,36,0.9,2.4722222222222223,8.0,0.0,0.0,1.625,0.0,0.0
SITE0206,6,10.0,4.0,8.285714285714286,11.5,High Risk,26,9,0.3461538461538461,40,39,0.975,2.2051282051282053,5.0,0.0,0.0,2.0,0.0,0.0
SITE0206,7,12.0,5.0,7.142857142857143,15.5,High Risk,24,9,0.375,37,35,0.945945945945946,1.9142857142857144,1.0,0.0,0.0,3.0,0.0,0.0
SITE0206,8,12.0,1.0,7.0,2.0,High Risk,25,7,0.28,37,35,0.945945945945946,1.8571428571428568,10.0,1.0,1.0,1.1,0.1,0.1
SITE0206,9,7.0,6.0,9.333333333333334,13.25,High Risk,24,4,0.1666666666666666,36,33,0.9166666666666666,2.636363636363636,5.0,1.0,1.0,2.0,0.2,0.2
SITE0206,10,5.0,3.0,8.857142857142858,10.0,High Risk,29,7,0.2413793103448276,49,47,0.9591836734693876,1.9361702127659572,1.0,0.0,0.0,2.0,0.0,0.0
SITE0206,11,4.0,8.0,7.545454545454546,9.75,High Risk,27,9,0.3333333333333333,44,40,0.9090909090909092,2.05,14.0,0.0,0.0,1.7142857142857142,0.0,0.0
SITE0206,12,8.0,5.0,7.285714285714286,10.666666666666666,High Risk,22,19,0.8636363636363636,66,62,0.9393939393939394,2.2096774193548385,24.0,4.0,4.0,1.7083333333333333,0.1666666666666666,0.1666666666666666
SITE0207,1,5.0,2.0,10.166666666666666,13.666666666666666,High Risk,9,0,0.0,12,12,1.0,1.9166666666666667,1.0,1.0,1.0,0.0,1.0,1.0
SITE0207,2,8.0,5.0,3.8333333333333335,13.857142857142858,High Risk,24,1,0.0416666666666666,37,33,0.8918918918918919,2.636363636363636,4.0,0.0,0.0,0.25,0.0,0.0
SITE0207,3,11.0,5.0,7.375,8.25,High Risk,36,5,0.1388888888888889,59,53,0.8983050847457628,2.358490566037736,7.0,0.0,0.0,2.0,0.0,0.0
SITE0207,4,4.0,3.0,8.222222222222221,15.166666666666666,High Risk,45,5,0.1111111111111111,71,69,0.971830985915493,2.9565217391304346,7.0,0.0,0.0,2.2857142857142856,0.0,0.0
SITE0207,5,4.0,2.0,8.5,0.0,High Risk,47,12,0.2553191489361702,74,70,0.945945945945946,2.3,10.0,0.0,0.0,2.5,0.0,0.0
SITE0207,6,9.0,4.0,9.166666666666666,10.916666666666666,High Risk,44,11,0.25,64,59,0.921875,2.2203389830508478,12.0,1.0,1.0,2.583333333333333,0.0833333333333333,0.0833333333333333
SITE0207,7,9.0,4.0,9.0,11.8,High Risk,44,10,0.2272727272727272,70,64,0.9142857142857144,1.96875,17.0,3.0,3.0,1.8823529411764703,0.1764705882352941,0.1764705882352941
SITE0207,8,7.0,6.0,6.571428571428571,9.833333333333334,High Risk,44,5,0.1136363636363636,69,63,0.9130434782608696,2.0,11.0,0.0,0.0,1.818181818181818,0.0,0.0
SITE0207,9,8.0,5.0,4.2,10.25,High Risk,40,4,0.1,67,61,0.9104477611940298,2.1475409836065573,10.0,0.0,0.0,1.7,0.0,0.0
SITE0207,10,7.0,5.0,5.4,6.833333333333333,High Risk,40,4,0.1,65,62,0.953846153846154,2.370967741935484,9.0,0.0,0.0,1.6666666666666667,0.0,0.0
SITE0207,11,10.0,6.0,8.5,13.6,High Risk,37,7,0.1891891891891892,59,54,0.9152542372881356,2.537037037037037,17.0,1.0,1.0,2.4705882352941178,0.0588235294117647,0.0588235294117647
SITE0207,12,4.0,6.0,8.5,6.0,High Risk,28,14,0.5,85,72,0.8470588235294118,2.263888888888889,49.0,3.0,3.0,1.5510204081632653,0.0612244897959183,0.0612244897959183
SITE0208,1,2.0,1.0,0.0,0.0,Stable,9,4,0.4444444444444444,11,10,0.9090909090909092,2.3,0.0,0.0,0.0,0.0,0.0,0.0
SITE0208,2,1.0,1.0,0.0,0.0,Stable,25,8,0.32,35,31,0.8857142857142857,1.870967741935484,4.0,0.0,0.0,3.0,0.0,0.0
SITE0208,3,1.0,2.0,0.0,10.0,Stable,41,11,0.2682926829268293,69,61,0.8840579710144928,2.360655737704918,3.0,0.0,0.0,2.6666666666666665,0.0,0.0
SITE0208,4,2.0,0.0,10.0,2.0,Stable,50,8,0.16,86,79,0.9186046511627908,2.037974683544304,7.0,0.0,0.0,1.8571428571428568,0.0,0.0
SITE0208,5,0.0,0.0,5.0,1.0,Stable,54,7,0.1296296296296296,88,84,0.9545454545454546,2.1666666666666665,14.0,0.0,0.0,2.5,0.0,0.0
SITE0208,6,2.0,1.0,7.75,14.5,Stable,52,5,0.0961538461538461,79,73,0.9240506329113924,1.7397260273972603,14.0,0.0,0.0,1.8571428571428568,0.0,0.0
SITE0208,7,0.0,0.0,3.0,6.0,Stable,51,5,0.0980392156862745,80,70,0.875,2.0142857142857142,11.0,1.0,1.0,1.3636363636363635,0.0909090909090909,0.0909090909090909
SITE0208,8,1.0,0.0,0.0,0.0,Stable,50,8,0.16,78,73,0.935897435897436,2.315068493150685,14.0,2.0,2.0,1.5,0.1428571428571428,0.1428571428571428
SITE0208,9,2.0,0.0,1.0,7.0,Stable,52,5,0.0961538461538461,83,73,0.8795180722891566,2.2054794520547945,15.0,0.0,0.0,2.066666666666667,0.0,0.0
SITE0208,10,2.0,2.0,8.0,14.666666666666666,Stable,46,10,0.217391304347826,70,64,0.9142857142857144,2.03125,14.0,0.0,0.0,1.1428571428571428,0.0,0.0
SITE0208,11,0.0,0.0,8.5,11.5,Stable,44,11,0.25,73,67,0.9178082191780822,2.298507462686567,9.0,0.0,0.0,2.111111111111111,0.0,0.0
SITE0208,12,7.0,0.0,7.0,19.0,Stable,32,8,0.25,82,76,0.926829268292683,2.3421052631578947,45.0,5.0,5.0,1.9333333333333331,0.1111111111111111,0.1111111111111111
SITE0209,1,1.0,2.0,6.0,10.0,Stable,9,0,0.0,12,11,0.9166666666666666,1.818181818181818,2.0,0.0,0.0,3.0,0.0,0.0
SITE0209,2,2.0,0.0,0.0,14.0,Stable,23,1,0.0434782608695652,34,33,0.9705882352941176,1.9090909090909087,4.0,0.0,0.0,3.0,0.0,0.0
SITE0209,3,0.0,0.0,4.0,1.0,Stable,35,5,0.1428571428571428,57,51,0.8947368421052632,2.1372549019607843,7.0,1.0,1.0,2.857142857142857,0.1428571428571428,0.1428571428571428
SITE0209,4,2.0,3.0,2.0,20.0,Stable,44,6,0.1363636363636363,77,71,0.922077922077922,2.3943661971830985,6.0,1.0,1.0,2.6666666666666665,0.1666666666666666,0.1666666666666666
SITE0209,5,1.0,2.0,12.0,0.0,Stable,36,6,0.1666666666666666,60,53,0.8833333333333333,1.679245283018868,4.0,0.0,0.0,0.75,0.0,0.0
SITE0209,6,2.0,0.0,0.0,10.0,Stable,34,5,0.1470588235294117,48,44,0.9166666666666666,2.4545454545454546,10.0,1.0,1.0,1.2,0.1,0.1
SITE0209,7,1.0,3.0,14.0,0.0,Stable,34,10,0.2941176470588235,53,45,0.8490566037735849,2.2888888888888888,11.0,0.0,0.0,1.6363636363636365,0.0,0.0
SITE0209,8,3.0,1.0,11.0,11.0,Stable,33,13,0.3939393939393939,52,46,0.8846153846153846,2.0,15.0,2.0,2.0,1.8,0.1333333333333333,0.1333333333333333
SITE0209,9,2.0,2.0,6.0,9.333333333333334,Stable,34,10,0.2941176470588235,58,51,0.8793103448275862,1.8235294117647056,9.0,0.0,0.0,1.4444444444444444,0.0,0.0
SITE0209,10,2.0,2.0,9.5,4.0,Stable,32,7,0.21875,51,50,0.9803921568627452,2.42,12.0,0.0,0.0,1.5,0.0,0.0
SITE0209,11,1.0,5.0,14.0,0.0,Stable,32,4,0.125,54,48,0.8888888888888888,2.020833333333333,10.0,0.0,0.0,1.5,0.0,0.0
SITE0209,12,4.0,0.0,7.0,15.0,Stable,23,11,0.4782608695652174,68,61,0.8970588235294118,2.344262295081968,38.0,4.0,4.0,2.1842105263157894,0.1052631578947368,0.1052631578947368
SITE0210,1,3.0,2.0,11.0,0.0,Stable,12,2,0.1666666666666666,17,16,0.9411764705882352,2.375,2.0,0.0,0.0,4.0,0.0,0.0
SITE0210,2,0.0,0.0,0.0,0.0,,22,6,0.2727272727272727,37,36,0.972972972972973,2.4444444444444446,3.0,1.0,1.0,2.0,0.3333333333333333,0.3333333333333333
SITE0210,3,0.0,2.0,4.0,7.25,Stable,28,8,0.2857142857142857,47,43,0.9148936170212766,1.6511627906976745,2.0,1.0,1.0,3.5,0.5,0.5
SITE0210,4,2.0,2.0,0.0,3.0,Stable,28,9,0.3214285714285714,41,38,0.926829268292683,2.0526315789473686,3.0,0.0,0.0,1.0,0.0,0.0
SITE0210,5,1.0,0.0,14.0,9.0,Stable,27,7,0.2592592592592592,40,38,0.95,2.5,5.0,0.0,0.0,0.6,0.0,0.0
SITE0210,6,0.0,1.0,0.0,0.0,Stable,33,11,0.3333333333333333,58,53,0.913793103448276,1.660377358490566,8.0,1.0,1.0,2.875,0.125,0.125
SITE0210,7,0.0,1.0,8.333333333333334,0.0,Stable,41,9,0.2195121951219512,70,62,0.8857142857142857,2.161290322580645,13.0,0.0,0.0,2.076923076923077,0.0,0.0
SITE0210,8,0.0,1.0,6.0,0.0,Stable,41,5,0.1219512195121951,68,58,0.8529411764705882,2.0,11.0,1.0,1.0,1.9090909090909087,0.0909090909090909,0.0909090909090909
SITE0210,9,0.0,3.0,4.0,8.0,Stable,40,3,0.075,63,59,0.9365079365079364,1.7966101694915255,6.0,1.0,1.0,1.5,0.1666666666666666,0.1666666666666666
SITE0210,10,0.0,0.0,10.0,17.0,Stable,39,4,0.1025641025641025,60,55,0.9166666666666666,2.327272727272727,9.0,0.0,0.0,1.4444444444444444,0.0,0.0
SITE0210,11,3.0,5.0,10.0,0.0,Stable,34,8,0.2352941176470588,57,51,0.8947368421052632,1.9215686274509804,12.0,1.0,1.0,1.9166666666666667,0.0833333333333333,0.0833333333333333
SITE0210,12,1.0,2.0,4.0,0.0,Stable,27,12,0.4444444444444444,66,62,0.9393939393939394,1.9516129032258065,38.0,3.0,3.0,1.6842105263157894,0.0789473684210526,0.0789473684210526
SITE0211,1,3.0,2.0,2.0,0.0,Stable,13,0,0.0,20,16,0.8,0.6875,0.0,0.0,0.0,0.0,0.0,0.0
SITE0211,2,0.0,1.0,6.0,0.0,Stable,26,0,0.0,42,35,0.8333333333333334,3.085714285714286,3.0,0.0,0.0,1.0,0.0,0.0
SITE0211,3,1.0,1.0,5.5,6.5,Stable,31,1,0.032258064516129,53,51,0.9622641509433962,1.9411764705882355,10.0,0.0,0.0,1.7,0.0,0.0
SITE0211,4,2.0,0.0,4.0,0.0,Stable,36,6,0.1666666666666666,63,56,0.8888888888888888,2.2857142857142856,10.0,0.0,0.0,2.5,0.0,0.0
SITE0211,5,1.0,0.0,6.0,12.0,Stable,35,7,0.2,50,47,0.94,1.9787234042553192,9.0,0.0,0.0,1.5555555555555556,0.0,0.0
SITE0211,6,1.0,1.0,0.0,0.0,Stable,32,9,0.28125,52,52,1.0,2.1538461538461537,9.0,0.0,0.0,1.1111111111111112,0.0,0.0
SITE0211,7,2.0,0.0,12.0,5.0,Stable,38,5,0.131578947368421,64,63,0.984375,2.4761904761904763,9.0,0.0,0.0,1.7777777777777777,0.0,0.0
SITE0211,8,3.0,2.0,1.0,0.0,Stable,39,3,0.0769230769230769,56,54,0.9642857142857144,1.7037037037037035,13.0,1.0,1.0,1.6923076923076923,0.0769230769230769,0.0769230769230769
SITE0211,9,2.0,0.0,12.0,15.666666666666666,Stable,38,3,0.0789473684210526,63,59,0.9365079365079364,2.8983050847457625,6.0,0.0,0.0,1.5,0.0,0.0
SITE0211,10,1.0,4.0,6.0,12.0,Stable,40,5,0.125,64,60,0.9375,1.8833333333333333,13.0,2.0,2.0,2.4615384615384617,0.1538461538461538,0.1538461538461538
SITE0211,11,2.0,0.0,5.0,10.0,Stable,39,4,0.1025641025641025,61,55,0.9016393442622952,1.8363636363636364,5.0,0.0,0.0,3.2,0.0,0.0
SITE0211,12,0.0,1.0,7.5,0.0,Stable,24,5,0.2083333333333333,72,69,0.9583333333333334,2.3768115942028984,44.0,2.0,2.0,1.9545454545454544,0.0454545454545454,0.0454545454545454
SITE0212,1,1.0,3.0,14.0,0.0,Stable,7,0,0.0,10,9,0.9,1.0,0.0,0.0,0.0,0.0,0.0,0.0
SITE0212,2,1.0,1.0,7.0,3.0,Stable,13,2,0.1538461538461538,22,16,0.7272727272727273,1.9375,1.0,0.0,0.0,1.0,0.0,0.0
SITE0212,3,1.0,1.0,0.0,11.0,Stable,23,5,0.217391304347826,36,34,0.9444444444444444,2.0,1.0,0.0,0.0,4.0,0.0,0.0
SITE0212,4,0.0,1.0,5.0,13.0,Stable,26,8,0.3076923076923077,43,41,0.9534883720930232,2.1219512195121952,4.0,0.0,0.0,1.0,0.0,0.0
SITE0212,5,1.0,1.0,2.0,0.0,Stable,36,13,0.3611111111111111,59,54,0.9152542372881356,2.351851851851852,3.0,0.0,0.0,0.3333333333333333,0.0,0.0
SITE0212,6,0.0,1.0,9.0,18.0,Stable,33,9,0.2727272727272727,46,43,0.9347826086956522,1.5813953488372092,12.0,1.0,1.0,1.75,0.0833333333333333,0.0833333333333333
SITE0212,7,2.0,0.0,0.0,4.0,Stable,31,8,0.2580645161290322,56,51,0.9107142857142856,2.294117647058824,7.0,0.0,0.0,2.2857142857142856,0.0,0.0
SITE0212,8,0.0,1.0,5.0,7.0,Stable,33,7,0.2121212121212121,50,46,0.92,2.1956521739130435,9.0,0.0,0.0,1.3333333333333333,0.0,0.0
SITE0212,9,4.0,0.0,0.0,6.0,Stable,26,8,0.3076923076923077,40,39,0.975,2.333333333333333,10.0,0.0,0.0,1.0,0.0,0.0
SITE0212,10,4.0,1.0,4.5,7.5,Stable,30,12,0.4,44,41,0.9318181818181818,2.0,9.0,0.0,0.0,1.5555555555555556,0.0,0.0
SITE0212,11,1.0,1.0,11.0,11.0,Stable,29,12,0.4137931034482758,46,43,0.9347826086956522,1.9069767441860463,10.0,0.0,0.0,1.6,0.0,0.0
SITE0212,12,0.0,1.0,10.5,0.0,Stable,19,12,0.631578947368421,58,54,0.9310344827586208,2.0,31.0,4.0,4.0,1.935483870967742,0.1290322580645161,0.1290322580645161
SITE0213,1,9.0,1.0,10.166666666666666,9.307692307692308,High Risk,11,1,0.0909090909090909,15,14,0.9333333333333332,2.071428571428572,0.0,0.0,0.0,0.0,0.0,0.0
SITE0213,2,9.0,7.0,7.125,12.0,High Risk,22,3,0.1363636363636363,34,28,0.8235294117647058,2.392857142857143,1.0,0.0,0.0,2.0,0.0,0.0
SITE0213,3,7.0,6.0,9.6,11.166666666666666,High Risk,37,4,0.1081081081081081,60,57,0.95,2.631578947368421,5.0,0.0,0.0,2.2,0.0,0.0
SITE0213,4,7.0,5.0,7.111111111111111,13.5,High Risk,51,8,0.1568627450980392,82,80,0.975609756097561,1.8375,4.0,0.0,0.0,1.0,0.0,0.0
SITE0213,5,6.0,6.0,7.6,7.125,High Risk,53,6,0.1132075471698113,91,84,0.9230769230769232,1.738095238095238,7.0,0.0,0.0,1.2857142857142858,0.0,0.0
SITE0213,6,10.0,6.0,10.0,12.5,High Risk,53,9,0.1698113207547169,81,75,0.925925925925926,2.28,13.0,0.0,0.0,1.3076923076923077,0.0,0.0
SITE0213,7,14.0,10.0,5.25,6.666666666666667,High Risk,52,9,0.173076923076923,84,75,0.8928571428571429,2.36,16.0,2.0,2.0,1.75,0.125,0.125
SITE0213,8,10.0,5.0,10.285714285714286,5.0,High Risk,46,9,0.1956521739130435,75,66,0.88,2.4393939393939394,11.0,0.0,0.0,1.4545454545454546,0.0,0.0
SITE0213,9,8.0,2.0,9.833333333333334,14.5,High Risk,48,12,0.25,81,74,0.9135802469135802,2.391891891891892,17.0,2.0,2.0,1.5294117647058822,0.1176470588235294,0.1176470588235294
SITE0213,10,10.0,4.0,7.0,12.4,High Risk,43,10,0.2325581395348837,71,66,0.9295774647887324,2.378787878787879,16.0,2.0,2.0,2.1875,0.125,0.125
SITE0213,11,10.0,3.0,6.666666666666667,11.25,High Risk,44,5,0.1136363636363636,67,64,0.9552238805970148,1.8125,12.0,0.0,0.0,2.75,0.0,0.0
SITE0213,12,7.0,4.0,8.4,11.0,High Risk,36,2,0.0555555555555555,111,98,0.8828828828828829,2.377551020408163,54.0,4.0,4.0,2.4444444444444446,0.074074074074074,0.074074074074074
SITE0214,1,1.0,0.0,0.0,4.0,Stable,4,0,0.0,6,6,1.0,1.6666666666666667,2.0,0.0,0.0,1.0,0.0,0.0
SITE0214,2,0.0,4.0,0.0,0.0,Stable,12,2,0.1666666666666666,19,17,0.8947368421052632,1.2352941176470589,1.0,0.0,0.0,1.0,0.0,0.0
SITE0214,3,2.0,3.0,9.5,19.0,Stable,19,4,0.2105263157894736,32,32,1.0,2.21875,3.0,0.0,0.0,2.333333333333333,0.0,0.0
SITE0214,4,4.0,0.0,7.0,0.0,Stable,26,5,0.1923076923076923,42,40,0.9523809523809524,2.05,5.0,0.0,0.0,2.2,0.0,0.0
SITE0214,5,3.0,1.0,11.0,5.0,Stable,30,7,0.2333333333333333,46,45,0.9782608695652174,1.488888888888889,4.0,1.0,1.0,1.5,0.25,0.25
SITE0214,6,1.0,2.0,0.0,0.0,Stable,31,11,0.3548387096774194,50,47,0.94,2.25531914893617,4.0,0.0,0.0,0.5,0.0,0.0
SITE0214,7,1.0,1.0,0.0,9.0,Stable,26,10,0.3846153846153846,43,37,0.8604651162790697,2.2432432432432434,5.0,0.0,0.0,1.4,0.0,0.0
SITE0214,8,0.0,0.0,11.0,0.0,Stable,34,6,0.1764705882352941,58,52,0.896551724137931,2.576923076923077,9.0,2.0,2.0,1.4444444444444444,0.2222222222222222,0.2222222222222222
SITE0214,9,0.0,0.0,8.333333333333334,15.0,Stable,38,12,0.3157894736842105,61,58,0.9508196721311476,2.310344827586207,13.0,0.0,0.0,2.8461538461538463,0.0,0.0
SITE0214,10,0.0,0.0,3.333333333333333,8.75,Stable,37,14,0.3783783783783784,64,59,0.921875,2.457627118644068,14.0,0.0,0.0,1.5,0.0,0.0
SITE0214,11,1.0,1.0,0.0,16.0,Stable,30,13,0.4333333333333333,48,46,0.9583333333333334,2.108695652173913,12.0,1.0,1.0,1.4166666666666667,0.0833333333333333,0.0833333333333333
SITE0214,12,2.0,1.0,4.0,6.0,Stable,18,12,0.6666666666666666,41,38,0.926829268292683,1.947368421052632,44.0,3.0,3.0,2.136363636363636,0.0681818181818181,0.0681818181818181
SITE0215,1,5.0,1.0,0.0,0.0,Stable,3,0,0.0,4,3,0.75,3.6666666666666665,1.0,0.0,0.0,2.0,0.0,0.0
SITE0215,2,2.0,1.0,0.0,19.0,Stable,16,1,0.0625,25,22,0.88,2.4545454545454546,0.0,0.0,0.0,0.0,0.0,0.0
SITE0215,3,1.0,0.0,0.0,0.0,Stable,19,1,0.0526315789473684,34,31,0.9117647058823528,2.6129032258064515,5.0,0.0,0.0,2.0,0.0,0.0
SITE0215,4,0.0,0.0,0.0,8.0,Stable,27,2,0.074074074074074,42,38,0.9047619047619048,1.605263157894737,8.0,1.0,1.0,3.875,0.125,0.125
SITE0215,5,1.0,1.0,8.5,8.5,Stable,29,2,0.0689655172413793,43,36,0.8372093023255814,1.9444444444444444,2.0,0.0,0.0,2.5,0.0,0.0
SITE0215,6,0.0,0.0,5.0,0.0,Stable,26,0,0.0,43,43,1.0,1.9069767441860463,5.0,0.0,0.0,2.0,0.0,0.0
SITE0215,7,2.0,0.0,2.5,16.0,Stable,29,0,0.0,49,46,0.9387755102040816,1.5,5.0,1.0,1.0,3.4,0.2,0.2
SITE0215,8,0.0,2.0,0.0,0.0,Stable,29,1,0.0344827586206896,44,40,0.9090909090909092,2.05,6.0,0.0,0.0,0.8333333333333334,0.0,0.0
SITE0215,9,0.0,0.0,9.0,6.666666666666667,Stable,31,2,0.064516129032258,49,46,0.9387755102040816,2.239130434782609,8.0,0.0,0.0,1.75,0.0,0.0
SITE0215,10,6.0,0.0,0.0,0.0,Stable,30,6,0.2,50,48,0.96,2.520833333333333,3.0,0.0,0.0,0.3333333333333333,0.0,0.0
SITE0215,11,1.0,1.0,14.0,12.0,Stable,31,6,0.1935483870967742,51,51,1.0,2.450980392156863,16.0,0.0,0.0,1.5,0.0,0.0
SITE0215,12,2.0,2.0,9.0,7.0,Stable,22,3,0.1363636363636363,64,59,0.921875,1.8983050847457628,38.0,0.0,0.0,1.4736842105263157,0.0,0.0
SITE0216,1,9.0,8.0,9.166666666666666,11.0,High Risk,10,0,0.0,14,13,0.9285714285714286,2.076923076923077,1.0,0.0,0.0,0.0,0.0,0.0
SITE0216,2,7.0,7.0,7.666666666666667,8.428571428571429,High Risk,18,2,0.1111111111111111,30,30,1.0,1.0666666666666669,4.0,1.0,1.0,1.25,0.25,0.25
SITE0216,3,4.0,3.0,7.6,9.0,High Risk,26,2,0.0769230769230769,45,42,0.9333333333333332,2.642857142857143,2.0,0.0,0.0,0.5,0.0,0.0
SITE0216,4,13.0,4.0,8.0,12.6,High Risk,33,1,0.0303030303030303,50,49,0.98,1.8571428571428568,4.0,1.0,1.0,0.75,0.25,0.25
SITE0216,5,11.0,1.0,8.444444444444445,5.666666666666667,High Risk,25,1,0.04,36,32,0.8888888888888888,2.09375,12.0,0.0,0.0,1.25,0.0,0.0
SITE0216,6,7.0,4.0,6.3,13.0,High Risk,27,1,0.037037037037037,37,37,1.0,2.324324324324324,5.0,2.0,2.0,1.0,0.4,0.4
SITE0216,7,5.0,5.0,10.166666666666666,16.25,High Risk,29,4,0.1379310344827586,43,42,0.9767441860465116,2.071428571428572,9.0,0.0,0.0,1.7777777777777777,0.0,0.0
SITE0216,8,5.0,5.0,5.75,11.0,High Risk,28,6,0.2142857142857142,48,46,0.9583333333333334,1.565217391304348,10.0,1.0,1.0,2.7,0.1,0.1
SITE0216,9,5.0,1.0,8.25,10.0,High Risk,34,5,0.1470588235294117,50,47,0.94,2.127659574468085,9.0,0.0,0.0,2.888888888888889,0.0,0.0
SITE0216,10,10.0,2.0,10.142857142857142,12.8,High Risk,37,7,0.1891891891891892,58,54,0.9310344827586208,2.185185185185185,6.0,1.0,1.0,2.0,0.1666666666666666,0.1666666666666666
SITE0216,11,10.0,7.0,7.857142857142857,17.0,High Risk,33,4,0.1212121212121212,58,51,0.8793103448275862,2.313725490196078,12.0,1.0,1.0,2.333333333333333,0.0833333333333333,0.0833333333333333
SITE0216,12,11.0,5.0,8.333333333333334,7.0,High Risk,28,3,0.1071428571428571,77,71,0.922077922077922,1.9014084507042253,49.0,3.0,3.0,2.020408163265306,0.0612244897959183,0.0612244897959183
SITE0217,1,1.0,0.0,11.5,0.0,Deteriorating,5,0,0.0,7,7,1.0,1.5714285714285714,0.0,0.0,0.0,0.0,0.0,0.0
SITE0217,2,2.0,0.0,0.0,0.0,Deteriorating,13,2,0.1538461538461538,22,20,0.9090909090909092,2.8,4.0,0.0,0.0,2.75,0.0,0.0
SITE0217,3,1.0,0.0,8.0,0.0,Deteriorating,20,5,0.25,37,33,0.8918918918918919,1.696969696969697,4.0,0.0,0.0,2.0,0.0,0.0
SITE0217,4,2.0,4.0,13.666666666666666,13.5,Deteriorating,33,7,0.2121212121212121,50,46,0.92,2.239130434782609,4.0,0.0,0.0,1.75,0.0,0.0
SITE0217,5,3.0,2.0,12.0,0.0,Deteriorating,35,9,0.2571428571428571,57,53,0.9298245614035088,2.490566037735849,9.0,0.0,0.0,2.6666666666666665,0.0,0.0
SITE0217,6,1.0,2.0,9.0,9.0,Deteriorating,34,7,0.2058823529411764,57,54,0.9473684210526316,1.8888888888888888,8.0,0.0,0.0,1.125,0.0,0.0
SITE0217,7,6.0,1.0,7.5,16.0,Deteriorating,32,6,0.1875,47,44,0.9361702127659576,2.0,4.0,0.0,0.0,3.5,0.0,0.0
SITE0217,8,7.0,2.0,6.142857142857143,12.857142857142858,Deteriorating,32,7,0.21875,49,47,0.9591836734693876,2.0,7.0,0.0,0.0,2.4285714285714284,0.0,0.0
SITE0217,9,3.0,2.0,4.5,14.666666666666666,Deteriorating,30,4,0.1333333333333333,49,44,0.8979591836734694,2.5681818181818183,12.0,0.0,0.0,1.4166666666666667,0.0,0.0
SITE0217,10,3.0,2.0,3.0,9.333333333333334,Deteriorating,34,5,0.1470588235294117,58,50,0.8620689655172413,2.14,14.0,3.0,3.0,1.2857142857142858,0.2142857142857142,0.2142857142857142
SITE0217,11,7.0,5.0,8.75,15.0,Deteriorating,27,2,0.074074074074074,45,43,0.9555555555555556,2.069767441860465,10.0,1.0,1.0,2.8,0.1,0.1
SITE0217,12,6.0,6.0,7.6,7.6,Deteriorating,17,6,0.3529411764705882,38,35,0.9210526315789472,1.4285714285714286,30.0,2.0,2.0,2.2666666666666666,0.0666666666666666,0.0666666666666666
SITE0218,1,2.0,1.0,7.0,4.5,Stable,9,2,0.2222222222222222,11,10,0.9090909090909092,1.7,1.0,0.0,0.0,7.0,0.0,0.0
SITE0218,2,2.0,3.0,0.0,12.333333333333334,Stable,18,5,0.2777777777777778,29,24,0.8275862068965517,2.0416666666666665,1.0,0.0,0.0,0.0,0.0,0.0
SITE0218,3,1.0,0.0,0.0,5.0,Stable,29,6,0.2068965517241379,49,46,0.9387755102040816,2.5217391304347827,4.0,1.0,1.0,2.5,0.25,0.25
SITE0218,4,2.0,2.0,3.0,0.0,Stable,43,3,0.0697674418604651,75,66,0.88,2.4696969696969697,3.0,0.0,0.0,2.333333333333333,0.0,0.0
SITE0218,5,3.0,0.0,13.0,0.0,Stable,51,6,0.1176470588235294,83,79,0.9518072289156626,1.9113924050632911,7.0,0.0,0.0,1.1428571428571428,0.0,0.0
SITE0218,6,0.0,1.0,12.5,0.0,Stable,57,4,0.0701754385964912,89,86,0.9662921348314608,2.2790697674418605,14.0,0.0,0.0,1.3571428571428572,0.0,0.0
SITE0218,7,1.0,1.0,8.0,1.0,Stable,52,7,0.1346153846153846,85,78,0.9176470588235294,2.141025641025641,13.0,1.0,1.0,1.3846153846153846,0.0769230769230769,0.0769230769230769
SITE0218,8,2.0,1.0,0.0,10.0,Stable,51,9,0.1764705882352941,76,68,0.8947368421052632,2.073529411764706,11.0,0.0,0.0,1.7272727272727273,0.0,0.0
SITE0218,9,0.0,0.0,5.5,3.0,Stable,50,5,0.1,77,71,0.922077922077922,1.619718309859155,26.0,2.0,2.0,2.076923076923077,0.0769230769230769,0.0769230769230769
SITE0218,10,2.0,2.0,0.0,0.0,Stable,52,6,0.1153846153846153,87,85,0.9770114942528736,2.2823529411764705,15.0,2.0,2.0,1.6666666666666667,0.1333333333333333,0.1333333333333333
SITE0218,11,0.0,0.0,14.0,20.0,Stable,54,6,0.1111111111111111,87,78,0.896551724137931,1.6666666666666667,20.0,1.0,1.0,0.95,0.05,0.05
SITE0218,12,2.0,2.0,3.0,0.0,Stable,36,13,0.3611111111111111,98,91,0.9285714285714286,2.230769230769231,47.0,1.0,1.0,1.5106382978723405,0.0212765957446808,0.0212765957446808
SITE0219,1,0.0,2.0,0.0,13.0,Stable,9,3,0.3333333333333333,14,12,0.8571428571428571,2.25,1.0,0.0,0.0,3.0,0.0,0.0
SITE0219,2,1.0,2.0,0.0,15.333333333333334,Stable,19,3,0.1578947368421052,30,30,1.0,2.3,3.0,0.0,0.0,1.3333333333333333,0.0,0.0
SITE0219,3,2.0,2.0,3.333333333333333,11.333333333333334,Stable,38,6,0.1578947368421052,65,61,0.9384615384615383,1.819672131147541,6.0,0.0,0.0,1.3333333333333333,0.0,0.0
SITE0219,4,2.0,1.0,7.0,0.0,Stable,49,5,0.1020408163265306,75,66,0.88,1.803030303030303,7.0,1.0,1.0,1.2857142857142858,0.1428571428571428,0.1428571428571428
SITE0219,5,0.0,2.0,5.5,1.0,Stable,54,6,0.1111111111111111,90,78,0.8666666666666667,2.076923076923077,9.0,0.0,0.0,1.5555555555555556,0.0,0.0
SITE0219,6,2.0,2.0,9.0,13.0,Stable,51,5,0.0980392156862745,78,73,0.935897435897436,2.150684931506849,15.0,0.0,0.0,1.0666666666666669,0.0,0.0
SITE0219,7,2.0,0.0,5.666666666666667,0.0,Stable,42,6,0.1428571428571428,68,66,0.9705882352941176,2.272727272727273,15.0,1.0,1.0,0.9333333333333332,0.0666666666666666,0.0666666666666666
SITE0219,8,2.0,0.0,0.0,17.0,Stable,37,5,0.1351351351351351,60,56,0.9333333333333332,2.0357142857142856,15.0,3.0,3.0,1.6666666666666667,0.2,0.2
SITE0219,9,1.0,1.0,5.5,10.0,Stable,39,8,0.2051282051282051,58,54,0.9310344827586208,2.0185185185185186,15.0,0.0,0.0,1.1333333333333333,0.0,0.0
SITE0219,10,2.0,0.0,7.0,0.0,Stable,47,15,0.3191489361702128,76,70,0.9210526315789472,2.4285714285714284,11.0,0.0,0.0,1.6363636363636365,0.0,0.0
SITE0219,11,4.0,1.0,0.0,0.0,Stable,44,15,0.3409090909090909,70,67,0.9571428571428572,2.0597014925373136,19.0,1.0,1.0,2.789473684210526,0.0526315789473684,0.0526315789473684
SITE0219,12,0.0,2.0,7.0,12.0,Stable,31,13,0.4193548387096774,84,74,0.8809523809523809,1.5,55.0,1.0,1.0,2.0,0.0181818181818181,0.0181818181818181
SITE0220,1,2.0,2.0,5.0,0.0,Stable,8,0,0.0,12,11,0.9166666666666666,1.9090909090909087,1.0,0.0,0.0,0.0,0.0,0.0
SITE0220,2,4.0,1.0,12.0,14.0,Stable,22,2,0.0909090909090909,35,34,0.9714285714285714,1.8235294117647056,4.0,0.0,0.0,1.0,0.0,0.0
SITE0220,3,2.0,0.0,10.0,0.0,Stable,30,2,0.0666666666666666,49,46,0.9387755102040816,1.3695652173913044,4.0,0.0,0.0,4.0,0.0,0.0
SITE0220,4,1.0,0.0,8.0,16.666666666666668,Stable,40,1,0.025,67,63,0.9402985074626866,2.111111111111111,5.0,0.0,0.0,1.6,0.0,0.0
SITE0220,5,2.0,0.0,8.5,20.0,Stable,34,3,0.088235294117647,52,48,0.9230769230769232,2.208333333333333,3.0,1.0,1.0,1.3333333333333333,0.3333333333333333,0.3333333333333333
SITE0220,6,1.0,2.0,0.0,8.0,Stable,35,4,0.1142857142857142,58,52,0.896551724137931,1.5384615384615383,10.0,0.0,0.0,1.5,0.0,0.0
SITE0220,7,0.0,1.0,10.0,3.0,Stable,28,6,0.2142857142857142,43,41,0.9534883720930232,1.2439024390243902,8.0,0.0,0.0,2.25,0.0,0.0
SITE0220,8,1.0,1.0,10.5,17.5,Stable,26,7,0.2692307692307692,43,39,0.9069767441860463,2.5641025641025643,10.0,0.0,0.0,1.4,0.0,0.0
SITE0220,9,1.0,1.0,5.5,15.0,Stable,34,8,0.2352941176470588,50,45,0.9,1.511111111111111,12.0,0.0,0.0,1.5833333333333333,0.0,0.0
SITE0220,10,2.0,1.0,3.5,11.0,Stable,30,9,0.3,49,45,0.9183673469387756,1.5777777777777775,10.0,1.0,1.0,1.2,0.1,0.1
SITE0220,11,1.0,1.0,10.0,8.0,Stable,28,7,0.25,46,42,0.9130434782608696,1.9523809523809523,7.0,0.0,0.0,1.0,0.0,0.0
SITE0220,12,1.0,2.0,0.0,9.0,Stable,22,5,0.2272727272727272,54,47,0.8703703703703703,2.234042553191489,28.0,0.0,0.0,1.7142857142857142,0.0,0.0
SITE0221,1,1.0,1.0,0.0,10.0,Deteriorating,17,6,0.3529411764705882,27,25,0.925925925925926,1.28,1.0,0.0,0.0,5.0,0.0,0.0
SITE0221,2,1.0,1.0,5.666666666666667,18.0,Deteriorating,32,10,0.3125,51,50,0.9803921568627452,2.46,4.0,0.0,0.0,1.5,0.0,0.0
SITE0221,3,1.0,1.0,7.0,1.0,Deteriorating,39,10,0.2564102564102564,63,57,0.9047619047619048,1.7017543859649122,3.0,0.0,0.0,3.333333333333333,0.0,0.0
SITE0221,4,1.0,0.0,5.666666666666667,14.0,Deteriorating,48,7,0.1458333333333333,77,72,0.935064935064935,1.9027777777777777,8.0,0.0,0.0,1.375,0.0,0.0
SITE0221,5,4.0,1.0,7.0,0.0,Deteriorating,44,2,0.0454545454545454,67,63,0.9402985074626866,1.7142857142857142,7.0,0.0,0.0,1.5714285714285714,0.0,0.0
SITE0221,6,2.0,4.0,6.0,9.333333333333334,Deteriorating,42,2,0.0476190476190476,68,64,0.9411764705882352,1.65625,8.0,0.0,0.0,1.25,0.0,0.0
SITE0221,7,1.0,5.0,10.0,5.75,Deteriorating,49,3,0.0612244897959183,73,65,0.8904109589041096,1.876923076923077,17.0,0.0,0.0,1.2352941176470589,0.0,0.0
SITE0221,8,5.0,3.0,7.666666666666667,12.666666666666666,Deteriorating,50,5,0.1,84,78,0.9285714285714286,2.0128205128205128,20.0,0.0,0.0,2.0,0.0,0.0
SITE0221,9,6.0,1.0,4.666666666666667,15.8,Deteriorating,51,7,0.1372549019607843,82,76,0.926829268292683,1.736842105263158,13.0,2.0,2.0,1.4615384615384617,0.1538461538461538,0.1538461538461538
SITE0221,10,4.0,4.0,7.8,6.6,Deteriorating,56,7,0.125,92,84,0.9130434782608696,2.0595238095238093,19.0,2.0,2.0,1.8421052631578947,0.1052631578947368,0.1052631578947368
SITE0221,11,5.0,9.0,6.75,16.0,Deteriorating,47,5,0.1063829787234042,80,74,0.925,2.581081081081081,17.0,0.0,0.0,1.6470588235294117,0.0,0.0
SITE0221,12,11.0,5.0,7.4,15.333333333333334,Deteriorating,33,8,0.2424242424242424,88,76,0.8636363636363636,1.9342105263157892,44.0,0.0,0.0,1.818181818181818,0.0,0.0
SITE0222,1,3.0,0.0,0.0,12.0,Stable,12,4,0.3333333333333333,15,15,1.0,1.4,1.0,0.0,0.0,4.0,0.0,0.0
SITE0222,2,3.0,0.0,12.0,15.0,Stable,20,7,0.35,36,31,0.8611111111111112,2.064516129032258,3.0,2.0,2.0,1.0,0.6666666666666666,0.6666666666666666
SITE0222,3,2.0,0.0,6.0,17.0,Stable,36,10,0.2777777777777778,59,57,0.9661016949152542,1.736842105263158,4.0,0.0,0.0,2.25,0.0,0.0
SITE0222,4,3.0,2.0,10.0,14.0,Stable,43,8,0.1860465116279069,69,65,0.9420289855072465,2.169230769230769,7.0,0.0,0.0,2.142857142857143,0.0,0.0
SITE0222,5,1.0,0.0,12.0,11.333333333333334,Stable,44,11,0.25,72,67,0.9305555555555556,2.3134328358208958,9.0,0.0,0.0,2.111111111111111,0.0,0.0
SITE0222,6,4.0,1.0,3.0,0.0,Stable,51,17,0.3333333333333333,82,74,0.902439024390244,2.554054054054054,15.0,1.0,1.0,1.4,0.0666666666666666,0.0666666666666666
SITE0222,7,1.0,3.0,10.0,17.0,Stable,52,20,0.3846153846153846,82,75,0.9146341463414634,2.04,9.0,0.0,0.0,2.0,0.0,0.0
SITE0222,8,3.0,3.0,6.0,7.0,Stable,56,18,0.3214285714285714,89,83,0.9325842696629212,2.072289156626506,23.0,1.0,1.0,0.8260869565217391,0.0434782608695652,0.0434782608695652
SITE0222,9,2.0,0.0,0.0,15.0,Stable,49,15,0.3061224489795918,79,77,0.9746835443037974,2.168831168831169,11.0,0.0,0.0,1.0,0.0,0.0
SITE0222,10,2.0,1.0,6.0,17.0,Stable,50,8,0.16,82,78,0.951219512195122,2.3846153846153846,17.0,1.0,1.0,1.4705882352941178,0.0588235294117647,0.0588235294117647
SITE0222,11,2.0,0.0,9.0,15.0,Stable,42,14,0.3333333333333333,73,67,0.9178082191780822,1.626865671641791,16.0,0.0,0.0,1.6875,0.0,0.0
SITE0222,12,1.0,0.0,10.0,4.333333333333333,Stable,29,18,0.6206896551724138,84,76,0.9047619047619048,2.1973684210526314,47.0,1.0,1.0,1.4680851063829787,0.0212765957446808,0.0212765957446808
SITE0223,1,3.0,1.0,11.0,2.0,Stable,14,1,0.0714285714285714,17,17,1.0,1.7647058823529411,1.0,0.0,0.0,0.0,0.0,0.0
SITE0223,2,0.0,0.0,14.0,0.0,Stable,26,5,0.1923076923076923,43,39,0.9069767441860463,1.794871794871795,2.0,0.0,0.0,3.5,0.0,0.0
SITE0223,3,2.0,1.0,12.0,19.0,Stable,36,8,0.2222222222222222,56,49,0.875,1.6326530612244898,5.0,0.0,0.0,2.0,0.0,0.0
SITE0223,4,1.0,0.0,11.0,0.0,Stable,45,10,0.2222222222222222,74,70,0.945945945945946,2.4714285714285715,15.0,0.0,0.0,1.4,0.0,0.0
SITE0223,5,5.0,4.0,9.5,5.0,Stable,45,8,0.1777777777777777,69,63,0.9130434782608696,2.0,5.0,0.0,0.0,1.0,0.0,0.0
SITE0223,6,1.0,3.0,9.0,11.0,Stable,45,5,0.1111111111111111,73,68,0.9315068493150684,2.0294117647058822,12.0,2.0,2.0,2.4166666666666665,0.1666666666666666,0.1666666666666666
SITE0223,7,0.0,0.0,9.5,11.333333333333334,Stable,54,5,0.0925925925925925,88,82,0.9318181818181818,1.804878048780488,16.0,2.0,2.0,2.0,0.125,0.125
SITE0223,8,4.0,3.0,0.0,5.0,Stable,56,7,0.125,92,85,0.9239130434782608,2.247058823529412,18.0,1.0,1.0,1.6666666666666667,0.0555555555555555,0.0555555555555555
SITE0223,9,0.0,0.0,6.5,0.0,Stable,50,5,0.1,80,76,0.95,2.1842105263157894,20.0,0.0,0.0,1.5,0.0,0.0
SITE0223,10,2.0,1.0,0.0,0.0,Stable,49,5,0.1020408163265306,76,70,0.9210526315789472,2.0285714285714285,20.0,2.0,2.0,2.2,0.1,0.1
SITE0223,11,0.0,3.0,11.0,19.0,Stable,45,3,0.0666666666666666,73,68,0.9315068493150684,2.1029411764705883,15.0,1.0,1.0,1.4666666666666666,0.0666666666666666,0.0666666666666666
SITE0223,12,2.0,1.0,13.0,15.666666666666666,Stable,34,10,0.2941176470588235,111,104,0.9369369369369368,2.1346153846153846,55.0,4.0,4.0,1.709090909090909,0.0727272727272727,0.0727272727272727
SITE0224,1,4.0,3.0,13.0,10.5,Anomalous,15,1,0.0666666666666666,23,21,0.9130434782608696,1.5714285714285714,2.0,0.0,0.0,1.5,0.0,0.0
SITE0224,2,8.0,0.0,7.666666666666667,15.0,Anomalous,25,3,0.12,41,38,0.926829268292683,2.236842105263158,5.0,0.0,0.0,2.6,0.0,0.0
SITE0224,3,5.0,2.0,10.0,3.8,Anomalous,36,5,0.1388888888888889,57,51,0.8947368421052632,2.5098039215686274,7.0,0.0,0.0,2.0,0.0,0.0
SITE0224,4,3.0,3.0,7.142857142857143,9.0,Anomalous,48,4,0.0833333333333333,73,67,0.9178082191780822,2.208955223880597,3.0,0.0,0.0,2.6666666666666665,0.0,0.0
SITE0224,5,2.0,5.0,6.25,0.0,Anomalous,46,7,0.1521739130434782,71,66,0.9295774647887324,2.106060606060606,10.0,1.0,1.0,2.6,0.1,0.1
SITE0224,6,14.0,12.0,8.0,7.375,Anomalous,51,7,0.1372549019607843,82,80,0.975609756097561,2.475,10.0,2.0,2.0,1.8,0.2,0.2
SITE0224,7,3.0,2.0,9.333333333333334,5.5,Anomalous,51,9,0.1764705882352941,81,76,0.9382716049382716,1.986842105263158,10.0,0.0,0.0,1.1,0.0,0.0
SITE0224,8,2.0,2.0,7.5,16.0,Anomalous,49,7,0.1428571428571428,83,73,0.8795180722891566,1.808219178082192,18.0,0.0,0.0,1.7777777777777777,0.0,0.0
SITE0224,9,4.0,1.0,5.0,16.0,Anomalous,49,6,0.1224489795918367,69,58,0.8405797101449275,1.913793103448276,13.0,1.0,1.0,2.3076923076923075,0.0769230769230769,0.0769230769230769
SITE0224,10,4.0,2.0,5.0,14.333333333333334,Anomalous,51,10,0.196078431372549,88,84,0.9545454545454546,1.9642857142857144,17.0,2.0,2.0,1.9411764705882355,0.1176470588235294,0.1176470588235294
SITE0224,11,4.0,6.0,6.666666666666667,14.0,Anomalous,51,10,0.196078431372549,78,70,0.8974358974358975,2.071428571428572,18.0,1.0,1.0,2.111111111111111,0.0555555555555555,0.0555555555555555
SITE0224,12,3.0,4.0,9.666666666666666,12.833333333333334,Anomalous,36,15,0.4166666666666667,94,90,0.9574468085106383,1.9777777777777776,37.0,5.0,5.0,2.108108108108108,0.1351351351351351,0.1351351351351351
SITE0225,1,2.0,2.0,5.5,0.0,Stable,9,0,0.0,14,12,0.8571428571428571,1.3333333333333333,3.0,0.0,0.0,1.6666666666666667,0.0,0.0
SITE0225,2,1.0,1.0,7.0,9.0,Stable,18,1,0.0555555555555555,26,24,0.9230769230769232,1.4583333333333333,2.0,0.0,0.0,0.5,0.0,0.0
SITE0225,3,0.0,1.0,0.0,5.5,Stable,28,4,0.1428571428571428,49,43,0.8775510204081632,2.372093023255814,5.0,1.0,1.0,2.2,0.2,0.2
SITE0225,4,1.0,0.0,12.0,8.0,Stable,37,4,0.1081081081081081,64,60,0.9375,2.65,6.0,0.0,0.0,2.1666666666666665,0.0,0.0
SITE0225,5,2.0,0.0,0.0,0.0,Stable,43,5,0.1162790697674418,70,64,0.9142857142857144,2.125,4.0,1.0,1.0,2.5,0.25,0.25
SITE0225,6,4.0,0.0,8.5,0.0,Stable,49,3,0.0612244897959183,75,71,0.9466666666666668,1.7605633802816902,5.0,0.0,0.0,0.6,0.0,0.0
SITE0225,7,1.0,2.0,8.0,7.5,Stable,46,7,0.1521739130434782,76,71,0.9342105263157896,2.3661971830985915,18.0,3.0,3.0,2.2777777777777777,0.1666666666666666,0.1666666666666666
SITE0225,8,1.0,2.0,11.5,8.0,Stable,47,7,0.1489361702127659,76,68,0.8947368421052632,2.1029411764705883,18.0,1.0,1.0,2.611111111111111,0.0555555555555555,0.0555555555555555
SITE0225,9,2.0,1.0,0.0,0.0,Stable,44,13,0.2954545454545454,72,67,0.9305555555555556,1.671641791044776,17.0,1.0,1.0,1.0,0.0588235294117647,0.0588235294117647
SITE0225,10,0.0,1.0,9.5,9.5,Stable,37,11,0.2972972972972973,58,54,0.9310344827586208,2.351851851851852,12.0,1.0,1.0,1.6666666666666667,0.0833333333333333,0.0833333333333333
SITE0225,11,3.0,2.0,8.0,14.0,Stable,35,11,0.3142857142857143,53,49,0.9245283018867924,2.0408163265306123,14.0,0.0,0.0,1.7857142857142858,0.0,0.0
SITE0225,12,1.0,1.0,1.0,10.333333333333334,Stable,21,6,0.2857142857142857,57,55,0.9649122807017544,2.6545454545454548,46.0,1.0,1.0,1.8043478260869563,0.0217391304347826,0.0217391304347826
SITE0226,1,6.0,5.0,7.333333333333333,5.0,High Risk,13,0,0.0,20,20,1.0,1.5,0.0,0.0,0.0,0.0,0.0,0.0
SITE0226,2,14.0,6.0,6.0,10.77777777777778,High Risk,25,0,0.0,40,36,0.9,1.7777777777777777,0.0,0.0,0.0,0.0,0.0,0.0
SITE0226,3,6.0,4.0,7.5,14.333333333333334,High Risk,33,3,0.0909090909090909,57,52,0.912280701754386,2.1153846153846154,7.0,2.0,2.0,1.2857142857142858,0.2857142857142857,0.2857142857142857
SITE0226,4,11.0,6.0,8.0,8.0,High Risk,41,4,0.0975609756097561,68,65,0.9558823529411764,2.3384615384615386,7.0,0.0,0.0,2.2857142857142856,0.0,0.0
SITE0226,5,6.0,4.0,7.0,10.5,High Risk,43,3,0.0697674418604651,64,59,0.921875,2.288135593220339,8.0,2.0,2.0,1.375,0.25,0.25
SITE0226,6,6.0,4.0,6.428571428571429,10.75,High Risk,34,3,0.088235294117647,59,56,0.9491525423728814,2.446428571428572,12.0,0.0,0.0,2.25,0.0,0.0
SITE0226,7,8.0,9.0,8.222222222222221,11.5,High Risk,33,2,0.0606060606060606,46,44,0.9565217391304348,1.6590909090909092,12.0,0.0,0.0,1.75,0.0,0.0
SITE0226,8,9.0,3.0,10.75,8.0,High Risk,33,4,0.1212121212121212,54,50,0.925925925925926,2.14,9.0,0.0,0.0,0.8888888888888888,0.0,0.0
SITE0226,9,11.0,6.0,7.0,13.833333333333334,High Risk,36,4,0.1111111111111111,54,50,0.925925925925926,2.1,11.0,0.0,0.0,1.818181818181818,0.0,0.0
SITE0226,10,5.0,5.0,8.75,13.0,High Risk,43,4,0.0930232558139534,74,65,0.8783783783783784,1.9692307692307691,13.0,0.0,0.0,1.9230769230769231,0.0,0.0
SITE0226,11,12.0,4.0,5.5,6.0,High Risk,38,4,0.1052631578947368,63,58,0.9206349206349206,2.1724137931034484,11.0,0.0,0.0,1.5454545454545454,0.0,0.0
SITE0226,12,9.0,3.0,7.714285714285714,19.5,High Risk,24,5,0.2083333333333333,61,56,0.918032786885246,1.8392857142857144,40.0,5.0,5.0,1.675,0.125,0.125
SITE0227,1,1.0,2.0,7.714285714285714,0.0,Anomalous,12,3,0.25,18,17,0.9444444444444444,1.588235294117647,0.0,0.0,0.0,0.0,0.0,0.0
SITE0227,2,1.0,3.0,9.4,13.0,Anomalous,32,10,0.3125,51,49,0.9607843137254902,1.836734693877551,5.0,1.0,1.0,2.8,0.2,0.2
SITE0227,3,1.0,2.0,0.0,7.0,Anomalous,43,11,0.2558139534883721,72,63,0.875,1.8888888888888888,6.0,0.0,0.0,0.8333333333333334,0.0,0.0
SITE0227,4,2.0,1.0,5.6,10.0,Anomalous,56,9,0.1607142857142857,92,82,0.8913043478260869,2.1951219512195124,13.0,1.0,1.0,1.7692307692307692,0.0769230769230769,0.0769230769230769
SITE0227,5,2.0,2.0,10.0,4.0,Anomalous,49,3,0.0612244897959183,75,65,0.8666666666666667,2.6615384615384614,18.0,1.0,1.0,2.1666666666666665,0.0555555555555555,0.0555555555555555
SITE0227,6,3.0,2.0,7.0,0.0,Anomalous,49,0,0.0,77,69,0.8961038961038961,2.188405797101449,7.0,0.0,0.0,1.0,0.0,0.0
SITE0227,7,4.0,3.0,12.5,14.0,Anomalous,53,0,0.0,80,71,0.8875,1.6619718309859155,11.0,2.0,2.0,2.0,0.1818181818181818,0.1818181818181818
SITE0227,8,4.0,0.0,4.5,18.0,Anomalous,51,5,0.0980392156862745,86,70,0.813953488372093,2.185714285714285,20.0,3.0,3.0,1.45,0.15,0.15
SITE0227,9,4.0,2.0,0.0,16.0,Anomalous,53,5,0.0943396226415094,84,76,0.9047619047619048,2.3947368421052637,18.0,1.0,1.0,2.4444444444444446,0.0555555555555555,0.0555555555555555
SITE0227,10,18.0,9.0,6.375,12.666666666666666,Anomalous,50,6,0.12,83,72,0.8674698795180723,1.8472222222222223,19.0,0.0,0.0,1.3157894736842106,0.0,0.0
SITE0227,11,2.0,0.0,0.0,14.0,Anomalous,48,5,0.1041666666666666,74,73,0.9864864864864864,2.602739726027397,16.0,0.0,0.0,1.125,0.0,0.0
SITE0227,12,5.0,3.0,6.0,10.333333333333334,Anomalous,34,9,0.2647058823529412,96,90,0.9375,2.6222222222222222,52.0,6.0,6.0,1.9038461538461535,0.1153846153846153,0.1153846153846153
SITE0228,1,2.0,3.0,2.0,0.0,Stable,12,3,0.25,16,16,1.0,2.1875,0.0,0.0,0.0,0.0,0.0,0.0
SITE0228,2,3.0,1.0,10.5,0.0,Stable,22,3,0.1363636363636363,36,33,0.9166666666666666,1.4242424242424243,3.0,2.0,2.0,0.6666666666666666,0.6666666666666666,0.6666666666666666
SITE0228,3,1.0,2.0,0.0,17.0,Stable,37,5,0.1351351351351351,58,51,0.8793103448275862,2.196078431372549,3.0,0.0,0.0,1.0,0.0,0.0
SITE0228,4,2.0,0.0,7.0,12.0,Stable,49,7,0.1428571428571428,77,70,0.9090909090909092,1.5,4.0,0.0,0.0,2.0,0.0,0.0
SITE0228,5,1.0,0.0,0.0,6.5,Stable,55,6,0.109090909090909,88,82,0.9318181818181818,1.7560975609756098,8.0,1.0,1.0,2.625,0.125,0.125
SITE0228,6,1.0,1.0,6.0,3.0,Stable,51,6,0.1176470588235294,80,68,0.85,1.897058823529412,9.0,2.0,2.0,1.4444444444444444,0.2222222222222222,0.2222222222222222
SITE0228,7,4.0,0.0,10.0,0.0,Stable,50,10,0.2,80,71,0.8875,1.9577464788732395,14.0,0.0,0.0,2.0,0.0,0.0
SITE0228,8,1.0,0.0,11.0,12.0,Stable,50,15,0.3,78,67,0.8589743589743589,2.08955223880597,16.0,1.0,1.0,1.75,0.0625,0.0625
SITE0228,9,4.0,0.0,0.0,0.0,Stable,51,11,0.2156862745098039,75,67,0.8933333333333333,2.4776119402985075,10.0,0.0,0.0,1.4,0.0,0.0
SITE0228,10,1.0,3.0,2.6666666666666665,12.0,Stable,56,13,0.2321428571428571,90,78,0.8666666666666667,2.1153846153846154,15.0,0.0,0.0,2.1333333333333333,0.0,0.0
SITE0228,11,1.0,0.0,9.0,9.0,Stable,54,6,0.1111111111111111,93,86,0.9247311827956988,2.2209302325581395,24.0,2.0,2.0,1.7083333333333333,0.0833333333333333,0.0833333333333333
SITE0228,12,2.0,0.0,0.0,4.666666666666667,Stable,43,5,0.1162790697674418,117,109,0.9316239316239316,1.9908256880733943,57.0,6.0,6.0,1.912280701754386,0.1052631578947368,0.1052631578947368
SITE0229,1,9.0,3.0,7.0,8.0,High Risk,10,3,0.3,15,14,0.9333333333333332,1.0714285714285714,3.0,0.0,0.0,3.0,0.0,0.0
SITE0229,2,4.0,2.0,8.0,6.5,High Risk,17,3,0.1764705882352941,28,28,1.0,2.1785714285714284,3.0,0.0,0.0,4.0,0.0,0.0
SITE0229,3,10.0,4.0,7.555555555555555,11.571428571428571,High Risk,33,3,0.0909090909090909,51,44,0.8627450980392157,2.159090909090909,8.0,1.0,1.0,1.875,0.125,0.125
SITE0229,4,9.0,5.0,6.666666666666667,12.0,High Risk,47,3,0.0638297872340425,76,71,0.9342105263157896,2.23943661971831,8.0,1.0,1.0,1.375,0.125,0.125
SITE0229,5,3.0,7.0,9.166666666666666,11.5,High Risk,48,2,0.0416666666666666,79,71,0.8987341772151899,1.8591549295774648,11.0,0.0,0.0,0.6363636363636364,0.0,0.0
SITE0229,6,11.0,5.0,6.857142857142857,8.75,High Risk,50,4,0.08,78,70,0.8974358974358975,2.128571428571429,11.0,1.0,1.0,1.181818181818182,0.0909090909090909,0.0909090909090909
SITE0229,7,8.0,4.0,7.5,12.2,High Risk,49,6,0.1224489795918367,80,75,0.9375,2.3466666666666667,20.0,3.0,3.0,1.2,0.15,0.15
SITE0229,8,13.0,6.0,9.75,9.0,High Risk,43,7,0.1627906976744186,70,63,0.9,2.619047619047619,13.0,1.0,1.0,1.0769230769230769,0.0769230769230769,0.0769230769230769
SITE0229,9,11.0,2.0,5.4,12.25,High Risk,41,6,0.1463414634146341,64,58,0.90625,1.9827586206896552,7.0,1.0,1.0,2.2857142857142856,0.1428571428571428,0.1428571428571428
SITE0229,10,8.0,4.0,8.0,6.0,High Risk,44,7,0.1590909090909091,66,60,0.9090909090909092,2.3,20.0,1.0,1.0,1.5,0.05,0.05
SITE0229,11,8.0,7.0,9.8,8.333333333333334,High Risk,53,12,0.2264150943396226,84,77,0.9166666666666666,2.363636363636364,11.0,0.0,0.0,2.0,0.0,0.0
SITE0229,12,9.0,4.0,7.0,10.0,High Risk,42,22,0.5238095238095238,137,121,0.8832116788321168,2.347107438016529,58.0,1.0,1.0,1.8103448275862069,0.0172413793103448,0.0172413793103448
SITE0230,1,1.0,0.0,0.0,3.0,Stable,12,2,0.1666666666666666,18,17,0.9444444444444444,1.8823529411764703,0.0,0.0,0.0,0.0,0.0,0.0
SITE0230,2,2.0,2.0,0.0,0.0,Stable,21,3,0.1428571428571428,30,26,0.8666666666666667,2.269230769230769,6.0,0.0,0.0,1.5,0.0,0.0
SITE0230,3,1.0,0.0,9.0,0.0,Stable,32,3,0.09375,49,45,0.9183673469387756,2.2666666666666666,6.0,0.0,0.0,2.0,0.0,0.0
SITE0230,4,5.0,1.0,4.0,6.0,Stable,42,7,0.1666666666666666,66,63,0.9545454545454546,2.380952380952381,10.0,2.0,2.0,1.8,0.2,0.2
SITE0230,5,4.0,2.0,0.0,3.0,Stable,46,12,0.2608695652173913,81,72,0.8888888888888888,2.0277777777777777,10.0,0.0,0.0,1.3,0.0,0.0
SITE0230,6,2.0,1.0,14.0,0.0,Stable,48,15,0.3125,75,70,0.9333333333333332,2.0,13.0,2.0,2.0,2.4615384615384617,0.1538461538461538,0.1538461538461538
SITE0230,7,3.0,0.0,6.0,8.5,Stable,54,12,0.2222222222222222,87,79,0.9080459770114944,2.1392405063291138,14.0,0.0,0.0,1.5714285714285714,0.0,0.0
SITE0230,8,1.0,1.0,0.0,0.0,Stable,65,16,0.2461538461538461,102,91,0.8921568627450981,2.065934065934066,15.0,0.0,0.0,1.9333333333333331,0.0,0.0
SITE0230,9,1.0,1.0,8.666666666666666,16.0,Stable,65,14,0.2153846153846154,104,95,0.9134615384615384,2.231578947368421,19.0,2.0,2.0,1.6842105263157894,0.1052631578947368,0.1052631578947368
SITE0230,10,3.0,3.0,7.25,17.0,Stable,62,15,0.2419354838709677,100,94,0.94,2.127659574468085,13.0,1.0,1.0,1.6923076923076923,0.0769230769230769,0.0769230769230769
SITE0230,11,2.0,3.0,0.0,0.0,Stable,50,6,0.12,75,72,0.96,2.013888888888889,11.0,0.0,0.0,1.3636363636363635,0.0,0.0
SITE0230,12,2.0,1.0,7.5,17.0,Stable,30,3,0.1,77,71,0.922077922077922,1.6901408450704225,59.0,2.0,2.0,1.7118644067796611,0.0338983050847457,0.0338983050847457
SITE0231,1,13.0,4.0,9.8,9.714285714285714,High Risk,14,1,0.0714285714285714,22,21,0.9545454545454546,1.6666666666666667,0.0,0.0,0.0,0.0,0.0,0.0
SITE0231,2,7.0,4.0,7.222222222222222,9.571428571428571,High Risk,25,1,0.04,39,32,0.8205128205128205,1.90625,3.0,0.0,0.0,0.3333333333333333,0.0,0.0
SITE0231,3,8.0,7.0,9.0,8.4,High Risk,35,3,0.0857142857142857,61,58,0.9508196721311476,2.2758620689655173,10.0,0.0,0.0,1.5,0.0,0.0
SITE0231,4,7.0,6.0,5.0,15.333333333333334,High Risk,46,6,0.1304347826086956,72,68,0.9444444444444444,2.161764705882353,9.0,1.0,1.0,1.2222222222222223,0.1111111111111111,0.1111111111111111
SITE0231,5,7.0,6.0,7.75,9.5,High Risk,41,3,0.073170731707317,61,60,0.9836065573770492,2.466666666666667,6.0,1.0,1.0,1.6666666666666667,0.1666666666666666,0.1666666666666666
SITE0231,6,5.0,4.0,5.428571428571429,14.25,High Risk,39,3,0.0769230769230769,69,62,0.8985507246376812,1.6451612903225807,8.0,1.0,1.0,0.875,0.125,0.125
SITE0231,7,5.0,7.0,7.75,12.0,High Risk,38,2,0.0526315789473684,62,59,0.9516129032258064,2.1864406779661016,17.0,0.0,0.0,1.6470588235294117,0.0,0.0
SITE0231,8,7.0,5.0,7.555555555555555,12.5,High Risk,39,4,0.1025641025641025,64,57,0.890625,2.0701754385964914,18.0,1.0,1.0,1.8888888888888888,0.0555555555555555,0.0555555555555555
SITE0231,9,20.0,3.0,8.666666666666666,4.0,High Risk,46,5,0.108695652173913,73,68,0.9315068493150684,1.8529411764705883,15.0,1.0,1.0,1.8,0.0666666666666666,0.0666666666666666
SITE0231,10,10.0,5.0,7.142857142857143,12.666666666666666,High Risk,45,8,0.1777777777777777,79,69,0.8734177215189873,1.9855072463768115,10.0,0.0,0.0,1.5,0.0,0.0
SITE0231,11,9.0,4.0,9.0,11.25,High Risk,41,8,0.1951219512195122,66,64,0.9696969696969696,2.09375,11.0,0.0,0.0,1.0909090909090908,0.0,0.0
SITE0231,12,12.0,6.0,8.625,8.0,High Risk,30,10,0.3333333333333333,76,69,0.9078947368421052,2.0,40.0,4.0,4.0,1.75,0.1,0.1
SITE0232,1,3.0,0.0,2.5,20.0,Stable,14,3,0.2142857142857142,19,17,0.8947368421052632,1.8235294117647056,1.0,0.0,0.0,0.0,0.0,0.0
SITE0232,2,1.0,0.0,5.5,5.0,Stable,25,5,0.2,44,38,0.8636363636363636,3.0789473684210527,4.0,0.0,0.0,1.0,0.0,0.0
SITE0232,3,2.0,1.0,6.666666666666667,0.0,Stable,32,7,0.21875,55,50,0.9090909090909092,1.56,4.0,1.0,1.0,2.0,0.25,0.25
SITE0232,4,3.0,1.0,0.0,0.0,Stable,42,8,0.1904761904761904,68,65,0.9558823529411764,1.553846153846154,12.0,3.0,3.0,2.833333333333333,0.25,0.25
SITE0232,5,0.0,0.0,5.0,13.0,Stable,38,4,0.1052631578947368,56,52,0.9285714285714286,2.1538461538461537,9.0,1.0,1.0,2.111111111111111,0.1111111111111111,0.1111111111111111
SITE0232,6,6.0,1.0,5.0,19.5,Stable,42,7,0.1666666666666666,72,68,0.9444444444444444,2.544117647058824,15.0,0.0,0.0,1.6666666666666667,0.0,0.0
SITE0232,7,1.0,1.0,0.0,0.0,Stable,51,6,0.1176470588235294,84,76,0.9047619047619048,2.013157894736842,13.0,0.0,0.0,1.5384615384615383,0.0,0.0
SITE0232,8,2.0,0.0,0.0,13.5,Stable,49,4,0.0816326530612244,83,74,0.891566265060241,2.4864864864864864,16.0,0.0,0.0,1.4375,0.0,0.0
SITE0232,9,3.0,3.0,4.0,9.0,Stable,45,7,0.1555555555555555,71,68,0.9577464788732394,2.3823529411764706,14.0,1.0,1.0,1.1428571428571428,0.0714285714285714,0.0714285714285714
SITE0232,10,5.0,0.0,6.0,0.0,Stable,47,5,0.1063829787234042,72,63,0.875,1.380952380952381,18.0,0.0,0.0,1.7777777777777777,0.0,0.0
SITE0232,11,1.0,0.0,11.0,0.0,Stable,45,5,0.1111111111111111,72,63,0.875,2.746031746031746,15.0,1.0,1.0,1.5333333333333334,0.0666666666666666,0.0666666666666666
SITE0232,12,3.0,0.0,14.0,11.0,Stable,35,5,0.1428571428571428,102,91,0.8921568627450981,2.230769230769231,56.0,2.0,2.0,1.9642857142857144,0.0357142857142857,0.0357142857142857
SITE0233,1,0.0,1.0,12.0,0.0,Deteriorating,7,0,0.0,11,10,0.9090909090909092,2.3,1.0,0.0,0.0,2.0,0.0,0.0
SITE0233,2,2.0,1.0,11.0,13.0,Deteriorating,17,1,0.0588235294117647,21,21,1.0,1.809523809523809,1.0,0.0,0.0,2.0,0.0,0.0
SITE0233,3,3.0,2.0,8.5,0.0,Deteriorating,28,2,0.0714285714285714,48,46,0.9583333333333334,2.282608695652174,7.0,0.0,0.0,1.4285714285714286,0.0,0.0
SITE0233,4,2.0,0.0,5.0,6.0,Deteriorating,45,4,0.0888888888888888,69,64,0.927536231884058,1.8125,6.0,1.0,1.0,1.8333333333333333,0.1666666666666666,0.1666666666666666
SITE0233,5,5.0,2.0,4.0,8.5,Deteriorating,48,4,0.0833333333333333,81,75,0.925925925925926,2.04,11.0,0.0,0.0,0.9090909090909092,0.0,0.0
SITE0233,6,3.0,3.0,0.0,0.0,Deteriorating,43,10,0.2325581395348837,67,62,0.9253731343283582,1.9838709677419355,9.0,0.0,0.0,0.7777777777777778,0.0,0.0
SITE0233,7,7.0,4.0,12.0,8.0,Deteriorating,45,13,0.2888888888888888,65,57,0.8769230769230769,2.719298245614035,17.0,1.0,1.0,2.0,0.0588235294117647,0.0588235294117647
SITE0233,8,9.0,1.0,9.0,7.25,Deteriorating,36,14,0.3888888888888889,58,48,0.8275862068965517,2.7916666666666665,7.0,1.0,1.0,1.2857142857142858,0.1428571428571428,0.1428571428571428
SITE0233,9,6.0,3.0,0.0,8.5,Deteriorating,40,14,0.35,64,58,0.90625,1.9310344827586208,12.0,2.0,2.0,2.1666666666666665,0.1666666666666666,0.1666666666666666
SITE0233,10,6.0,7.0,9.285714285714286,14.0,Deteriorating,39,5,0.1282051282051282,62,52,0.8387096774193549,2.230769230769231,11.0,1.0,1.0,1.4545454545454546,0.0909090909090909,0.0909090909090909
SITE0233,11,4.0,2.0,7.75,6.0,Deteriorating,40,6,0.15,69,64,0.927536231884058,1.65625,14.0,0.0,0.0,2.2857142857142856,0.0,0.0
SITE0233,12,14.0,2.0,7.5,10.571428571428571,Deteriorating,29,5,0.1724137931034483,87,84,0.9655172413793104,2.107142857142857,46.0,1.0,1.0,1.7391304347826086,0.0217391304347826,0.0217391304347826
SITE0234,1,2.0,0.0,7.5,0.0,Stable,5,0,0.0,6,5,0.8333333333333334,1.4,2.0,0.0,0.0,2.0,0.0,0.0
SITE0234,2,1.0,0.0,4.0,0.0,Stable,20,2,0.1,32,30,0.9375,2.7333333333333334,0.0,0.0,0.0,0.0,0.0,0.0
SITE0234,3,3.0,0.0,0.0,15.0,Stable,28,3,0.1071428571428571,50,48,0.96,2.020833333333333,4.0,0.0,0.0,1.75,0.0,0.0
SITE0234,4,4.0,0.0,5.0,1.0,Stable,34,5,0.1470588235294117,49,48,0.979591836734694,2.1875,10.0,0.0,0.0,1.9,0.0,0.0
SITE0234,5,0.0,0.0,9.0,0.0,Stable,33,5,0.1515151515151515,51,48,0.9411764705882352,2.1666666666666665,3.0,0.0,0.0,1.3333333333333333,0.0,0.0
SITE0234,6,0.0,1.0,0.0,3.0,Stable,29,8,0.2758620689655172,44,40,0.9090909090909092,2.6,10.0,0.0,0.0,1.8,0.0,0.0
SITE0234,7,1.0,1.0,0.0,0.0,Stable,34,7,0.2058823529411764,52,46,0.8846153846153846,1.7608695652173914,8.0,0.0,0.0,1.625,0.0,0.0
SITE0234,8,1.0,0.0,7.0,9.5,Stable,36,8,0.2222222222222222,59,55,0.9322033898305084,2.4363636363636365,7.0,0.0,0.0,1.5714285714285714,0.0,0.0
SITE0234,9,2.0,1.0,12.0,11.0,Stable,34,6,0.1764705882352941,53,49,0.9245283018867924,2.5510204081632653,6.0,0.0,0.0,2.333333333333333,0.0,0.0
SITE0234,10,2.0,0.0,0.0,0.0,Stable,33,3,0.0909090909090909,52,47,0.903846153846154,2.0,14.0,1.0,1.0,2.142857142857143,0.0714285714285714,0.0714285714285714
SITE0234,11,0.0,0.0,7.0,0.0,Stable,30,2,0.0666666666666666,53,51,0.9622641509433962,1.7647058823529411,20.0,1.0,1.0,1.8,0.05,0.05
SITE0234,12,2.0,0.0,0.0,0.0,Stable,22,5,0.2272727272727272,69,63,0.9130434782608696,2.126984126984127,34.0,1.0,1.0,1.6470588235294117,0.0294117647058823,0.0294117647058823
SITE0235,1,8.0,3.0,8.0,10.0,High Risk,17,3,0.1764705882352941,27,23,0.8518518518518519,1.9565217391304348,0.0,0.0,0.0,0.0,0.0,0.0
SITE0235,2,8.0,2.0,7.75,10.5,High Risk,35,6,0.1714285714285714,60,57,0.95,2.2280701754385963,5.0,1.0,1.0,0.6,0.2,0.2
SITE0235,3,12.0,5.0,5.0,7.5,High Risk,45,8,0.1777777777777777,72,65,0.9027777777777778,1.8461538461538465,3.0,0.0,0.0,2.0,0.0,0.0
SITE0235,4,9.0,6.0,7.166666666666667,14.0,High Risk,52,10,0.1923076923076923,87,82,0.942528735632184,1.902439024390244,9.0,2.0,2.0,1.7777777777777777,0.2222222222222222,0.2222222222222222
SITE0235,5,8.0,1.0,8.25,8.571428571428571,High Risk,51,6,0.1176470588235294,73,68,0.9315068493150684,2.411764705882353,12.0,0.0,0.0,2.083333333333333,0.0,0.0
SITE0235,6,6.0,4.0,6.666666666666667,10.5,High Risk,47,4,0.0851063829787234,78,71,0.9102564102564102,1.9154929577464788,14.0,1.0,1.0,0.9285714285714286,0.0714285714285714,0.0714285714285714
SITE0235,7,15.0,4.0,8.166666666666666,16.0,High Risk,46,4,0.0869565217391304,72,64,0.8888888888888888,1.8125,17.0,2.0,2.0,2.176470588235294,0.1176470588235294,0.1176470588235294
SITE0235,8,7.0,5.0,7.714285714285714,15.5,High Risk,49,5,0.1020408163265306,76,68,0.8947368421052632,2.2205882352941178,13.0,0.0,0.0,1.0,0.0,0.0
SITE0235,9,9.0,7.0,9.0,11.0,High Risk,49,8,0.1632653061224489,76,70,0.9210526315789472,2.2,18.0,2.0,2.0,1.4444444444444444,0.1111111111111111,0.1111111111111111
SITE0235,10,4.0,4.0,11.0,12.5,High Risk,52,9,0.173076923076923,83,80,0.963855421686747,2.275,13.0,1.0,1.0,2.230769230769231,0.0769230769230769,0.0769230769230769
SITE0235,11,11.0,6.0,7.333333333333333,8.6,High Risk,45,9,0.2,77,67,0.8701298701298701,1.7462686567164178,12.0,1.0,1.0,2.5,0.0833333333333333,0.0833333333333333
SITE0235,12,6.0,4.0,7.333333333333333,20.0,High Risk,33,6,0.1818181818181818,89,79,0.8876404494382022,1.962025316455696,59.0,4.0,4.0,1.5084745762711864,0.0677966101694915,0.0677966101694915
SITE0236,1,3.0,0.0,0.0,0.0,Deteriorating,14,3,0.2142857142857142,21,18,0.8571428571428571,2.7222222222222223,0.0,0.0,0.0,0.0,0.0,0.0
SITE0236,2,1.0,0.0,4.0,0.0,Deteriorating,26,6,0.2307692307692307,40,38,0.95,2.236842105263158,5.0,0.0,0.0,1.8,0.0,0.0
SITE0236,3,3.0,0.0,0.0,6.0,Deteriorating,37,8,0.2162162162162162,62,57,0.9193548387096774,2.0,3.0,0.0,0.0,0.0,0.0,0.0
SITE0236,4,3.0,4.0,1.6666666666666667,6.5,Deteriorating,57,12,0.2105263157894736,86,79,0.9186046511627908,2.3037974683544302,10.0,0.0,0.0,1.8,0.0,0.0
SITE0236,5,1.0,2.0,5.666666666666667,1.0,Deteriorating,53,12,0.2264150943396226,86,78,0.9069767441860463,2.102564102564102,10.0,0.0,0.0,1.3,0.0,0.0
SITE0236,6,5.0,2.0,11.5,11.333333333333334,Deteriorating,59,15,0.2542372881355932,96,84,0.875,2.488095238095238,13.0,1.0,1.0,2.6923076923076925,0.0769230769230769,0.0769230769230769
SITE0236,7,4.0,3.0,7.333333333333333,9.0,Deteriorating,55,12,0.2181818181818181,87,80,0.9195402298850576,2.0375,23.0,2.0,2.0,2.1739130434782608,0.0869565217391304,0.0869565217391304
SITE0236,8,4.0,4.0,5.5,5.0,Deteriorating,48,8,0.1666666666666666,75,69,0.92,1.826086956521739,18.0,2.0,2.0,1.2777777777777777,0.1111111111111111,0.1111111111111111
SITE0236,9,5.0,2.0,6.833333333333333,9.875,Deteriorating,47,4,0.0851063829787234,73,69,0.9452054794520548,1.7826086956521738,12.0,0.0,0.0,2.0,0.0,0.0
SITE0236,10,5.0,6.0,0.0,5.333333333333333,Deteriorating,51,3,0.0588235294117647,73,66,0.9041095890410958,1.7727272727272727,20.0,0.0,0.0,1.6,0.0,0.0
SITE0236,11,5.0,6.0,4.25,8.166666666666666,Deteriorating,53,1,0.0188679245283018,84,77,0.9166666666666666,2.441558441558441,26.0,1.0,1.0,1.7692307692307692,0.0384615384615384,0.0384615384615384
SITE0236,12,7.0,6.0,12.333333333333334,10.25,Deteriorating,39,0,0.0,111,99,0.8918918918918919,1.8888888888888888,51.0,2.0,2.0,1.7058823529411764,0.0392156862745098,0.0392156862745098
SITE0237,1,2.0,2.0,13.0,10.333333333333334,Stable,14,2,0.1428571428571428,19,19,1.0,2.3157894736842106,0.0,0.0,0.0,0.0,0.0,0.0
SITE0237,2,0.0,3.0,0.0,7.0,Stable,26,3,0.1153846153846153,43,41,0.9534883720930232,2.073170731707317,2.0,0.0,0.0,4.0,0.0,0.0
SITE0237,3,0.0,1.0,4.0,0.0,Stable,32,4,0.125,54,48,0.8888888888888888,2.4791666666666665,9.0,1.0,1.0,2.555555555555556,0.1111111111111111,0.1111111111111111
SITE0237,4,0.0,0.0,13.0,0.0,Stable,40,5,0.125,60,51,0.85,2.784313725490196,3.0,0.0,0.0,2.333333333333333,0.0,0.0
SITE0237,5,1.0,2.0,0.0,4.0,Stable,43,6,0.1395348837209302,66,60,0.9090909090909092,2.183333333333333,16.0,1.0,1.0,2.0,0.0625,0.0625
SITE0237,6,1.0,1.0,3.0,5.0,Stable,33,6,0.1818181818181818,55,49,0.8909090909090909,2.0408163265306123,6.0,0.0,0.0,2.833333333333333,0.0,0.0
SITE0237,7,2.0,1.0,0.0,0.0,Stable,36,8,0.2222222222222222,57,51,0.8947368421052632,2.7058823529411766,8.0,0.0,0.0,1.5,0.0,0.0
SITE0237,8,0.0,0.0,0.0,4.666666666666667,Stable,32,7,0.21875,50,50,1.0,2.34,8.0,0.0,0.0,1.5,0.0,0.0
SITE0237,9,1.0,3.0,3.5,0.0,Stable,29,3,0.1034482758620689,43,39,0.9069767441860463,1.8205128205128205,10.0,0.0,0.0,2.7,0.0,0.0
SITE0237,10,4.0,1.0,4.0,9.0,Stable,36,5,0.1388888888888889,59,53,0.8983050847457628,2.358490566037736,12.0,0.0,0.0,1.9166666666666667,0.0,0.0
SITE0237,11,1.0,0.0,0.0,6.0,Stable,38,2,0.0526315789473684,64,60,0.9375,2.4833333333333334,10.0,0.0,0.0,1.6,0.0,0.0
SITE0237,12,1.0,0.0,13.0,15.0,Stable,30,3,0.1,78,73,0.935897435897436,1.917808219178082,42.0,1.0,1.0,1.880952380952381,0.0238095238095238,0.0238095238095238
SITE0238,1,12.0,6.0,8.0,13.0,High Risk,12,2,0.1666666666666666,15,15,1.0,1.8666666666666667,1.0,0.0,0.0,0.0,0.0,0.0
SITE0238,2,5.0,1.0,8.1,8.6,High Risk,20,1,0.05,32,26,0.8125,1.3846153846153846,3.0,0.0,0.0,1.6666666666666667,0.0,0.0
SITE0238,3,5.0,9.0,9.0,8.2,High Risk,27,2,0.074074074074074,44,43,0.9772727272727272,2.581395348837209,3.0,0.0,0.0,2.333333333333333,0.0,0.0
SITE0238,4,11.0,6.0,8.714285714285714,5.0,High Risk,37,1,0.027027027027027,62,56,0.9032258064516128,2.1607142857142856,4.0,0.0,0.0,2.0,0.0,0.0
SITE0238,5,12.0,5.0,5.666666666666667,12.6,High Risk,31,1,0.032258064516129,49,47,0.9591836734693876,1.5106382978723405,5.0,0.0,0.0,2.4,0.0,0.0
SITE0238,6,6.0,4.0,10.0,5.75,High Risk,25,2,0.08,41,39,0.951219512195122,2.58974358974359,10.0,1.0,1.0,1.7,0.1,0.1
SITE0238,7,9.0,7.0,7.416666666666667,5.75,High Risk,27,1,0.037037037037037,42,39,0.9285714285714286,2.0,8.0,0.0,0.0,2.125,0.0,0.0
SITE0238,8,8.0,12.0,7.75,12.666666666666666,High Risk,27,6,0.2222222222222222,40,36,0.9,2.4166666666666665,14.0,2.0,2.0,2.0,0.1428571428571428,0.1428571428571428
SITE0238,9,4.0,1.0,7.875,11.0,High Risk,31,5,0.1612903225806451,51,47,0.9215686274509804,1.893617021276596,10.0,0.0,0.0,1.8,0.0,0.0
SITE0238,10,7.0,6.0,7.333333333333333,13.75,High Risk,31,9,0.2903225806451613,53,48,0.9056603773584906,2.208333333333333,8.0,1.0,1.0,2.875,0.125,0.125
SITE0238,11,12.0,5.0,7.5,10.25,High Risk,33,12,0.3636363636363636,57,53,0.9298245614035088,1.962264150943396,9.0,1.0,1.0,2.111111111111111,0.1111111111111111,0.1111111111111111
SITE0238,12,9.0,4.0,5.75,13.0,High Risk,20,12,0.6,60,55,0.9166666666666666,1.8727272727272728,30.0,1.0,1.0,1.8333333333333333,0.0333333333333333,0.0333333333333333
SITE0239,1,1.0,2.0,13.0,8.0,Stable,9,1,0.1111111111111111,11,11,1.0,2.090909090909091,1.0,0.0,0.0,2.0,0.0,0.0
SITE0239,2,2.0,0.0,10.5,15.0,Stable,17,1,0.0588235294117647,32,32,1.0,1.9375,4.0,0.0,0.0,1.5,0.0,0.0
SITE0239,3,0.0,1.0,7.25,0.0,Stable,23,3,0.1304347826086956,40,40,1.0,1.675,4.0,0.0,0.0,1.5,0.0,0.0
SITE0239,4,1.0,1.0,8.666666666666666,14.0,Stable,30,6,0.2,48,45,0.9375,1.7333333333333334,7.0,2.0,2.0,1.7142857142857142,0.2857142857142857,0.2857142857142857
SITE0239,5,1.0,0.0,3.0,0.0,Stable,25,6,0.24,39,37,0.9487179487179488,2.621621621621621,5.0,0.0,0.0,1.0,0.0,0.0
SITE0239,6,1.0,4.0,9.5,8.0,Stable,29,5,0.1724137931034483,45,38,0.8444444444444444,1.9210526315789476,17.0,0.0,0.0,2.0,0.0,0.0
SITE0239,7,0.0,0.0,2.0,12.0,Stable,28,7,0.25,47,43,0.9148936170212766,1.8604651162790695,6.0,1.0,1.0,1.0,0.1666666666666666,0.1666666666666666
SITE0239,8,1.0,2.0,0.0,19.0,Stable,36,6,0.1666666666666666,53,50,0.9433962264150944,2.32,9.0,1.0,1.0,1.7777777777777777,0.1111111111111111,0.1111111111111111
SITE0239,9,1.0,1.0,1.0,0.0,Stable,37,5,0.1351351351351351,59,56,0.9491525423728814,2.5357142857142856,9.0,1.0,1.0,1.1111111111111112,0.1111111111111111,0.1111111111111111
SITE0239,10,2.0,0.0,12.0,0.0,Stable,31,5,0.1612903225806451,52,50,0.9615384615384616,2.42,10.0,1.0,1.0,2.7,0.1,0.1
SITE0239,11,2.0,5.0,14.0,7.0,Stable,29,3,0.1034482758620689,45,38,0.8444444444444444,2.263157894736842,8.0,1.0,1.0,1.875,0.125,0.125
SITE0239,12,2.0,0.0,5.5,1.0,Stable,14,0,0.0,27,24,0.8888888888888888,2.25,35.0,2.0,2.0,1.7428571428571429,0.0571428571428571,0.0571428571428571
SITE0240,1,1.0,2.0,9.5,20.0,Stable,6,0,0.0,10,8,0.8,2.375,0.0,0.0,0.0,0.0,0.0,0.0
SITE0240,2,1.0,0.0,11.0,8.333333333333334,Stable,10,0,0.0,17,15,0.8823529411764706,2.2666666666666666,2.0,0.0,0.0,1.0,0.0,0.0
SITE0240,3,1.0,0.0,10.0,17.0,Stable,18,0,0.0,30,29,0.9666666666666668,1.793103448275862,3.0,0.0,0.0,2.0,0.0,0.0
SITE0240,4,2.0,1.0,1.0,12.0,Stable,23,0,0.0,36,33,0.9166666666666666,1.6363636363636365,0.0,0.0,0.0,0.0,0.0,0.0
SITE0240,5,4.0,3.0,10.0,6.0,Stable,29,0,0.0,46,41,0.8913043478260869,2.2195121951219514,3.0,0.0,0.0,2.6666666666666665,0.0,0.0
SITE0240,6,1.0,0.0,3.0,0.0,Stable,28,1,0.0357142857142857,45,41,0.9111111111111112,2.097560975609756,8.0,0.0,0.0,1.875,0.0,0.0
SITE0240,7,3.0,1.0,6.5,0.0,Stable,30,3,0.1,48,44,0.9166666666666666,2.522727272727273,7.0,0.0,0.0,3.0,0.0,0.0
SITE0240,8,0.0,2.0,8.0,10.0,Stable,33,5,0.1515151515151515,54,48,0.8888888888888888,1.9166666666666667,10.0,2.0,2.0,1.9,0.2,0.2
SITE0240,9,1.0,0.0,0.0,5.0,Stable,30,6,0.2,50,44,0.88,1.8863636363636365,9.0,1.0,1.0,1.4444444444444444,0.1111111111111111,0.1111111111111111
SITE0240,10,2.0,1.0,11.0,0.0,Stable,34,5,0.1470588235294117,51,49,0.9607843137254902,2.0,9.0,0.0,0.0,2.333333333333333,0.0,0.0
SITE0240,11,1.0,1.0,8.0,10.0,Stable,27,6,0.2222222222222222,45,40,0.8888888888888888,2.175,8.0,0.0,0.0,1.875,0.0,0.0
SITE0240,12,1.0,0.0,7.666666666666667,18.0,Stable,18,4,0.2222222222222222,54,48,0.8888888888888888,2.0416666666666665,32.0,2.0,2.0,2.28125,0.0625,0.0625
SITE0241,1,4.0,1.0,9.0,0.0,Stable,10,1,0.1,14,13,0.9285714285714286,1.7692307692307692,0.0,0.0,0.0,0.0,0.0,0.0
SITE0241,2,6.0,1.0,0.0,0.0,Stable,20,3,0.15,32,32,1.0,2.1875,1.0,1.0,1.0,2.0,1.0,1.0
SITE0241,3,0.0,0.0,4.0,0.0,Stable,30,2,0.0666666666666666,48,43,0.8958333333333334,1.7209302325581397,5.0,1.0,1.0,2.0,0.2,0.2
SITE0241,4,1.0,1.0,0.0,0.0,Stable,46,4,0.0869565217391304,70,67,0.9571428571428572,2.149253731343284,8.0,0.0,0.0,2.0,0.0,0.0
SITE0241,5,2.0,0.0,0.0,0.0,Stable,43,6,0.1395348837209302,74,65,0.8783783783783784,1.6307692307692307,4.0,0.0,0.0,2.0,0.0,0.0
SITE0241,6,0.0,1.0,5.0,6.0,Stable,45,7,0.1555555555555555,72,67,0.9305555555555556,2.1194029850746268,8.0,1.0,1.0,0.75,0.125,0.125
SITE0241,7,5.0,1.0,0.0,9.0,Stable,39,7,0.1794871794871795,60,53,0.8833333333333333,2.60377358490566,11.0,2.0,2.0,1.4545454545454546,0.1818181818181818,0.1818181818181818
SITE0241,8,2.0,2.0,0.0,16.0,Stable,34,6,0.1764705882352941,50,48,0.96,2.4375,13.0,2.0,2.0,2.230769230769231,0.1538461538461538,0.1538461538461538
SITE0241,9,3.0,1.0,0.0,0.0,Stable,32,4,0.125,49,48,0.979591836734694,2.645833333333333,4.0,1.0,1.0,1.25,0.25,0.25
SITE0241,10,2.0,1.0,9.0,9.0,Stable,34,3,0.088235294117647,59,57,0.9661016949152542,1.7719298245614037,10.0,1.0,1.0,1.7,0.1,0.1
SITE0241,11,1.0,1.0,9.0,7.0,Stable,34,5,0.1470588235294117,55,49,0.8909090909090909,2.26530612244898,5.0,0.0,0.0,2.4,0.0,0.0
SITE0241,12,1.0,1.0,6.0,6.5,Stable,26,6,0.2307692307692307,71,64,0.9014084507042254,2.5,38.0,5.0,5.0,1.394736842105263,0.131578947368421,0.131578947368421
SITE0242,1,2.0,1.0,0.0,10.0,Stable,11,6,0.5454545454545454,16,15,0.9375,0.8666666666666667,0.0,0.0,0.0,0.0,0.0,0.0
SITE0242,2,3.0,0.0,0.0,0.0,Stable,19,7,0.3684210526315789,31,29,0.935483870967742,1.827586206896552,1.0,0.0,0.0,0.0,0.0,0.0
SITE0242,3,2.0,1.0,4.0,11.666666666666666,Stable,29,11,0.3793103448275862,51,45,0.8823529411764706,2.2222222222222223,4.0,0.0,0.0,0.0,0.0,0.0
SITE0242,4,1.0,2.0,13.0,1.0,Stable,37,8,0.2162162162162162,56,54,0.9642857142857144,1.9444444444444444,4.0,0.0,0.0,2.0,0.0,0.0
SITE0242,5,2.0,0.0,1.0,0.0,Stable,30,6,0.2,49,46,0.9387755102040816,1.5,2.0,0.0,0.0,2.0,0.0,0.0
SITE0242,6,3.0,2.0,4.5,0.0,Stable,34,2,0.0588235294117647,51,46,0.9019607843137256,1.7391304347826086,9.0,0.0,0.0,1.4444444444444444,0.0,0.0
SITE0242,7,2.0,0.0,14.0,7.666666666666667,Stable,38,3,0.0789473684210526,51,49,0.9607843137254902,1.7142857142857142,8.0,2.0,2.0,2.0,0.25,0.25
SITE0242,8,1.0,1.0,0.0,18.0,Stable,36,4,0.1111111111111111,59,50,0.847457627118644,2.0,14.0,1.0,1.0,1.4285714285714286,0.0714285714285714,0.0714285714285714
SITE0242,9,1.0,1.0,13.0,0.0,Stable,40,6,0.15,63,58,0.9206349206349206,2.086206896551724,9.0,0.0,0.0,1.4444444444444444,0.0,0.0
SITE0242,10,3.0,2.0,0.0,0.0,Stable,34,7,0.2058823529411764,53,47,0.8867924528301887,2.0851063829787235,12.0,0.0,0.0,2.083333333333333,0.0,0.0
SITE0242,11,4.0,0.0,3.0,6.0,Stable,37,8,0.2162162162162162,60,56,0.9333333333333332,2.1607142857142856,9.0,1.0,1.0,2.0,0.1111111111111111,0.1111111111111111
SITE0242,12,1.0,0.0,5.5,0.0,Stable,31,16,0.5161290322580645,96,92,0.9583333333333334,2.119565217391304,39.0,1.0,1.0,1.5897435897435896,0.0256410256410256,0.0256410256410256
SITE0243,1,3.0,1.0,7.0,0.0,Stable,14,2,0.1428571428571428,17,15,0.8823529411764706,2.6,1.0,0.0,0.0,0.0,0.0,0.0
SITE0243,2,3.0,0.0,9.5,16.5,Stable,25,4,0.16,41,35,0.8536585365853658,2.6,4.0,0.0,0.0,1.0,0.0,0.0
SITE0243,3,1.0,3.0,11.5,12.5,Stable,31,5,0.1612903225806451,51,48,0.9411764705882352,1.6666666666666667,4.0,0.0,0.0,2.0,0.0,0.0
SITE0243,4,1.0,1.0,6.0,10.5,Stable,44,6,0.1363636363636363,68,60,0.8823529411764706,2.4166666666666665,7.0,0.0,0.0,1.5714285714285714,0.0,0.0
SITE0243,5,3.0,0.0,4.0,2.0,Stable,37,8,0.2162162162162162,59,56,0.9491525423728814,2.0,6.0,1.0,1.0,1.1666666666666667,0.1666666666666666,0.1666666666666666
SITE0243,6,0.0,0.0,7.5,8.0,Stable,42,9,0.2142857142857142,67,60,0.8955223880597015,2.45,17.0,1.0,1.0,1.3529411764705883,0.0588235294117647,0.0588235294117647
SITE0243,7,0.0,0.0,5.0,12.5,Stable,40,7,0.175,65,60,0.9230769230769232,2.2,15.0,0.0,0.0,2.2,0.0,0.0
SITE0243,8,2.0,1.0,5.0,1.0,Stable,36,4,0.1111111111111111,57,53,0.9298245614035088,1.660377358490566,8.0,1.0,1.0,1.0,0.125,0.125
SITE0243,9,0.0,0.0,12.0,6.0,Stable,49,4,0.0816326530612244,77,73,0.948051948051948,2.3835616438356166,10.0,0.0,0.0,2.4,0.0,0.0
SITE0243,10,3.0,0.0,3.0,13.0,Stable,43,7,0.1627906976744186,72,68,0.9444444444444444,2.5,11.0,0.0,0.0,2.090909090909091,0.0,0.0
SITE0243,11,4.0,0.0,10.5,0.0,Stable,44,5,0.1136363636363636,75,65,0.8666666666666667,2.292307692307692,13.0,0.0,0.0,0.6923076923076923,0.0,0.0
SITE0243,12,3.0,1.0,9.0,8.0,Stable,30,5,0.1666666666666666,77,72,0.935064935064935,1.9861111111111112,38.0,2.0,2.0,2.0526315789473686,0.0526315789473684,0.0526315789473684
SITE0244,1,10.0,5.0,7.444444444444445,5.5,High Risk,9,1,0.1111111111111111,13,12,0.9230769230769232,0.5833333333333334,0.0,0.0,0.0,0.0,0.0,0.0
SITE0244,2,8.0,3.0,10.25,14.5,High Risk,18,4,0.2222222222222222,26,26,1.0,2.076923076923077,0.0,0.0,0.0,0.0,0.0,0.0
SITE0244,3,4.0,6.0,10.0,1.0,High Risk,27,3,0.1111111111111111,44,41,0.9318181818181818,2.365853658536585,2.0,0.0,0.0,1.5,0.0,0.0
SITE0244,4,7.0,7.0,10.5,14.666666666666666,High Risk,34,4,0.1176470588235294,56,53,0.9464285714285714,2.0754716981132075,4.0,0.0,0.0,0.75,0.0,0.0
SITE0244,5,12.0,5.0,4.555555555555555,15.8,High Risk,37,6,0.1621621621621621,62,55,0.8870967741935484,2.1272727272727274,7.0,0.0,0.0,2.0,0.0,0.0
SITE0244,6,17.0,5.0,7.625,8.0,High Risk,38,4,0.1052631578947368,56,52,0.9285714285714286,2.269230769230769,9.0,0.0,0.0,1.1111111111111112,0.0,0.0
SITE0244,7,10.0,3.0,7.75,12.0,High Risk,36,9,0.25,57,52,0.912280701754386,2.4423076923076925,10.0,0.0,0.0,2.3,0.0,0.0
SITE0244,8,10.0,4.0,8.125,5.6,High Risk,42,9,0.2142857142857142,65,61,0.9384615384615383,2.442622950819672,12.0,1.0,1.0,1.5,0.0833333333333333,0.0833333333333333
SITE0244,9,7.0,1.0,8.0,12.166666666666666,High Risk,44,7,0.1590909090909091,73,67,0.9178082191780822,2.298507462686567,13.0,0.0,0.0,2.4615384615384617,0.0,0.0
SITE0244,10,5.0,2.0,8.8,8.666666666666666,High Risk,37,5,0.1351351351351351,60,51,0.85,2.1372549019607843,10.0,0.0,0.0,1.1,0.0,0.0
SITE0244,11,9.0,3.0,7.25,11.428571428571429,High Risk,30,2,0.0666666666666666,43,39,0.9069767441860463,2.102564102564102,9.0,1.0,1.0,1.5555555555555556,0.1111111111111111,0.1111111111111111
SITE0244,12,4.0,7.0,5.333333333333333,10.333333333333334,High Risk,16,0,0.0,33,28,0.8484848484848485,2.2857142857142856,31.0,0.0,0.0,1.6774193548387095,0.0,0.0
SITE0245,1,1.0,3.0,0.0,15.0,Stable,7,4,0.5714285714285714,11,7,0.6363636363636364,2.2857142857142856,1.0,0.0,0.0,0.0,0.0,0.0
SITE0245,2,1.0,1.0,11.5,7.333333333333333,Stable,18,5,0.2777777777777778,26,24,0.9230769230769232,1.1666666666666667,2.0,0.0,0.0,3.5,0.0,0.0
SITE0245,3,2.0,2.0,6.25,2.0,Stable,26,10,0.3846153846153846,38,37,0.9736842105263158,2.1621621621621623,6.0,1.0,1.0,2.6666666666666665,0.1666666666666666,0.1666666666666666
SITE0245,4,4.0,2.0,7.5,0.0,Stable,34,7,0.2058823529411764,58,54,0.9310344827586208,2.0185185185185186,5.0,2.0,2.0,0.8,0.4,0.4
SITE0245,5,2.0,1.0,0.0,0.0,Stable,36,9,0.25,64,53,0.828125,2.018867924528302,11.0,1.0,1.0,3.0,0.0909090909090909,0.0909090909090909
SITE0245,6,3.0,2.0,0.0,10.0,Stable,31,4,0.1290322580645161,48,44,0.9166666666666666,1.7272727272727273,6.0,0.0,0.0,0.8333333333333334,0.0,0.0
SITE0245,7,1.0,0.0,9.0,0.0,Stable,33,4,0.1212121212121212,52,49,0.9423076923076924,1.530612244897959,7.0,1.0,1.0,2.4285714285714284,0.1428571428571428,0.1428571428571428
SITE0245,8,2.0,1.0,13.0,0.0,Stable,28,3,0.1071428571428571,40,34,0.85,1.8529411764705883,9.0,0.0,0.0,2.555555555555556,0.0,0.0
SITE0245,9,4.0,3.0,7.25,16.0,Stable,28,3,0.1071428571428571,45,42,0.9333333333333332,2.6904761904761907,5.0,0.0,0.0,3.0,0.0,0.0
SITE0245,10,1.0,1.0,0.0,3.0,Stable,35,3,0.0857142857142857,55,53,0.9636363636363636,2.2641509433962264,12.0,0.0,0.0,1.4166666666666667,0.0,0.0
SITE0245,11,0.0,0.0,2.0,0.0,Stable,32,7,0.21875,53,47,0.8867924528301887,1.893617021276596,14.0,0.0,0.0,1.5,0.0,0.0
SITE0245,12,2.0,0.0,0.0,10.5,Stable,25,13,0.52,74,68,0.918918918918919,2.338235294117647,48.0,6.0,6.0,1.7083333333333333,0.125,0.125
SITE0246,1,1.0,1.0,0.0,0.0,Deteriorating,10,1,0.1,14,14,1.0,2.2142857142857144,1.0,0.0,0.0,4.0,0.0,0.0
SITE0246,2,0.0,1.0,0.0,7.0,Deteriorating,27,5,0.1851851851851851,43,39,0.9069767441860463,2.051282051282051,3.0,0.0,0.0,1.3333333333333333,0.0,0.0
SITE0246,3,2.0,1.0,6.0,15.0,Deteriorating,38,11,0.2894736842105263,61,56,0.918032786885246,2.107142857142857,4.0,0.0,0.0,3.75,0.0,0.0
SITE0246,4,4.0,0.0,10.5,8.333333333333334,Deteriorating,59,12,0.2033898305084746,97,82,0.845360824742268,2.3536585365853657,5.0,0.0,0.0,0.6,0.0,0.0
SITE0246,5,1.0,3.0,8.0,11.5,Deteriorating,49,9,0.1836734693877551,74,67,0.9054054054054054,2.462686567164179,9.0,1.0,1.0,0.7777777777777778,0.1111111111111111,0.1111111111111111
SITE0246,6,3.0,2.0,10.0,6.0,Deteriorating,46,4,0.0869565217391304,73,62,0.8493150684931506,2.596774193548387,9.0,0.0,0.0,2.2222222222222223,0.0,0.0
SITE0246,7,7.0,6.0,7.0,9.5,Deteriorating,46,3,0.0652173913043478,63,61,0.9682539682539684,2.065573770491804,21.0,1.0,1.0,2.142857142857143,0.0476190476190476,0.0476190476190476
SITE0246,8,5.0,3.0,11.333333333333334,18.0,Deteriorating,41,5,0.1219512195121951,70,63,0.9,2.0476190476190474,14.0,1.0,1.0,2.0,0.0714285714285714,0.0714285714285714
SITE0246,9,3.0,4.0,8.857142857142858,11.0,Deteriorating,40,5,0.125,60,51,0.85,2.4901960784313726,15.0,0.0,0.0,1.4666666666666666,0.0,0.0
SITE0246,10,4.0,3.0,11.0,8.25,Deteriorating,47,5,0.1063829787234042,75,71,0.9466666666666668,2.183098591549296,15.0,2.0,2.0,1.4,0.1333333333333333,0.1333333333333333
SITE0246,11,5.0,5.0,6.666666666666667,8.0,Deteriorating,46,8,0.1739130434782608,79,75,0.9493670886075948,1.8533333333333333,11.0,0.0,0.0,1.3636363636363635,0.0,0.0
SITE0246,12,7.0,0.0,9.666666666666666,9.5,Deteriorating,32,10,0.3125,95,89,0.936842105263158,2.168539325842697,63.0,2.0,2.0,1.4126984126984128,0.0317460317460317,0.0317460317460317
SITE0247,1,0.0,0.0,0.0,0.0,,7,0,0.0,10,10,1.0,2.3,0.0,0.0,0.0,0.0,0.0,0.0
SITE0247,2,2.0,1.0,13.0,0.0,Stable,13,0,0.0,22,20,0.9090909090909092,1.95,0.0,0.0,0.0,0.0,0.0,0.0
SITE0247,3,2.0,1.0,8.5,0.0,Stable,22,5,0.2272727272727272,34,34,1.0,1.911764705882353,3.0,0.0,0.0,0.0,0.0,0.0
SITE0247,4,3.0,2.0,9.5,4.0,Stable,33,9,0.2727272727272727,54,53,0.9814814814814816,2.0,3.0,1.0,1.0,2.0,0.3333333333333333,0.3333333333333333
SITE0247,5,2.0,2.0,1.0,0.0,Stable,34,9,0.2647058823529412,56,50,0.8928571428571429,2.66,7.0,1.0,1.0,3.0,0.1428571428571428,0.1428571428571428
SITE0247,6,0.0,1.0,4.0,16.5,Stable,39,7,0.1794871794871795,62,59,0.9516129032258064,2.016949152542373,5.0,0.0,0.0,2.2,0.0,0.0
SITE0247,7,2.0,0.0,0.0,12.0,Stable,35,3,0.0857142857142857,58,55,0.9482758620689656,1.7272727272727273,17.0,1.0,1.0,1.2941176470588236,0.0588235294117647,0.0588235294117647
SITE0247,8,1.0,1.0,13.0,20.0,Stable,33,6,0.1818181818181818,48,45,0.9375,1.711111111111111,12.0,1.0,1.0,2.25,0.0833333333333333,0.0833333333333333
SITE0247,9,1.0,2.0,0.0,14.666666666666666,Stable,30,8,0.2666666666666666,47,43,0.9148936170212766,2.0,8.0,0.0,0.0,1.625,0.0,0.0
SITE0247,10,5.0,0.0,0.0,11.0,Stable,27,7,0.2592592592592592,44,44,1.0,2.090909090909091,13.0,0.0,0.0,2.076923076923077,0.0,0.0
SITE0247,11,4.0,0.0,8.0,12.0,Stable,26,5,0.1923076923076923,40,38,0.95,2.0789473684210527,9.0,2.0,2.0,1.6666666666666667,0.2222222222222222,0.2222222222222222
SITE0247,12,3.0,0.0,11.333333333333334,2.0,Stable,20,1,0.05,59,51,0.864406779661017,2.313725490196078,26.0,0.0,0.0,2.4615384615384617,0.0,0.0
SITE0248,1,6.0,1.0,8.875,7.0,High Risk,4,3,0.75,6,6,1.0,1.3333333333333333,0.0,0.0,0.0,0.0,0.0,0.0
SITE0248,2,8.0,4.0,7.125,3.0,High Risk,18,5,0.2777777777777778,27,26,0.9629629629629628,1.3461538461538465,2.0,0.0,0.0,2.5,0.0,0.0
SITE0248,3,12.0,7.0,7.25,12.0,High Risk,25,7,0.28,42,38,0.9047619047619048,2.263157894736842,5.0,1.0,1.0,1.2,0.2,0.2
SITE0248,4,10.0,5.0,8.625,10.0,High Risk,29,7,0.2413793103448276,52,46,0.8846153846153846,1.8478260869565215,6.0,0.0,0.0,3.0,0.0,0.0
SITE0248,5,10.0,5.0,9.0,12.0,High Risk,29,3,0.1034482758620689,42,38,0.9047619047619048,2.131578947368421,3.0,0.0,0.0,2.6666666666666665,0.0,0.0
SITE0248,6,10.0,6.0,5.0,9.444444444444445,High Risk,27,2,0.074074074074074,37,34,0.918918918918919,1.7352941176470589,9.0,0.0,0.0,1.1111111111111112,0.0,0.0
SITE0248,7,5.0,3.0,7.428571428571429,5.0,High Risk,30,1,0.0333333333333333,52,49,0.9423076923076924,1.959183673469388,5.0,0.0,0.0,0.4,0.0,0.0
SITE0248,8,9.0,3.0,8.4,9.571428571428571,High Risk,35,2,0.0571428571428571,55,50,0.9090909090909092,1.88,10.0,0.0,0.0,1.3,0.0,0.0
SITE0248,9,17.0,5.0,6.2,6.666666666666667,High Risk,32,1,0.03125,48,47,0.9791666666666666,2.042553191489361,8.0,0.0,0.0,2.75,0.0,0.0
SITE0248,10,7.0,5.0,10.5,15.0,High Risk,30,2,0.0666666666666666,49,44,0.8979591836734694,1.9318181818181817,6.0,0.0,0.0,2.6666666666666665,0.0,0.0
SITE0248,11,6.0,6.0,8.571428571428571,9.333333333333334,High Risk,30,1,0.0333333333333333,47,39,0.8297872340425532,2.076923076923077,10.0,0.0,0.0,2.6,0.0,0.0
SITE0248,12,12.0,2.0,6.857142857142857,13.714285714285714,High Risk,23,2,0.0869565217391304,65,62,0.953846153846154,2.2096774193548385,39.0,1.0,1.0,1.5128205128205128,0.0256410256410256,0.0256410256410256
SITE0249,1,5.0,1.0,11.5,0.0,Anomalous,11,2,0.1818181818181818,17,16,0.9411764705882352,1.6875,0.0,0.0,0.0,0.0,0.0,0.0
SITE0249,2,1.0,2.0,0.0,9.0,Anomalous,22,2,0.0909090909090909,34,32,0.9411764705882352,2.1875,2.0,1.0,1.0,0.0,0.5,0.5
SITE0249,3,6.0,0.0,3.333333333333333,10.5,Anomalous,32,5,0.15625,50,42,0.84,1.5,6.0,0.0,0.0,1.0,0.0,0.0
SITE0249,4,3.0,6.0,11.25,9.0,Anomalous,44,7,0.1590909090909091,70,60,0.8571428571428571,1.8666666666666667,11.0,0.0,0.0,1.0909090909090908,0.0,0.0
SITE0249,5,2.0,2.0,1.0,9.25,Anomalous,48,7,0.1458333333333333,79,73,0.9240506329113924,1.917808219178082,6.0,0.0,0.0,0.6666666666666666,0.0,0.0
SITE0249,6,2.0,4.0,7.333333333333333,7.333333333333333,Anomalous,58,9,0.1551724137931034,91,78,0.8571428571428571,2.3205128205128207,10.0,1.0,1.0,3.4,0.1,0.1
SITE0249,7,0.0,2.0,8.0,2.0,Anomalous,63,8,0.1269841269841269,99,91,0.9191919191919192,2.2527472527472527,16.0,3.0,3.0,2.25,0.1875,0.1875
SITE0249,8,4.0,3.0,4.0,8.5,Anomalous,62,8,0.1290322580645161,97,87,0.8969072164948454,2.1494252873563218,16.0,0.0,0.0,2.125,0.0,0.0
SITE0249,9,17.0,14.0,10.375,12.5,Anomalous,59,6,0.1016949152542373,95,90,0.9473684210526316,2.422222222222222,17.0,0.0,0.0,2.0588235294117645,0.0,0.0
SITE0249,10,1.0,2.0,11.0,14.0,Anomalous,53,6,0.1132075471698113,89,80,0.898876404494382,1.9,18.0,0.0,0.0,1.5555555555555556,0.0,0.0
SITE0249,11,6.0,1.0,9.666666666666666,9.5,Anomalous,47,5,0.1063829787234042,82,76,0.926829268292683,2.0526315789473686,18.0,0.0,0.0,2.0,0.0,0.0
SITE0249,12,3.0,4.0,9.4,16.0,Anomalous,35,7,0.2,91,78,0.8571428571428571,2.551282051282051,57.0,5.0,5.0,1.6666666666666667,0.087719298245614,0.087719298245614
SITE0250,1,4.0,1.0,3.0,17.0,Stable,11,0,0.0,14,14,1.0,3.071428571428572,1.0,0.0,0.0,0.0,0.0,0.0
SITE0250,2,3.0,1.0,1.0,0.0,Stable,25,2,0.08,41,39,0.951219512195122,1.564102564102564,1.0,0.0,0.0,3.0,0.0,0.0
SITE0250,3,0.0,0.0,10.0,13.0,Stable,35,4,0.1142857142857142,59,52,0.8813559322033898,2.673076923076923,5.0,1.0,1.0,1.6,0.2,0.2
SITE0250,4,1.0,0.0,6.0,10.0,Stable,52,5,0.0961538461538461,82,77,0.9390243902439024,1.8831168831168832,7.0,0.0,0.0,1.1428571428571428,0.0,0.0
SITE0250,5,1.0,2.0,0.0,7.0,Stable,53,10,0.1886792452830188,84,78,0.9285714285714286,1.7820512820512822,8.0,1.0,1.0,1.375,0.125,0.125
SITE0250,6,2.0,0.0,11.0,6.0,Stable,52,16,0.3076923076923077,88,83,0.9431818181818182,2.27710843373494,7.0,0.0,0.0,2.2857142857142856,0.0,0.0
SITE0250,7,0.0,1.0,9.0,18.0,Stable,54,16,0.2962962962962963,87,82,0.942528735632184,2.2195121951219514,13.0,0.0,0.0,0.4615384615384615,0.0,0.0
SITE0250,8,3.0,0.0,0.0,0.0,Stable,48,9,0.1875,81,68,0.8395061728395061,2.1323529411764706,20.0,0.0,0.0,1.8,0.0,0.0
SITE0250,9,1.0,1.0,0.0,0.0,Stable,50,7,0.14,80,74,0.925,2.081081081081081,16.0,1.0,1.0,1.75,0.0625,0.0625
SITE0250,10,1.0,2.0,9.0,6.5,Stable,57,6,0.1052631578947368,91,84,0.9230769230769232,1.9761904761904765,15.0,3.0,3.0,1.8,0.2,0.2
SITE0250,11,3.0,1.0,0.0,16.0,Stable,49,5,0.1020408163265306,78,75,0.9615384615384616,1.92,22.0,4.0,4.0,1.818181818181818,0.1818181818181818,0.1818181818181818
SITE0250,12,3.0,0.0,8.6,0.0,Stable,39,4,0.1025641025641025,103,92,0.8932038834951457,1.934782608695652,44.0,4.0,4.0,1.681818181818182,0.0909090909090909,0.0909090909090909
