site_id,monitoring_period,total_patients,dropped_out_patients,patient_dropout_rate,total_visits,completed_visits,visit_completion_rate,average_visit_delay_days
SITE0001,1,10,0,0.0,15,14,0.9333333333333333,1.6428571428571428
SITE0001,2,20,1,0.05,30,29,0.9666666666666667,1.9310344827586208
SITE0001,3,32,6,0.1875,55,50,0.9090909090909091,1.9
SITE0001,4,42,6,0.14285714285714285,65,64,0.9846153846153847,1.390625
SITE0001,5,39,5,0.1282051282051282,59,55,0.9322033898305084,2.5090909090909093
SITE0001,6,35,4,0.11428571428571428,54,50,0.9259259259259259,2.38
SITE0001,7,39,4,0.10256410256410256,64,60,0.9375,1.8166666666666667
SITE0001,8,37,2,0.05405405405405406,61,58,0.9508196721311475,1.9827586206896552
SITE0001,9,39,4,0.10256410256410256,63,55,0.873015873015873,2.2
SITE0001,10,35,3,0.08571428571428572,53,47,0.8867924528301887,1.6808510638297873
SITE0001,11,34,1,0.029411764705882353,54,47,0.8703703703703703,2.148936170212766
SITE0001,12,26,0,0.0,87,80,0.9195402298850575,2.4375
SITE0002,1,9,2,0.2222222222222222,14,14,1.0,1.7142857142857142
SITE0002,2,20,1,0.05,31,28,0.9032258064516129,1.7857142857142858
SITE0002,3,30,8,0.26666666666666666,47,45,0.9574468085106383,2.2444444444444445
SITE0002,4,38,14,0.3684210526315789,62,55,0.8870967741935484,2.109090909090909
SITE0002,5,39,17,0.4358974358974359,60,56,0.9333333333333333,2.6964285714285716
SITE0002,6,40,12,0.3,66,60,0.9090909090909091,1.75
SITE0002,7,41,5,0.12195121951219512,64,60,0.9375,2.1166666666666667
SITE0002,8,44,3,0.06818181818181818,67,62,0.9253731343283582,2.0483870967741935
SITE0002,9,39,5,0.1282051282051282,63,57,0.9047619047619048,2.017543859649123
SITE0002,10,41,5,0.12195121951219512,65,60,0.9230769230769231,2.433333333333333
SITE0002,11,40,6,0.15,69,66,0.9565217391304348,1.7727272727272727
SITE0002,12,28,6,0.21428571428571427,82,73,0.8902439024390244,1.547945205479452
SITE0003,1,7,3,0.42857142857142855,9,9,1.0,1.3333333333333333
SITE0003,2,15,3,0.2,23,23,1.0,1.7826086956521738
SITE0003,3,29,7,0.2413793103448276,45,39,0.8666666666666667,2.41025641025641
SITE0003,4,36,6,0.16666666666666666,62,55,0.8870967741935484,1.8909090909090909
SITE0003,5,42,4,0.09523809523809523,70,66,0.9428571428571428,2.090909090909091
SITE0003,6,46,3,0.06521739130434782,71,69,0.971830985915493,1.4202898550724639
SITE0003,7,45,4,0.08888888888888889,72,61,0.8472222222222222,1.8360655737704918
SITE0003,8,47,5,0.10638297872340426,75,68,0.9066666666666666,2.3676470588235294
SITE0003,9,56,9,0.16071428571428573,92,89,0.967391304347826,2.4831460674157304
SITE0003,10,57,10,0.17543859649122806,91,77,0.8461538461538461,1.844155844155844
SITE0003,11,58,11,0.1896551724137931,97,88,0.9072164948453608,2.159090909090909
SITE0003,12,46,13,0.2826086956521739,127,121,0.952755905511811,2.1404958677685952
SITE0004,1,10,0,0.0,15,15,1.0,1.5333333333333334
SITE0004,2,18,0,0.0,30,28,0.9333333333333333,2.0357142857142856
SITE0004,3,28,0,0.0,41,37,0.9024390243902439,2.4324324324324325
SITE0004,4,33,0,0.0,51,51,1.0,2.3529411764705883
SITE0004,5,31,0,0.0,50,48,0.96,3.125
SITE0004,6,30,1,0.03333333333333333,48,43,0.8958333333333334,2.3488372093023258
SITE0004,7,25,4,0.16,45,43,0.9555555555555556,1.9534883720930232
SITE0004,8,28,4,0.14285714285714285,45,41,0.9111111111111111,2.097560975609756
SITE0004,9,27,4,0.14814814814814814,43,43,1.0,2.2325581395348837
SITE0004,10,28,3,0.10714285714285714,44,35,0.7954545454545454,2.2285714285714286
SITE0004,11,26,2,0.07692307692307693,40,37,0.925,2.1621621621621623
SITE0004,12,19,0,0.0,58,54,0.9310344827586207,2.111111111111111
SITE0005,1,14,1,0.07142857142857142,20,19,0.95,2.1578947368421053
SITE0005,2,27,4,0.14814814814814814,43,41,0.9534883720930233,2.292682926829268
SITE0005,3,38,4,0.10526315789473684,62,54,0.8709677419354839,1.8148148148148149
SITE0005,4,45,7,0.15555555555555556,74,68,0.918918918918919,1.6911764705882353
SITE0005,5,37,5,0.13513513513513514,62,57,0.9193548387096774,1.631578947368421
SITE0005,6,42,5,0.11904761904761904,65,63,0.9692307692307692,2.1904761904761907
SITE0005,7,45,6,0.13333333333333333,72,67,0.9305555555555556,1.6567164179104477
SITE0005,8,48,12,0.25,82,78,0.9512195121951219,1.8205128205128205
SITE0005,9,53,15,0.2830188679245283,83,78,0.9397590361445783,1.4102564102564104
SITE0005,10,45,12,0.26666666666666666,69,65,0.9420289855072463,2.1846153846153844
SITE0005,11,41,11,0.2682926829268293,67,61,0.9104477611940298,2.1311475409836067
SITE0005,12,29,8,0.27586206896551724,75,68,0.9066666666666666,2.3970588235294117
SITE0006,1,14,1,0.07142857142857142,20,20,1.0,2.1
SITE0006,2,31,2,0.06451612903225806,53,48,0.9056603773584906,1.75
SITE0006,3,40,2,0.05,69,64,0.927536231884058,2.6875
SITE0006,4,46,1,0.021739130434782608,72,61,0.8472222222222222,1.9344262295081966
SITE0006,5,44,1,0.022727272727272728,64,58,0.90625,2.1551724137931036
SITE0006,6,41,5,0.12195121951219512,67,60,0.8955223880597015,1.9166666666666667
SITE0006,7,47,5,0.10638297872340426,76,70,0.9210526315789473,2.2285714285714286
SITE0006,8,49,5,0.10204081632653061,79,75,0.9493670886075949,2.2133333333333334
SITE0006,9,52,5,0.09615384615384616,78,72,0.9230769230769231,2.6805555555555554
SITE0006,10,54,3,0.05555555555555555,86,78,0.9069767441860465,2.0
SITE0006,11,51,7,0.13725490196078433,84,77,0.9166666666666666,2.272727272727273
SITE0006,12,37,11,0.2972972972972973,104,97,0.9326923076923077,2.618556701030928
SITE0007,1,10,0,0.0,15,15,1.0,2.3333333333333335
SITE0007,2,20,0,0.0,31,29,0.9354838709677419,1.4137931034482758
SITE0007,3,38,6,0.15789473684210525,61,58,0.9508196721311475,2.2241379310344827
SITE0007,4,54,9,0.16666666666666666,84,73,0.8690476190476191,1.917808219178082
SITE0007,5,56,14,0.25,91,80,0.8791208791208791,2.025
SITE0007,6,55,12,0.21818181818181817,83,77,0.927710843373494,2.5974025974025974
SITE0007,7,46,8,0.17391304347826086,77,71,0.922077922077922,2.0140845070422535
SITE0007,8,37,5,0.13513513513513514,65,60,0.9230769230769231,2.25
SITE0007,9,34,5,0.14705882352941177,48,44,0.9166666666666666,1.3409090909090908
SITE0007,10,36,5,0.1388888888888889,61,58,0.9508196721311475,2.3448275862068964
SITE0007,11,33,5,0.15151515151515152,54,49,0.9074074074074074,1.6938775510204083
SITE0007,12,24,3,0.125,62,59,0.9516129032258065,1.694915254237288
SITE0008,1,13,1,0.07692307692307693,19,19,1.0,1.5789473684210527
SITE0008,2,20,2,0.1,32,29,0.90625,2.2413793103448274
SITE0008,3,35,4,0.11428571428571428,56,51,0.9107142857142857,2.2745098039215685
SITE0008,4,45,6,0.13333333333333333,73,68,0.9315068493150684,2.3970588235294117
SITE0008,5,46,4,0.08695652173913043,76,70,0.9210526315789473,2.5285714285714285
SITE0008,6,46,5,0.10869565217391304,73,68,0.9315068493150684,2.2941176470588234
SITE0008,7,48,2,0.041666666666666664,78,70,0.8974358974358975,2.557142857142857
SITE0008,8,44,0,0.0,67,63,0.9402985074626866,1.4603174603174602
SITE0008,9,49,2,0.04081632653061224,79,70,0.8860759493670886,1.7571428571428571
SITE0008,10,55,1,0.01818181818181818,82,74,0.9024390243902439,1.8783783783783783
SITE0008,11,52,3,0.057692307692307696,89,82,0.9213483146067416,1.9024390243902438
SITE0008,12,39,6,0.15384615384615385,116,102,0.8793103448275862,2.2058823529411766
SITE0009,1,19,3,0.15789473684210525,32,30,0.9375,1.7
SITE0009,2,30,6,0.2,51,47,0.9215686274509803,1.7234042553191489
SITE0009,3,44,9,0.20454545454545456,74,70,0.9459459459459459,2.157142857142857
SITE0009,4,47,7,0.14893617021276595,77,73,0.948051948051948,1.6575342465753424
SITE0009,5,43,4,0.09302325581395349,66,58,0.8787878787878788,2.4655172413793105
SITE0009,6,49,4,0.08163265306122448,76,69,0.9078947368421053,2.2753623188405796
SITE0009,7,51,10,0.19607843137254902,81,76,0.9382716049382716,1.9736842105263157
SITE0009,8,52,10,0.19230769230769232,86,80,0.9302325581395349,2.1875
SITE0009,9,50,8,0.16,73,67,0.9178082191780822,2.1791044776119404
SITE0009,10,45,11,0.24444444444444444,70,63,0.9,1.8571428571428572
SITE0009,11,43,17,0.3953488372093023,77,71,0.922077922077922,1.7183098591549295
SITE0009,12,35,25,0.7142857142857143,95,86,0.9052631578947369,2.186046511627907
SITE0010,1,12,1,0.08333333333333333,16,16,1.0,1.8125
SITE0010,2,23,3,0.13043478260869565,33,30,0.9090909090909091,2.433333333333333
SITE0010,3,31,4,0.12903225806451613,53,50,0.9433962264150944,2.18
SITE0010,4,35,7,0.2,58,54,0.9310344827586207,1.8333333333333333
SITE0010,5,33,5,0.15151515151515152,49,45,0.9183673469387755,1.9777777777777779
SITE0010,6,31,4,0.12903225806451613,48,46,0.9583333333333334,2.3260869565217392
SITE0010,7,34,3,0.08823529411764706,58,53,0.9137931034482759,2.2830188679245285
SITE0010,8,37,2,0.05405405405405406,58,55,0.9482758620689655,2.0727272727272728
SITE0010,9,33,4,0.12121212121212122,54,53,0.9814814814814815,1.7169811320754718
SITE0010,10,31,3,0.0967741935483871,44,40,0.9090909090909091,1.9
SITE0010,11,29,7,0.2413793103448276,48,46,0.9583333333333334,1.5217391304347827
SITE0010,12,22,11,0.5,63,60,0.9523809523809523,2.1666666666666665
SITE0011,1,14,3,0.21428571428571427,20,19,0.95,1.5263157894736843
SITE0011,2,22,4,0.18181818181818182,40,39,0.975,1.8461538461538463
SITE0011,3,26,4,0.15384615384615385,45,40,0.8888888888888888,2.075
SITE0011,4,30,2,0.06666666666666667,51,43,0.8431372549019608,1.5116279069767442
SITE0011,5,28,5,0.17857142857142858,47,47,1.0,2.0851063829787235
SITE0011,6,37,12,0.32432432432432434,62,58,0.9354838709677419,1.7758620689655173
SITE0011,7,41,14,0.34146341463414637,65,61,0.9384615384615385,1.8360655737704918
SITE0011,8,43,10,0.23255813953488372,67,61,0.9104477611940298,2.3934426229508197
SITE0011,9,44,2,0.045454545454545456,68,63,0.9264705882352942,2.6666666666666665
SITE0011,10,38,3,0.07894736842105263,64,57,0.890625,1.9649122807017543
SITE0011,11,38,2,0.05263157894736842,58,47,0.8103448275862069,1.7872340425531914
SITE0011,12,27,5,0.18518518518518517,79,75,0.9493670886075949,2.013333333333333
SITE0012,1,16,2,0.125,23,23,1.0,1.7391304347826086
SITE0012,2,29,6,0.20689655172413793,49,46,0.9387755102040817,2.152173913043478
SITE0012,3,35,9,0.2571428571428571,59,55,0.9322033898305084,2.2
SITE0012,4,48,8,0.16666666666666666,73,66,0.9041095890410958,2.303030303030303
SITE0012,5,47,8,0.1702127659574468,73,67,0.9178082191780822,1.835820895522388
SITE0012,6,49,7,0.14285714285714285,83,77,0.927710843373494,1.8571428571428572
SITE0012,7,53,8,0.1509433962264151,82,76,0.926829268292683,2.0789473684210527
SITE0012,8,58,11,0.1896551724137931,89,81,0.9101123595505618,2.271604938271605
SITE0012,9,52,8,0.15384615384615385,82,76,0.926829268292683,2.289473684210526
SITE0012,10,53,14,0.2641509433962264,86,79,0.9186046511627907,2.2278481012658227
SITE0012,11,53,16,0.3018867924528302,88,81,0.9204545454545454,2.0
SITE0012,12,34,23,0.6764705882352942,101,94,0.9306930693069307,2.6382978723404253
SITE0013,1,12,2,0.16666666666666666,17,17,1.0,2.0
SITE0013,2,20,3,0.15,34,33,0.9705882352941176,1.8181818181818181
SITE0013,3,40,5,0.125,55,51,0.9272727272727272,1.6862745098039216
SITE0013,4,46,8,0.17391304347826086,75,68,0.9066666666666666,1.7941176470588236
SITE0013,5,50,13,0.26,90,86,0.9555555555555556,1.9186046511627908
SITE0013,6,52,12,0.23076923076923078,75,68,0.9066666666666666,2.25
SITE0013,7,48,10,0.20833333333333334,81,75,0.9259259259259259,1.6533333333333333
SITE0013,8,50,10,0.2,76,73,0.9605263157894737,1.9452054794520548
SITE0013,9,52,6,0.11538461538461539,77,73,0.948051948051948,1.7123287671232876
SITE0013,10,45,7,0.15555555555555556,71,69,0.971830985915493,2.5072463768115942
SITE0013,11,47,7,0.14893617021276595,72,67,0.9305555555555556,2.0
SITE0013,12,32,7,0.21875,99,93,0.9393939393939394,2.2580645161290325
SITE0014,1,14,0,0.0,19,17,0.8947368421052632,1.4705882352941178
SITE0014,2,35,3,0.08571428571428572,54,51,0.9444444444444444,2.392156862745098
SITE0014,3,52,10,0.19230769230769232,88,86,0.9772727272727273,1.941860465116279
SITE0014,4,62,9,0.14516129032258066,103,99,0.9611650485436893,2.080808080808081
SITE0014,5,52,10,0.19230769230769232,84,81,0.9642857142857143,2.1604938271604937
SITE0014,6,50,4,0.08,75,68,0.9066666666666666,1.911764705882353
SITE0014,7,42,3,0.07142857142857142,65,59,0.9076923076923077,3.016949152542373
SITE0014,8,45,4,0.08888888888888889,72,67,0.9305555555555556,1.7462686567164178
SITE0014,9,56,7,0.125,84,75,0.8928571428571429,1.8
SITE0014,10,53,13,0.24528301886792453,90,82,0.9111111111111111,1.6341463414634145
SITE0014,11,44,11,0.25,70,62,0.8857142857142857,1.935483870967742
SITE0014,12,36,10,0.2777777777777778,84,78,0.9285714285714286,1.9487179487179487
SITE0015,1,12,0,0.0,18,14,0.7777777777777778,2.7857142857142856
SITE0015,2,25,1,0.04,38,37,0.9736842105263158,2.0
SITE0015,3,37,2,0.05405405405405406,62,53,0.8548387096774194,1.6603773584905661
SITE0015,4,42,5,0.11904761904761904,65,61,0.9384615384615385,1.7049180327868851
SITE0015,5,37,8,0.21621621621621623,59,54,0.9152542372881356,1.9444444444444444
SITE0015,6,33,6,0.18181818181818182,54,50,0.9259259259259259,1.46
SITE0015,7,32,6,0.1875,47,46,0.9787234042553191,1.8478260869565217
SITE0015,8,29,4,0.13793103448275862,50,46,0.92,2.282608695652174
SITE0015,9,31,3,0.0967741935483871,47,43,0.9148936170212766,2.13953488372093
SITE0015,10,41,5,0.12195121951219512,65,61,0.9384615384615385,2.098360655737705
SITE0015,11,34,4,0.11764705882352941,55,50,0.9090909090909091,1.82
SITE0015,12,30,10,0.3333333333333333,76,62,0.8157894736842105,2.096774193548387
SITE0016,1,4,0,0.0,6,5,0.8333333333333334,1.8
SITE0016,2,10,3,0.3,17,17,1.0,2.2941176470588234
SITE0016,3,20,7,0.35,32,31,0.96875,1.6129032258064515
SITE0016,4,27,11,0.4074074074074074,47,38,0.8085106382978723,2.3157894736842106
SITE0016,5,30,10,0.3333333333333333,50,47,0.94,2.297872340425532
SITE0016,6,32,10,0.3125,51,45,0.8823529411764706,2.111111111111111
SITE0016,7,30,9,0.3,48,40,0.8333333333333334,1.8
SITE0016,8,28,11,0.39285714285714285,44,40,0.9090909090909091,2.1
SITE0016,9,23,11,0.4782608695652174,37,34,0.918918918918919,2.4705882352941178
SITE0016,10,26,4,0.15384615384615385,43,41,0.9534883720930233,1.6829268292682926
SITE0016,11,27,2,0.07407407407407407,40,37,0.925,1.5945945945945945
SITE0016,12,21,0,0.0,65,62,0.9538461538461539,2.1774193548387095
SITE0017,1,17,0,0.0,21,17,0.8095238095238095,1.8823529411764706
SITE0017,2,28,0,0.0,43,40,0.9302325581395349,2.4
SITE0017,3,41,0,0.0,68,64,0.9411764705882353,2.3125
SITE0017,4,48,4,0.08333333333333333,74,69,0.9324324324324325,1.6231884057971016
SITE0017,5,48,6,0.125,76,68,0.8947368421052632,2.264705882352941
SITE0017,6,43,10,0.23255813953488372,62,58,0.9354838709677419,1.7413793103448276
SITE0017,7,48,12,0.25,79,73,0.9240506329113924,2.0136986301369864
SITE0017,8,52,18,0.34615384615384615,84,78,0.9285714285714286,2.0
SITE0017,9,47,17,0.3617021276595745,83,75,0.9036144578313253,1.92
SITE0017,10,39,12,0.3076923076923077,65,61,0.9384615384615385,1.819672131147541
SITE0017,11,35,11,0.3142857142857143,57,53,0.9298245614035088,1.8867924528301887
SITE0017,12,23,18,0.782608695652174,68,65,0.9558823529411765,2.246153846153846
SITE0018,1,6,0,0.0,8,7,0.875,3.0
SITE0018,2,15,4,0.26666666666666666,24,19,0.7916666666666666,2.1578947368421053
SITE0018,3,24,3,0.125,37,32,0.8648648648648649,2.625
SITE0018,4,31,4,0.12903225806451613,52,51,0.9807692307692307,2.019607843137255
SITE0018,5,30,2,0.06666666666666667,48,45,0.9375,2.4
SITE0018,6,34,2,0.058823529411764705,51,48,0.9411764705882353,2.0833333333333335
SITE0018,7,38,4,0.10526315789473684,60,55,0.9166666666666666,1.981818181818182
SITE0018,8,37,5,0.13513513513513514,61,55,0.9016393442622951,1.7272727272727273
SITE0018,9,32,3,0.09375,50,44,0.88,1.9090909090909092
SITE0018,10,32,5,0.15625,51,44,0.8627450980392157,2.5681818181818183
SITE0018,11,30,7,0.23333333333333334,48,46,0.9583333333333334,2.152173913043478
SITE0018,12,22,15,0.6818181818181818,74,72,0.972972972972973,1.5694444444444444
SITE0019,1,10,2,0.2,16,15,0.9375,1.8
SITE0019,2,20,2,0.1,33,28,0.8484848484848485,1.7142857142857142
SITE0019,3,27,6,0.2222222222222222,42,38,0.9047619047619048,2.710526315789474
SITE0019,4,31,6,0.1935483870967742,54,52,0.9629629629629629,2.0
SITE0019,5,28,6,0.21428571428571427,40,37,0.925,2.1621621621621623
SITE0019,6,29,5,0.1724137931034483,46,45,0.9782608695652174,2.7555555555555555
SITE0019,7,31,3,0.0967741935483871,54,49,0.9074074074074074,2.4489795918367347
SITE0019,8,40,5,0.125,64,60,0.9375,1.45
SITE0019,9,40,6,0.15,63,59,0.9365079365079365,2.169491525423729
SITE0019,10,43,7,0.16279069767441862,73,66,0.9041095890410958,1.5303030303030303
SITE0019,11,43,8,0.18604651162790697,67,61,0.9104477611940298,1.8524590163934427
SITE0019,12,28,10,0.35714285714285715,78,71,0.9102564102564102,2.8028169014084505
SITE0020,1,14,0,0.0,20,19,0.95,1.368421052631579
SITE0020,2,25,0,0.0,44,43,0.9772727272727273,2.255813953488372
SITE0020,3,36,2,0.05555555555555555,60,53,0.8833333333333333,1.849056603773585
SITE0020,4,44,4,0.09090909090909091,72,64,0.8888888888888888,2.078125
SITE0020,5,41,6,0.14634146341463414,66,61,0.9242424242424242,1.7704918032786885
SITE0020,6,47,9,0.19148936170212766,71,64,0.9014084507042254,2.390625
SITE0020,7,44,8,0.18181818181818182,76,69,0.9078947368421053,2.4927536231884058
SITE0020,8,41,5,0.12195121951219512,67,61,0.9104477611940298,2.4754098360655736
SITE0020,9,38,7,0.18421052631578946,56,47,0.8392857142857143,2.382978723404255
SITE0020,10,35,5,0.14285714285714285,59,54,0.9152542372881356,2.0185185185185186
SITE0020,11,39,9,0.23076923076923078,64,57,0.890625,2.017543859649123
SITE0020,12,31,11,0.3548387096774194,89,82,0.9213483146067416,2.048780487804878
SITE0021,1,11,2,0.18181818181818182,15,14,0.9333333333333333,2.7857142857142856
SITE0021,2,26,5,0.19230769230769232,38,34,0.8947368421052632,2.8529411764705883
SITE0021,3,40,10,0.25,67,63,0.9402985074626866,1.9047619047619047
SITE0021,4,51,8,0.1568627450980392,81,73,0.9012345679012346,1.9726027397260273
SITE0021,5,53,7,0.1320754716981132,83,76,0.9156626506024096,1.7236842105263157
SITE0021,6,51,10,0.19607843137254902,80,76,0.95,1.894736842105263
SITE0021,7,57,11,0.19298245614035087,88,84,0.9545454545454546,1.8571428571428572
SITE0021,8,59,11,0.1864406779661017,99,93,0.9393939393939394,1.6451612903225807
SITE0021,9,59,15,0.2542372881355932,95,88,0.9263157894736842,2.6931818181818183
SITE0021,10,58,15,0.25862068965517243,93,87,0.9354838709677419,2.2298850574712645
SITE0021,11,41,13,0.3170731707317073,67,57,0.8507462686567164,1.894736842105263
SITE0021,12,25,7,0.28,64,59,0.921875,2.440677966101695
SITE0022,1,16,1,0.0625,20,18,0.9,1.3888888888888888
SITE0022,2,26,2,0.07692307692307693,43,41,0.9534883720930233,2.6097560975609757
SITE0022,3,40,3,0.075,69,66,0.9565217391304348,2.242424242424242
SITE0022,4,56,5,0.08928571428571429,89,83,0.9325842696629213,1.891566265060241
SITE0022,5,49,7,0.14285714285714285,85,77,0.9058823529411765,1.974025974025974
SITE0022,6,48,10,0.20833333333333334,83,77,0.927710843373494,1.896103896103896
SITE0022,7,46,6,0.13043478260869565,65,60,0.9230769230769231,1.9833333333333334
SITE0022,8,47,8,0.1702127659574468,76,74,0.9736842105263158,2.2432432432432434
SITE0022,9,47,3,0.06382978723404255,71,63,0.8873239436619719,1.9047619047619047
SITE0022,10,49,4,0.08163265306122448,88,81,0.9204545454545454,2.3209876543209877
SITE0022,11,44,2,0.045454545454545456,74,64,0.8648648648648649,2.734375
SITE0022,12,34,3,0.08823529411764706,89,80,0.898876404494382,2.2
SITE0023,1,10,3,0.3,15,12,0.8,1.8333333333333333
SITE0023,2,20,6,0.3,28,25,0.8928571428571429,2.6
SITE0023,3,28,7,0.25,48,45,0.9375,2.2666666666666666
SITE0023,4,40,13,0.325,64,59,0.921875,2.2542372881355934
SITE0023,5,44,17,0.38636363636363635,70,61,0.8714285714285714,1.9672131147540983
SITE0023,6,49,15,0.30612244897959184,76,71,0.9342105263157895,1.9014084507042253
SITE0023,7,57,14,0.24561403508771928,88,80,0.9090909090909091,1.85
SITE0023,8,57,11,0.19298245614035087,96,88,0.9166666666666666,2.3068181818181817
SITE0023,9,49,4,0.08163265306122448,75,69,0.92,1.565217391304348
SITE0023,10,40,1,0.025,64,59,0.921875,1.9661016949152543
SITE0023,11,38,4,0.10526315789473684,61,59,0.9672131147540983,1.8305084745762712
SITE0023,12,29,7,0.2413793103448276,95,88,0.9263157894736842,1.9659090909090908
SITE0024,1,17,5,0.29411764705882354,21,18,0.8571428571428571,1.8333333333333333
SITE0024,2,27,4,0.14814814814814814,44,42,0.9545454545454546,2.1904761904761907
SITE0024,3,41,5,0.12195121951219512,72,70,0.9722222222222222,2.0714285714285716
SITE0024,4,49,4,0.08163265306122448,75,65,0.8666666666666667,1.8153846153846154
SITE0024,5,50,3,0.06,77,71,0.922077922077922,2.1971830985915495
SITE0024,6,41,8,0.1951219512195122,69,61,0.8840579710144928,1.7540983606557377
SITE0024,7,40,11,0.275,67,60,0.8955223880597015,2.1166666666666667
SITE0024,8,37,10,0.2702702702702703,61,52,0.8524590163934426,2.2115384615384617
SITE0024,9,34,10,0.29411764705882354,56,45,0.8035714285714286,2.311111111111111
SITE0024,10,34,5,0.14705882352941177,58,57,0.9827586206896551,2.3684210526315788
SITE0024,11,28,4,0.14285714285714285,44,41,0.9318181818181818,2.1463414634146343
SITE0024,12,20,3,0.15,52,49,0.9423076923076923,2.2857142857142856
SITE0025,1,10,2,0.2,13,12,0.9230769230769231,0.6666666666666666
SITE0025,2,19,1,0.05263157894736842,27,25,0.9259259259259259,1.16
SITE0025,3,30,2,0.06666666666666667,50,48,0.96,2.3125
SITE0025,4,44,3,0.06818181818181818,73,64,0.8767123287671232,2.03125
SITE0025,5,47,4,0.0851063829787234,77,72,0.935064935064935,1.6944444444444444
SITE0025,6,52,4,0.07692307692307693,84,77,0.9166666666666666,2.2467532467532467
SITE0025,7,47,4,0.0851063829787234,77,68,0.8831168831168831,2.411764705882353
SITE0025,8,48,3,0.0625,75,72,0.96,2.263888888888889
SITE0025,9,43,5,0.11627906976744186,71,64,0.9014084507042254,1.90625
SITE0025,10,42,5,0.11904761904761904,70,62,0.8857142857142857,1.9838709677419355
SITE0025,11,41,4,0.0975609756097561,64,61,0.953125,2.1475409836065573
SITE0025,12,33,5,0.15151515151515152,93,82,0.8817204301075269,1.9634146341463414
SITE0026,1,11,3,0.2727272727272727,14,13,0.9285714285714286,2.076923076923077
SITE0026,2,22,5,0.22727272727272727,36,34,0.9444444444444444,1.2941176470588236
SITE0026,3,31,7,0.22580645161290322,49,42,0.8571428571428571,1.5714285714285714
SITE0026,4,40,7,0.175,66,59,0.8939393939393939,2.2033898305084745
SITE0026,5,38,7,0.18421052631578946,62,55,0.8870967741935484,2.272727272727273
SITE0026,6,37,3,0.08108108108108109,56,50,0.8928571428571429,1.98
SITE0026,7,37,3,0.08108108108108109,57,53,0.9298245614035088,1.679245283018868
SITE0026,8,42,2,0.047619047619047616,71,63,0.8873239436619719,2.0476190476190474
SITE0026,9,45,6,0.13333333333333333,73,73,1.0,2.136986301369863
SITE0026,10,49,6,0.12244897959183673,84,74,0.8809523809523809,2.4864864864864864
SITE0026,11,48,11,0.22916666666666666,76,75,0.9868421052631579,2.1066666666666665
SITE0026,12,38,18,0.47368421052631576,118,101,0.8559322033898306,2.3267326732673266
SITE0027,1,5,1,0.2,6,5,0.8333333333333334,2.0
SITE0027,2,14,1,0.07142857142857142,22,19,0.8636363636363636,2.4210526315789473
SITE0027,3,23,5,0.21739130434782608,37,37,1.0,1.7837837837837838
SITE0027,4,32,8,0.25,52,47,0.9038461538461539,2.297872340425532
SITE0027,5,36,6,0.16666666666666666,57,50,0.8771929824561403,2.24
SITE0027,6,33,5,0.15151515151515152,52,45,0.8653846153846154,2.3555555555555556
SITE0027,7,30,2,0.06666666666666667,45,43,0.9555555555555556,2.0697674418604652
SITE0027,8,38,2,0.05263157894736842,57,53,0.9298245614035088,2.358490566037736
SITE0027,9,34,4,0.11764705882352941,55,50,0.9090909090909091,1.74
SITE0027,10,35,8,0.22857142857142856,55,50,0.9090909090909091,2.06
SITE0027,11,33,7,0.21212121212121213,53,51,0.9622641509433962,2.3529411764705883
SITE0027,12,17,5,0.29411764705882354,49,44,0.8979591836734694,2.409090909090909
SITE0028,1,11,0,0.0,15,15,1.0,1.6
SITE0028,2,17,0,0.0,28,26,0.9285714285714286,1.3846153846153846
SITE0028,3,32,0,0.0,54,46,0.8518518518518519,2.108695652173913
SITE0028,4,42,4,0.09523809523809523,67,61,0.9104477611940298,2.3114754098360657
SITE0028,5,43,5,0.11627906976744186,77,71,0.922077922077922,2.3380281690140845
SITE0028,6,44,5,0.11363636363636363,68,63,0.9264705882352942,2.015873015873016
SITE0028,7,45,5,0.1111111111111111,69,65,0.9420289855072463,2.123076923076923
SITE0028,8,39,4,0.10256410256410256,63,60,0.9523809523809523,1.9333333333333333
SITE0028,9,35,3,0.08571428571428572,53,46,0.8679245283018868,2.347826086956522
SITE0028,10,33,4,0.12121212121212122,54,52,0.9629629629629629,2.519230769230769
SITE0028,11,27,2,0.07407407407407407,45,39,0.8666666666666667,1.1282051282051282
SITE0028,12,19,4,0.21052631578947367,55,48,0.8727272727272727,2.125
SITE0029,1,12,2,0.16666666666666666,17,14,0.8235294117647058,2.2857142857142856
SITE0029,2,24,4,0.16666666666666666,37,34,0.918918918918919,1.2058823529411764
SITE0029,3,37,6,0.16216216216216217,59,53,0.8983050847457628,2.6037735849056602
SITE0029,4,55,8,0.14545454545454545,89,82,0.9213483146067416,1.9634146341463414
SITE0029,5,60,15,0.25,100,86,0.86,2.046511627906977
SITE0029,6,54,12,0.2222222222222222,80,77,0.9625,2.051948051948052
SITE0029,7,57,11,0.19298245614035087,89,83,0.9325842696629213,1.927710843373494
SITE0029,8,54,7,0.12962962962962962,84,80,0.9523809523809523,2.5875
SITE0029,9,46,9,0.1956521739130435,76,72,0.9473684210526315,2.486111111111111
SITE0029,10,50,12,0.24,82,78,0.9512195121951219,1.8076923076923077
SITE0029,11,44,13,0.29545454545454547,68,60,0.8823529411764706,2.1166666666666667
SITE0029,12,31,15,0.4838709677419355,95,83,0.8736842105263158,1.927710843373494
SITE0030,1,12,1,0.08333333333333333,18,18,1.0,2.5
SITE0030,2,26,4,0.15384615384615385,39,38,0.9743589743589743,2.3421052631578947
SITE0030,3,38,4,0.10526315789473684,63,59,0.9365079365079365,2.0847457627118646
SITE0030,4,51,7,0.13725490196078433,80,73,0.9125,1.7123287671232876
SITE0030,5,51,7,0.13725490196078433,83,74,0.891566265060241,1.837837837837838
SITE0030,6,49,10,0.20408163265306123,73,66,0.9041095890410958,2.0454545454545454
SITE0030,7,46,9,0.1956521739130435,75,73,0.9733333333333334,2.0547945205479454
SITE0030,8,45,12,0.26666666666666666,73,67,0.9178082191780822,2.298507462686567
SITE0030,9,45,5,0.1111111111111111,68,62,0.9117647058823529,2.435483870967742
SITE0030,10,47,5,0.10638297872340426,72,65,0.9027777777777778,2.6769230769230767
SITE0030,11,47,4,0.0851063829787234,78,68,0.8717948717948718,2.3676470588235294
SITE0030,12,35,4,0.11428571428571428,100,93,0.93,2.0
SITE0031,1,5,0,0.0,6,6,1.0,0.6666666666666666
SITE0031,2,13,0,0.0,23,21,0.9130434782608695,1.8571428571428572
SITE0031,3,19,0,0.0,32,27,0.84375,2.037037037037037
SITE0031,4,28,0,0.0,44,42,0.9545454545454546,1.8095238095238095
SITE0031,5,32,0,0.0,48,43,0.8958333333333334,2.2093023255813953
SITE0031,6,31,0,0.0,50,49,0.98,2.306122448979592
SITE0031,7,34,0,0.0,52,46,0.8846153846153846,2.3043478260869565
SITE0031,8,35,2,0.05714285714285714,51,49,0.9607843137254902,1.6326530612244898
SITE0031,9,37,6,0.16216216216216217,56,55,0.9821428571428571,1.690909090909091
SITE0031,10,37,7,0.1891891891891892,60,58,0.9666666666666667,1.896551724137931
SITE0031,11,31,8,0.25806451612903225,51,50,0.9803921568627451,2.32
SITE0031,12,19,1,0.05263157894736842,49,48,0.9795918367346939,2.1666666666666665
SITE0032,1,10,0,0.0,13,11,0.8461538461538461,1.1818181818181819
SITE0032,2,24,2,0.08333333333333333,38,36,0.9473684210526315,1.5
SITE0032,3,42,8,0.19047619047619047,65,62,0.9538461538461539,2.0806451612903225
SITE0032,4,52,16,0.3076923076923077,89,82,0.9213483146067416,2.4634146341463414
SITE0032,5,51,15,0.29411764705882354,87,85,0.9770114942528736,2.2941176470588234
SITE0032,6,45,11,0.24444444444444444,68,64,0.9411764705882353,2.046875
SITE0032,7,39,9,0.23076923076923078,61,59,0.9672131147540983,2.406779661016949
SITE0032,8,36,9,0.25,57,50,0.8771929824561403,2.14
SITE0032,9,35,9,0.2571428571428571,55,48,0.8727272727272727,2.0416666666666665
SITE0032,10,42,8,0.19047619047619047,66,58,0.8787878787878788,1.9482758620689655
SITE0032,11,42,8,0.19047619047619047,71,64,0.9014084507042254,2.546875
SITE0032,12,33,13,0.3939393939393939,98,91,0.9285714285714286,1.945054945054945
SITE0033,1,7,0,0.0,9,9,1.0,1.6666666666666667
SITE0033,2,17,1,0.058823529411764705,30,29,0.9666666666666667,2.5172413793103448
SITE0033,3,23,2,0.08695652173913043,42,41,0.9761904761904762,2.3902439024390243
SITE0033,4,34,3,0.08823529411764706,50,47,0.94,2.2127659574468086
SITE0033,5,29,6,0.20689655172413793,46,42,0.9130434782608695,1.7380952380952381
SITE0033,6,35,6,0.17142857142857143,58,52,0.896551724137931,2.1153846153846154
SITE0033,7,39,10,0.2564102564102564,65,54,0.8307692307692308,2.3703703703703702
SITE0033,8,33,4,0.12121212121212122,54,51,0.9444444444444444,1.9607843137254901
SITE0033,9,29,5,0.1724137931034483,45,40,0.8888888888888888,2.6
SITE0033,10,31,5,0.16129032258064516,53,46,0.8679245283018868,2.3260869565217392
SITE0033,11,29,5,0.1724137931034483,46,43,0.9347826086956522,2.255813953488372
SITE0033,12,25,7,0.28,72,70,0.9722222222222222,1.6285714285714286
SITE0034,1,8,0,0.0,10,10,1.0,0.9
SITE0034,2,15,0,0.0,29,25,0.8620689655172413,2.32
SITE0034,3,22,0,0.0,38,37,0.9736842105263158,2.2972972972972974
SITE0034,4,30,2,0.06666666666666667,46,39,0.8478260869565217,1.6923076923076923
SITE0034,5,34,3,0.08823529411764706,52,47,0.9038461538461539,2.127659574468085
SITE0034,6,34,5,0.14705882352941177,58,54,0.9310344827586207,2.9074074074074074
SITE0034,7,36,5,0.1388888888888889,55,49,0.8909090909090909,2.0816326530612246
SITE0034,8,34,6,0.17647058823529413,53,48,0.9056603773584906,1.8958333333333333
SITE0034,9,32,5,0.15625,54,49,0.9074074074074074,1.9183673469387754
SITE0034,10,41,3,0.07317073170731707,67,63,0.9402985074626866,1.9523809523809523
SITE0034,11,34,1,0.029411764705882353,59,55,0.9322033898305084,2.0727272727272728
SITE0034,12,24,0,0.0,61,56,0.9180327868852459,2.0892857142857144
SITE0035,1,8,1,0.125,11,11,1.0,1.6363636363636365
SITE0035,2,17,2,0.11764705882352941,27,25,0.9259259259259259,2.28
SITE0035,3,26,3,0.11538461538461539,43,35,0.813953488372093,2.5142857142857142
SITE0035,4,34,4,0.11764705882352941,52,49,0.9423076923076923,2.326530612244898
SITE0035,5,31,6,0.1935483870967742,52,45,0.8653846153846154,3.1555555555555554
SITE0035,6,29,6,0.20689655172413793,50,45,0.9,1.9333333333333333
SITE0035,7,25,4,0.16,38,31,0.8157894736842105,1.903225806451613
SITE0035,8,22,2,0.09090909090909091,34,30,0.8823529411764706,2.433333333333333
SITE0035,9,28,4,0.14285714285714285,44,37,0.8409090909090909,2.3783783783783785
SITE0035,10,24,4,0.16666666666666666,39,37,0.9487179487179487,2.2162162162162162
SITE0035,11,30,8,0.26666666666666666,51,49,0.9607843137254902,2.4285714285714284
SITE0035,12,20,10,0.5,51,45,0.8823529411764706,1.8444444444444446
SITE0036,1,6,1,0.16666666666666666,8,7,0.875,3.2857142857142856
SITE0036,2,12,9,0.75,18,15,0.8333333333333334,2.3333333333333335
SITE0036,3,27,11,0.4074074074074074,45,42,0.9333333333333333,1.7142857142857142
SITE0036,4,41,11,0.2682926829268293,64,59,0.921875,1.9152542372881356
SITE0036,5,41,8,0.1951219512195122,71,67,0.9436619718309859,2.029850746268657
SITE0036,6,48,9,0.1875,75,71,0.9466666666666667,1.8169014084507042
SITE0036,7,41,8,0.1951219512195122,67,61,0.9104477611940298,2.1311475409836067
SITE0036,8,48,11,0.22916666666666666,77,71,0.922077922077922,1.9295774647887325
SITE0036,9,48,12,0.25,74,69,0.9324324324324325,1.5797101449275361
SITE0036,10,52,17,0.3269230769230769,85,80,0.9411764705882353,2.1875
SITE0036,11,51,15,0.29411764705882354,80,75,0.9375,1.7066666666666668
SITE0036,12,33,14,0.42424242424242425,98,91,0.9285714285714286,2.0549450549450547
SITE0037,1,10,0,0.0,15,13,0.8666666666666667,3.3076923076923075
SITE0037,2,17,0,0.0,29,28,0.9655172413793104,1.3214285714285714
SITE0037,3,25,5,0.2,45,43,0.9555555555555556,1.7674418604651163
SITE0037,4,30,6,0.2,51,44,0.8627450980392157,1.9090909090909092
SITE0037,5,32,6,0.1875,46,44,0.9565217391304348,2.227272727272727
SITE0037,6,29,3,0.10344827586206896,46,42,0.9130434782608695,1.6666666666666667
SITE0037,7,32,4,0.125,54,49,0.9074074074074074,2.0408163265306123
SITE0037,8,33,8,0.24242424242424243,48,40,0.8333333333333334,1.65
SITE0037,9,32,9,0.28125,47,43,0.9148936170212766,2.3255813953488373
SITE0037,10,31,8,0.25806451612903225,52,48,0.9230769230769231,1.8125
SITE0037,11,29,5,0.1724137931034483,49,45,0.9183673469387755,1.9777777777777779
SITE0037,12,16,0,0.0,40,36,0.9,2.1944444444444446
SITE0038,1,14,4,0.2857142857142857,20,20,1.0,1.9
SITE0038,2,26,7,0.2692307692307692,44,42,0.9545454545454546,2.357142857142857
SITE0038,3,33,10,0.30303030303030304,57,54,0.9473684210526315,2.685185185185185
SITE0038,4,45,11,0.24444444444444444,73,68,0.9315068493150684,2.411764705882353
SITE0038,5,42,9,0.21428571428571427,63,59,0.9365079365079365,1.7627118644067796
SITE0038,6,41,11,0.2682926829268293,70,66,0.9428571428571428,1.9090909090909092
SITE0038,7,44,14,0.3181818181818182,71,64,0.9014084507042254,2.59375
SITE0038,8,44,10,0.22727272727272727,69,65,0.9420289855072463,1.876923076923077
SITE0038,9,47,11,0.23404255319148937,72,69,0.9583333333333334,1.9130434782608696
SITE0038,10,47,10,0.2127659574468085,80,69,0.8625,2.0434782608695654
SITE0038,11,50,14,0.28,82,73,0.8902439024390244,2.2465753424657535
SITE0038,12,38,21,0.5526315789473685,97,87,0.8969072164948454,2.2758620689655173
SITE0039,1,12,3,0.25,21,21,1.0,2.0476190476190474
SITE0039,2,23,3,0.13043478260869565,37,35,0.9459459459459459,1.4285714285714286
SITE0039,3,35,5,0.14285714285714285,55,50,0.9090909090909091,2.02
SITE0039,4,38,3,0.07894736842105263,60,57,0.95,1.912280701754386
SITE0039,5,34,2,0.058823529411764705,55,50,0.9090909090909091,1.8
SITE0039,6,32,3,0.09375,49,45,0.9183673469387755,1.9333333333333333
SITE0039,7,40,1,0.025,65,59,0.9076923076923077,1.9322033898305084
SITE0039,8,45,4,0.08888888888888889,77,69,0.8961038961038961,1.9130434782608696
SITE0039,9,47,8,0.1702127659574468,83,77,0.927710843373494,1.7272727272727273
SITE0039,10,46,5,0.10869565217391304,74,69,0.9324324324324325,2.8115942028985508
SITE0039,11,43,8,0.18604651162790697,73,71,0.9726027397260274,2.380281690140845
SITE0039,12,33,9,0.2727272727272727,95,87,0.9157894736842105,2.1839080459770117
SITE0040,1,9,0,0.0,13,13,1.0,1.8461538461538463
SITE0040,2,17,2,0.11764705882352941,25,23,0.92,1.565217391304348
SITE0040,3,28,4,0.14285714285714285,37,34,0.918918918918919,1.911764705882353
SITE0040,4,36,6,0.16666666666666666,62,58,0.9354838709677419,2.0344827586206895
SITE0040,5,38,6,0.15789473684210525,64,62,0.96875,2.096774193548387
SITE0040,6,34,5,0.14705882352941177,59,53,0.8983050847457628,2.0943396226415096
SITE0040,7,25,4,0.16,42,40,0.9523809523809523,1.9
SITE0040,8,25,3,0.12,36,32,0.8888888888888888,2.125
SITE0040,9,22,3,0.13636363636363635,32,29,0.90625,1.6206896551724137
SITE0040,10,22,2,0.09090909090909091,34,33,0.9705882352941176,2.6363636363636362
SITE0040,11,26,4,0.15384615384615385,41,41,1.0,1.7317073170731707
SITE0040,12,20,3,0.15,59,54,0.9152542372881356,1.4814814814814814
SITE0041,1,9,3,0.3333333333333333,11,11,1.0,2.8181818181818183
SITE0041,2,19,4,0.21052631578947367,29,29,1.0,2.0
SITE0041,3,25,3,0.12,41,38,0.926829268292683,2.3421052631578947
SITE0041,4,40,5,0.125,67,57,0.8507462686567164,2.1403508771929824
SITE0041,5,48,6,0.125,75,71,0.9466666666666667,2.0985915492957745
SITE0041,6,54,10,0.18518518518518517,93,86,0.9247311827956989,1.7209302325581395
SITE0041,7,51,10,0.19607843137254902,83,79,0.9518072289156626,2.151898734177215
SITE0041,8,49,10,0.20408163265306123,74,72,0.972972972972973,2.2222222222222223
SITE0041,9,44,1,0.022727272727272728,66,58,0.8787878787878788,2.0344827586206895
SITE0041,10,44,3,0.06818181818181818,70,65,0.9285714285714286,2.3692307692307693
SITE0041,11,40,5,0.125,69,64,0.927536231884058,1.890625
SITE0041,12,31,12,0.3870967741935484,78,76,0.9743589743589743,1.894736842105263
SITE0042,1,11,1,0.09090909090909091,15,15,1.0,2.1333333333333333
SITE0042,2,21,2,0.09523809523809523,33,29,0.8787878787878788,1.2758620689655173
SITE0042,3,30,2,0.06666666666666667,45,41,0.9111111111111111,2.1951219512195124
SITE0042,4,41,4,0.0975609756097561,71,63,0.8873239436619719,2.4761904761904763
SITE0042,5,37,4,0.10810810810810811,58,53,0.9137931034482759,1.9056603773584906
SITE0042,6,33,2,0.06060606060606061,53,46,0.8679245283018868,2.260869565217391
SITE0042,7,31,2,0.06451612903225806,45,41,0.9111111111111111,2.2439024390243905
SITE0042,8,28,3,0.10714285714285714,48,41,0.8541666666666666,1.8048780487804879
SITE0042,9,25,2,0.08,39,37,0.9487179487179487,2.810810810810811
SITE0042,10,27,4,0.14814814814814814,42,38,0.9047619047619048,2.710526315789474
SITE0042,11,26,5,0.19230769230769232,43,40,0.9302325581395349,2.3
SITE0042,12,21,5,0.23809523809523808,60,56,0.9333333333333333,2.0357142857142856
SITE0043,1,7,0,0.0,9,9,1.0,3.2222222222222223
SITE0043,2,13,0,0.0,22,22,1.0,1.2727272727272727
SITE0043,3,22,0,0.0,34,29,0.8529411764705882,1.9655172413793103
SITE0043,4,28,0,0.0,47,43,0.9148936170212766,1.9534883720930232
SITE0043,5,27,0,0.0,44,40,0.9090909090909091,2.1
SITE0043,6,26,2,0.07692307692307693,43,40,0.9302325581395349,1.9
SITE0043,7,29,3,0.10344827586206896,43,41,0.9534883720930233,1.8780487804878048
SITE0043,8,33,8,0.24242424242424243,57,51,0.8947368421052632,2.1176470588235294
SITE0043,9,32,8,0.25,53,50,0.9433962264150944,1.88
SITE0043,10,40,6,0.15,60,51,0.85,2.0784313725490198
SITE0043,11,33,3,0.09090909090909091,56,50,0.8928571428571429,2.26
SITE0043,12,22,6,0.2727272727272727,60,56,0.9333333333333333,2.392857142857143
SITE0044,1,16,0,0.0,20,19,0.95,1.9473684210526316
SITE0044,2,30,4,0.13333333333333333,49,46,0.9387755102040817,2.391304347826087
SITE0044,3,43,9,0.20930232558139536,75,69,0.92,1.8405797101449275
SITE0044,4,52,11,0.21153846153846154,86,80,0.9302325581395349,1.5625
SITE0044,5,46,7,0.15217391304347827,66,59,0.8939393939393939,1.4067796610169492
SITE0044,6,44,5,0.11363636363636363,69,64,0.927536231884058,2.140625
SITE0044,7,47,4,0.0851063829787234,75,69,0.92,2.0
SITE0044,8,44,3,0.06818181818181818,71,64,0.9014084507042254,1.71875
SITE0044,9,40,6,0.15,63,56,0.8888888888888888,2.0892857142857144
SITE0044,10,44,10,0.22727272727272727,70,66,0.9428571428571428,2.106060606060606
SITE0044,11,44,7,0.1590909090909091,70,64,0.9142857142857143,2.296875
SITE0044,12,36,12,0.3333333333333333,102,95,0.9313725490196079,2.5052631578947366
SITE0045,1,8,0,0.0,13,9,0.6923076923076923,0.6666666666666666
SITE0045,2,16,2,0.125,27,24,0.8888888888888888,2.375
SITE0045,3,30,3,0.1,51,49,0.9607843137254902,1.7959183673469388
SITE0045,4,37,5,0.13513513513513514,55,51,0.9272727272727272,2.019607843137255
SITE0045,5,33,6,0.18181818181818182,56,51,0.9107142857142857,2.156862745098039
SITE0045,6,38,3,0.07894736842105263,55,49,0.8909090909090909,1.8979591836734695
SITE0045,7,40,7,0.175,67,63,0.9402985074626866,1.7936507936507937
SITE0045,8,39,5,0.1282051282051282,65,60,0.9230769230769231,2.3
SITE0045,9,42,6,0.14285714285714285,66,61,0.9242424242424242,1.9836065573770492
SITE0045,10,35,6,0.17142857142857143,57,49,0.8596491228070176,1.6734693877551021
SITE0045,11,30,2,0.06666666666666667,47,41,0.8723404255319149,2.707317073170732
SITE0045,12,21,3,0.14285714285714285,65,62,0.9538461538461539,2.0483870967741935
SITE0046,1,5,1,0.2,8,7,0.875,2.2857142857142856
SITE0046,2,13,3,0.23076923076923078,21,21,1.0,2.3333333333333335
SITE0046,3,20,4,0.2,33,30,0.9090909090909091,1.4333333333333333
SITE0046,4,27,3,0.1111111111111111,46,45,0.9782608695652174,2.111111111111111
SITE0046,5,27,1,0.037037037037037035,44,44,1.0,2.0
SITE0046,6,26,1,0.038461538461538464,40,37,0.925,2.0
SITE0046,7,25,4,0.16,46,41,0.8913043478260869,2.268292682926829
SITE0046,8,28,6,0.21428571428571427,47,43,0.9148936170212766,2.1627906976744184
SITE0046,9,30,5,0.16666666666666666,47,43,0.9148936170212766,2.0697674418604652
SITE0046,10,29,4,0.13793103448275862,45,42,0.9333333333333333,1.9047619047619047
SITE0046,11,30,5,0.16666666666666666,49,45,0.9183673469387755,2.066666666666667
SITE0046,12,20,5,0.25,54,49,0.9074074074074074,2.510204081632653
SITE0047,1,14,6,0.42857142857142855,20,20,1.0,2.0
SITE0047,2,23,9,0.391304347826087,40,37,0.925,2.3783783783783785
SITE0047,3,35,13,0.37142857142857144,58,52,0.896551724137931,2.1153846153846154
SITE0047,4,40,11,0.275,58,55,0.9482758620689655,1.5454545454545454
SITE0047,5,49,10,0.20408163265306123,73,69,0.9452054794520548,2.3333333333333335
SITE0047,6,53,13,0.24528301886792453,87,82,0.9425287356321839,2.0
SITE0047,7,54,10,0.18518518518518517,87,81,0.9310344827586207,2.111111111111111
SITE0047,8,56,12,0.21428571428571427,83,78,0.9397590361445783,1.858974358974359
SITE0047,9,55,11,0.2,84,79,0.9404761904761905,1.9367088607594938
SITE0047,10,52,12,0.23076923076923078,86,79,0.9186046511627907,2.6582278481012658
SITE0047,11,48,7,0.14583333333333334,78,73,0.9358974358974359,2.0684931506849313
SITE0047,12,33,12,0.36363636363636365,86,79,0.9186046511627907,2.5443037974683542
SITE0048,1,10,0,0.0,17,15,0.8823529411764706,2.6666666666666665
SITE0048,2,22,2,0.09090909090909091,34,33,0.9705882352941176,1.8181818181818181
SITE0048,3,27,4,0.14814814814814814,47,44,0.9361702127659575,1.6818181818181819
SITE0048,4,27,7,0.25925925925925924,42,39,0.9285714285714286,3.0
SITE0048,5,24,7,0.2916666666666667,36,32,0.8888888888888888,2.5
SITE0048,6,22,3,0.13636363636363635,38,36,0.9473684210526315,2.0555555555555554
SITE0048,7,29,2,0.06896551724137931,42,36,0.8571428571428571,2.0
SITE0048,8,31,3,0.0967741935483871,51,44,0.8627450980392157,1.75
SITE0048,9,32,4,0.125,51,48,0.9411764705882353,2.1875
SITE0048,10,32,3,0.09375,45,39,0.8666666666666667,1.9487179487179487
SITE0048,11,25,1,0.04,40,38,0.95,1.5526315789473684
SITE0048,12,18,0,0.0,49,45,0.9183673469387755,2.2
SITE0049,1,6,0,0.0,8,7,0.875,1.0
SITE0049,2,29,3,0.10344827586206896,47,42,0.8936170212765957,2.6666666666666665
SITE0049,3,49,5,0.10204081632653061,78,72,0.9230769230769231,1.8472222222222223
SITE0049,4,59,6,0.1016949152542373,100,98,0.98,1.9795918367346939
SITE0049,5,53,7,0.1320754716981132,89,83,0.9325842696629213,2.2289156626506026
SITE0049,6,43,5,0.11627906976744186,67,62,0.9253731343283582,2.0806451612903225
SITE0049,7,49,6,0.12244897959183673,74,67,0.9054054054054054,2.298507462686567
SITE0049,8,53,9,0.16981132075471697,88,82,0.9318181818181818,1.951219512195122
SITE0049,9,57,5,0.08771929824561403,95,82,0.8631578947368421,2.0853658536585367
SITE0049,10,50,9,0.18,80,73,0.9125,2.3013698630136985
SITE0049,11,43,13,0.3023255813953488,70,68,0.9714285714285714,1.911764705882353
SITE0049,12,30,22,0.7333333333333333,86,81,0.9418604651162791,2.0123456790123457
SITE0050,1,13,1,0.07692307692307693,21,19,0.9047619047619048,1.6842105263157894
SITE0050,2,22,3,0.13636363636363635,32,26,0.8125,2.5384615384615383
SITE0050,3,31,2,0.06451612903225806,47,43,0.9148936170212766,1.8837209302325582
SITE0050,4,43,8,0.18604651162790697,67,63,0.9402985074626866,2.3174603174603177
SITE0050,5,40,10,0.25,70,69,0.9857142857142858,2.028985507246377
SITE0050,6,45,10,0.2222222222222222,71,67,0.9436619718309859,2.044776119402985
SITE0050,7,40,8,0.2,60,56,0.9333333333333333,1.6607142857142858
SITE0050,8,36,8,0.2222222222222222,60,55,0.9166666666666666,1.7636363636363637
SITE0050,9,38,7,0.18421052631578946,61,57,0.9344262295081968,2.456140350877193
SITE0050,10,35,9,0.2571428571428571,57,52,0.9122807017543859,2.0576923076923075
SITE0050,11,33,7,0.21212121212121213,56,50,0.8928571428571429,1.64
SITE0050,12,24,5,0.20833333333333334,58,53,0.9137931034482759,2.2452830188679247
SITE0051,1,11,4,0.36363636363636365,18,17,0.9444444444444444,1.8823529411764706
SITE0051,2,20,6,0.3,32,29,0.90625,1.9310344827586208
SITE0051,3,28,6,0.21428571428571427,45,41,0.9111111111111111,1.7073170731707317
SITE0051,4,34,5,0.14705882352941177,53,50,0.9433962264150944,1.6
SITE0051,5,28,4,0.14285714285714285,48,46,0.9583333333333334,2.0869565217391304
SITE0051,6,36,4,0.1111111111111111,56,50,0.8928571428571429,1.64
SITE0051,7,40,3,0.075,59,54,0.9152542372881356,2.0555555555555554
SITE0051,8,47,3,0.06382978723404255,78,72,0.9230769230769231,2.3055555555555554
SITE0051,9,47,4,0.0851063829787234,72,63,0.875,1.8412698412698412
SITE0051,10,36,2,0.05555555555555555,61,55,0.9016393442622951,2.3636363636363638
SITE0051,11,30,1,0.03333333333333333,50,47,0.94,2.765957446808511
SITE0051,12,19,0,0.0,52,47,0.9038461538461539,2.702127659574468
SITE0052,1,7,0,0.0,9,8,0.8888888888888888,1.375
SITE0052,2,16,1,0.0625,23,23,1.0,2.0869565217391304
SITE0052,3,24,7,0.2916666666666667,45,44,0.9777777777777777,2.1136363636363638
SITE0052,4,37,10,0.2702702702702703,60,57,0.95,2.0701754385964914
SITE0052,5,45,12,0.26666666666666666,69,64,0.927536231884058,2.046875
SITE0052,6,47,11,0.23404255319148937,78,72,0.9230769230769231,2.0694444444444446
SITE0052,7,43,9,0.20930232558139536,65,61,0.9384615384615385,1.6557377049180328
SITE0052,8,41,10,0.24390243902439024,65,61,0.9384615384615385,1.9344262295081966
SITE0052,9,44,7,0.1590909090909091,70,64,0.9142857142857143,2.546875
SITE0052,10,49,3,0.061224489795918366,86,79,0.9186046511627907,1.4177215189873418
SITE0052,11,52,2,0.038461538461538464,84,82,0.9761904761904762,2.073170731707317
SITE0052,12,42,0,0.0,114,106,0.9298245614035088,2.349056603773585
SITE0053,1,8,0,0.0,12,12,1.0,1.4166666666666667
SITE0053,2,18,0,0.0,30,25,0.8333333333333334,2.48
SITE0053,3,35,3,0.08571428571428572,59,49,0.8305084745762712,2.2653061224489797
SITE0053,4,49,9,0.1836734693877551,81,73,0.9012345679012346,1.63013698630137
SITE0053,5,57,12,0.21052631578947367,93,82,0.8817204301075269,1.8780487804878048
SITE0053,6,56,15,0.26785714285714285,88,75,0.8522727272727273,1.92
SITE0053,7,57,15,0.2631578947368421,97,86,0.8865979381443299,2.1627906976744184
SITE0053,8,53,11,0.20754716981132076,84,79,0.9404761904761905,1.7721518987341771
SITE0053,9,42,8,0.19047619047619047,60,55,0.9166666666666666,1.4
SITE0053,10,39,6,0.15384615384615385,61,58,0.9508196721311475,1.793103448275862
SITE0053,11,35,4,0.11428571428571428,54,50,0.9259259259259259,2.22
SITE0053,12,25,7,0.28,73,64,0.8767123287671232,2.484375
SITE0054,1,5,2,0.4,8,8,1.0,2.875
SITE0054,2,11,3,0.2727272727272727,17,14,0.8235294117647058,1.4285714285714286
SITE0054,3,20,4,0.2,32,31,0.96875,2.4838709677419355
SITE0054,4,27,3,0.1111111111111111,48,45,0.9375,2.1333333333333333
SITE0054,5,27,0,0.0,45,44,0.9777777777777777,1.8863636363636365
SITE0054,6,32,2,0.0625,50,48,0.96,1.875
SITE0054,7,26,4,0.15384615384615385,45,39,0.8666666666666667,2.1025641025641026
SITE0054,8,30,4,0.13333333333333333,51,50,0.9803921568627451,2.0
SITE0054,9,31,4,0.12903225806451613,49,45,0.9183673469387755,2.311111111111111
SITE0054,10,29,2,0.06896551724137931,48,45,0.9375,2.088888888888889
SITE0054,11,34,7,0.20588235294117646,60,55,0.9166666666666666,2.0727272727272728
SITE0054,12,24,13,0.5416666666666666,75,66,0.88,1.4696969696969697
SITE0055,1,20,2,0.1,29,28,0.9655172413793104,2.0357142857142856
SITE0055,2,30,4,0.13333333333333333,44,43,0.9772727272727273,2.2790697674418605
SITE0055,3,47,7,0.14893617021276595,82,76,0.926829268292683,1.894736842105263
SITE0055,4,58,10,0.1724137931034483,89,83,0.9325842696629213,2.036144578313253
SITE0055,5,54,12,0.2222222222222222,90,85,0.9444444444444444,2.1058823529411765
SITE0055,6,51,11,0.21568627450980393,84,81,0.9642857142857143,2.2962962962962963
SITE0055,7,56,8,0.14285714285714285,86,78,0.9069767441860465,2.58974358974359
SITE0055,8,47,3,0.06382978723404255,79,74,0.9367088607594937,1.864864864864865
SITE0055,9,47,4,0.0851063829787234,72,69,0.9583333333333334,1.7536231884057971
SITE0055,10,46,9,0.1956521739130435,67,63,0.9402985074626866,2.2063492063492065
SITE0055,11,38,10,0.2631578947368421,67,61,0.9104477611940298,1.9180327868852458
SITE0055,12,31,16,0.5161290322580645,81,71,0.8765432098765432,2.4507042253521125
SITE0056,1,15,0,0.0,22,21,0.9545454545454546,1.9047619047619047
SITE0056,2,25,2,0.08,41,33,0.8048780487804879,2.4545454545454546
SITE0056,3,29,2,0.06896551724137931,49,44,0.8979591836734694,2.5454545454545454
SITE0056,4,36,3,0.08333333333333333,57,55,0.9649122807017544,2.3636363636363638
SITE0056,5,35,2,0.05714285714285714,57,52,0.9122807017543859,1.8846153846153846
SITE0056,6,37,2,0.05405405405405406,60,56,0.9333333333333333,1.625
SITE0056,7,48,7,0.14583333333333334,76,71,0.9342105263157895,2.352112676056338
SITE0056,8,53,5,0.09433962264150944,79,75,0.9493670886075949,2.2
SITE0056,9,50,6,0.12,85,79,0.9294117647058824,2.0632911392405062
SITE0056,10,55,1,0.01818181818181818,86,77,0.8953488372093024,2.012987012987013
SITE0056,11,53,2,0.03773584905660377,85,76,0.8941176470588236,2.3815789473684212
SITE0056,12,40,4,0.1,119,112,0.9411764705882353,2.1875
SITE0057,1,15,2,0.13333333333333333,19,18,0.9473684210526315,2.6666666666666665
SITE0057,2,24,5,0.20833333333333334,39,38,0.9743589743589743,1.8421052631578947
SITE0057,3,39,9,0.23076923076923078,64,59,0.921875,1.4745762711864407
SITE0057,4,42,6,0.14285714285714285,63,59,0.9365079365079365,1.6610169491525424
SITE0057,5,45,7,0.15555555555555556,72,68,0.9444444444444444,1.6029411764705883
SITE0057,6,45,8,0.17777777777777778,70,63,0.9,2.3174603174603177
SITE0057,7,37,7,0.1891891891891892,61,52,0.8524590163934426,2.326923076923077
SITE0057,8,37,7,0.1891891891891892,53,50,0.9433962264150944,2.38
SITE0057,9,31,4,0.12903225806451613,48,43,0.8958333333333334,2.2790697674418605
SITE0057,10,38,8,0.21052631578947367,63,60,0.9523809523809523,1.9833333333333334
SITE0057,11,38,9,0.23684210526315788,66,56,0.8484848484848485,2.625
SITE0057,12,29,12,0.41379310344827586,78,73,0.9358974358974359,1.9589041095890412
SITE0058,1,18,0,0.0,23,22,0.9565217391304348,1.7272727272727273
SITE0058,2,29,2,0.06896551724137931,48,45,0.9375,2.6444444444444444
SITE0058,3,45,1,0.022222222222222223,78,68,0.8717948717948718,1.8823529411764706
SITE0058,4,59,5,0.0847457627118644,91,81,0.8901098901098901,2.3580246913580245
SITE0058,5,51,5,0.09803921568627451,81,76,0.9382716049382716,2.526315789473684
SITE0058,6,48,5,0.10416666666666667,74,70,0.9459459459459459,2.4
SITE0058,7,36,4,0.1111111111111111,57,49,0.8596491228070176,1.9795918367346939
SITE0058,8,40,2,0.05,61,54,0.8852459016393442,2.314814814814815
SITE0058,9,45,4,0.08888888888888889,71,68,0.9577464788732394,2.485294117647059
SITE0058,10,42,5,0.11904761904761904,74,68,0.918918918918919,1.75
SITE0058,11,47,10,0.2127659574468085,71,65,0.9154929577464789,2.1538461538461537
SITE0058,12,31,11,0.3548387096774194,99,94,0.9494949494949495,2.5425531914893615
SITE0059,1,8,0,0.0,11,9,0.8181818181818182,2.111111111111111
SITE0059,2,19,3,0.15789473684210525,30,29,0.9666666666666667,1.6206896551724137
SITE0059,3,34,5,0.14705882352941177,56,51,0.9107142857142857,1.7450980392156863
SITE0059,4,44,10,0.22727272727272727,75,71,0.9466666666666667,1.7887323943661972
SITE0059,5,45,10,0.2222222222222222,69,61,0.8840579710144928,1.9344262295081966
SITE0059,6,49,11,0.22448979591836735,75,68,0.9066666666666666,2.0
SITE0059,7,41,10,0.24390243902439024,66,59,0.8939393939393939,1.7627118644067796
SITE0059,8,48,9,0.1875,75,68,0.9066666666666666,2.1323529411764706
SITE0059,9,44,8,0.18181818181818182,68,61,0.8970588235294118,2.360655737704918
SITE0059,10,43,6,0.13953488372093023,70,63,0.9,2.5873015873015874
SITE0059,11,53,7,0.1320754716981132,86,82,0.9534883720930233,2.158536585365854
SITE0059,12,38,5,0.13157894736842105,123,115,0.9349593495934959,2.1565217391304348
SITE0060,1,12,3,0.25,14,12,0.8571428571428571,1.5
SITE0060,2,25,8,0.32,41,39,0.9512195121951219,2.358974358974359
SITE0060,3,34,9,0.2647058823529412,57,56,0.9824561403508771,2.392857142857143
SITE0060,4,41,7,0.17073170731707318,67,61,0.9104477611940298,2.1639344262295084
SITE0060,5,37,3,0.08108108108108109,61,52,0.8524590163934426,2.423076923076923
SITE0060,6,40,3,0.075,63,58,0.9206349206349206,1.896551724137931
SITE0060,7,47,4,0.0851063829787234,73,64,0.8767123287671232,2.21875
SITE0060,8,53,6,0.11320754716981132,86,79,0.9186046511627907,2.1139240506329116
SITE0060,9,60,8,0.13333333333333333,99,90,0.9090909090909091,2.6222222222222222
SITE0060,10,62,8,0.12903225806451613,96,88,0.9166666666666666,1.875
SITE0060,11,59,9,0.15254237288135594,97,89,0.9175257731958762,2.1123595505617976
SITE0060,12,40,10,0.25,110,100,0.9090909090909091,2.2
SITE0061,1,8,0,0.0,10,9,0.9,1.8888888888888888
SITE0061,2,18,3,0.16666666666666666,32,27,0.84375,1.9259259259259258
SITE0061,3,29,2,0.06896551724137931,45,37,0.8222222222222222,1.945945945945946
SITE0061,4,37,4,0.10810810810810811,61,55,0.9016393442622951,2.2181818181818183
SITE0061,5,49,4,0.08163265306122448,79,71,0.8987341772151899,2.1549295774647885
SITE0061,6,47,2,0.0425531914893617,75,69,0.92,2.1449275362318843
SITE0061,7,49,5,0.10204081632653061,82,74,0.9024390243902439,2.054054054054054
SITE0061,8,51,8,0.1568627450980392,82,76,0.926829268292683,1.9342105263157894
SITE0061,9,48,6,0.125,79,69,0.8734177215189873,1.6666666666666667
SITE0061,10,51,9,0.17647058823529413,85,81,0.9529411764705882,2.0246913580246915
SITE0061,11,46,7,0.15217391304347827,74,64,0.8648648648648649,1.953125
SITE0061,12,31,10,0.3225806451612903,94,90,0.9574468085106383,2.022222222222222
SITE0062,1,18,1,0.05555555555555555,25,22,0.88,2.1363636363636362
SITE0062,2,40,4,0.1,60,55,0.9166666666666666,1.8181818181818181
SITE0062,3,49,9,0.1836734693877551,86,79,0.9186046511627907,1.7721518987341771
SITE0062,4,58,8,0.13793103448275862,91,87,0.9560439560439561,2.32183908045977
SITE0062,5,56,8,0.14285714285714285,82,75,0.9146341463414634,2.0533333333333332
SITE0062,6,48,6,0.125,74,69,0.9324324324324325,2.2028985507246377
SITE0062,7,52,7,0.1346153846153846,79,74,0.9367088607594937,2.3378378378378377
SITE0062,8,54,5,0.09259259259259259,90,77,0.8555555555555555,2.324675324675325
SITE0062,9,46,4,0.08695652173913043,75,70,0.9333333333333333,1.6285714285714286
SITE0062,10,45,2,0.044444444444444446,76,67,0.881578947368421,2.3582089552238807
SITE0062,11,42,2,0.047619047619047616,66,60,0.9090909090909091,2.4833333333333334
SITE0062,12,30,4,0.13333333333333333,96,88,0.9166666666666666,2.1136363636363638
SITE0063,1,12,2,0.16666666666666666,19,17,0.8947368421052632,2.1176470588235294
SITE0063,2,24,1,0.041666666666666664,38,36,0.9473684210526315,2.0
SITE0063,3,33,4,0.12121212121212122,54,51,0.9444444444444444,1.9803921568627452
SITE0063,4,43,4,0.09302325581395349,67,62,0.9253731343283582,2.096774193548387
SITE0063,5,40,6,0.15,60,52,0.8666666666666667,2.1153846153846154
SITE0063,6,45,9,0.2,74,67,0.9054054054054054,2.388059701492537
SITE0063,7,50,11,0.22,74,69,0.9324324324324325,1.463768115942029
SITE0063,8,49,12,0.24489795918367346,84,79,0.9404761904761905,1.9240506329113924
SITE0063,9,50,19,0.38,80,74,0.925,2.0405405405405403
SITE0063,10,45,17,0.37777777777777777,75,70,0.9333333333333333,1.957142857142857
SITE0063,11,43,13,0.3023255813953488,68,64,0.9411764705882353,2.1875
SITE0063,12,31,10,0.3225806451612903,99,93,0.9393939393939394,1.8387096774193548
SITE0064,1,7,2,0.2857142857142857,10,10,1.0,2.5
SITE0064,2,21,5,0.23809523809523808,34,32,0.9411764705882353,1.875
SITE0064,3,31,6,0.1935483870967742,51,48,0.9411764705882353,1.4583333333333333
SITE0064,4,40,9,0.225,71,67,0.9436619718309859,1.9104477611940298
SITE0064,5,36,7,0.19444444444444445,55,52,0.9454545454545454,2.0961538461538463
SITE0064,6,37,5,0.13513513513513514,51,48,0.9411764705882353,1.5
SITE0064,7,37,8,0.21621621621621623,63,55,0.873015873015873,2.581818181818182
SITE0064,8,47,11,0.23404255319148937,83,75,0.9036144578313253,1.5066666666666666
SITE0064,9,48,13,0.2708333333333333,80,77,0.9625,2.4805194805194803
SITE0064,10,47,9,0.19148936170212766,67,64,0.9552238805970149,2.5
SITE0064,11,51,10,0.19607843137254902,80,74,0.925,2.391891891891892
SITE0064,12,33,11,0.3333333333333333,117,108,0.9230769230769231,2.111111111111111
SITE0065,1,15,1,0.06666666666666667,19,17,0.8947368421052632,1.4705882352941178
SITE0065,2,28,4,0.14285714285714285,41,39,0.9512195121951219,2.3333333333333335
SITE0065,3,35,6,0.17142857142857143,57,49,0.8596491228070176,1.530612244897959
SITE0065,4,49,14,0.2857142857142857,86,81,0.9418604651162791,1.7037037037037037
SITE0065,5,40,13,0.325,64,60,0.9375,2.1333333333333333
SITE0065,6,39,13,0.3333333333333333,62,58,0.9354838709677419,2.4482758620689653
SITE0065,7,38,17,0.4473684210526316,59,52,0.8813559322033898,2.1153846153846154
SITE0065,8,35,14,0.4,56,50,0.8928571428571429,1.92
SITE0065,9,37,10,0.2702702702702703,56,52,0.9285714285714286,2.1538461538461537
SITE0065,10,36,8,0.2222222222222222,60,54,0.9,1.9074074074074074
SITE0065,11,34,6,0.17647058823529413,55,54,0.9818181818181818,1.8518518518518519
SITE0065,12,29,8,0.27586206896551724,81,74,0.9135802469135802,2.608108108108108
SITE0066,1,12,3,0.25,16,14,0.875,2.357142857142857
SITE0066,2,27,5,0.18518518518518517,44,40,0.9090909090909091,1.7
SITE0066,3,35,5,0.14285714285714285,57,51,0.8947368421052632,2.372549019607843
SITE0066,4,50,5,0.1,80,73,0.9125,2.1232876712328768
SITE0066,5,52,6,0.11538461538461539,84,82,0.9761904761904762,1.5365853658536586
SITE0066,6,52,9,0.17307692307692307,85,81,0.9529411764705882,1.9876543209876543
SITE0066,7,55,8,0.14545454545454545,88,81,0.9204545454545454,2.1358024691358026
SITE0066,8,40,7,0.175,64,60,0.9375,1.8333333333333333
SITE0066,9,46,5,0.10869565217391304,63,59,0.9365079365079365,2.1864406779661016
SITE0066,10,54,6,0.1111111111111111,86,77,0.8953488372093024,2.3766233766233764
SITE0066,11,48,3,0.0625,85,81,0.9529411764705882,1.962962962962963
SITE0066,12,41,4,0.0975609756097561,100,97,0.97,2.3195876288659796
SITE0067,1,13,2,0.15384615384615385,22,22,1.0,1.3636363636363635
SITE0067,2,27,2,0.07407407407407407,41,38,0.926829268292683,2.026315789473684
SITE0067,3,47,5,0.10638297872340426,77,75,0.974025974025974,1.72
SITE0067,4,53,7,0.1320754716981132,88,81,0.9204545454545454,2.0246913580246915
SITE0067,5,54,5,0.09259259259259259,90,80,0.8888888888888888,1.925
SITE0067,6,45,6,0.13333333333333333,70,61,0.8714285714285714,2.262295081967213
SITE0067,7,43,7,0.16279069767441862,64,62,0.96875,2.306451612903226
SITE0067,8,47,7,0.14893617021276595,78,73,0.9358974358974359,1.7808219178082192
SITE0067,9,54,9,0.16666666666666666,87,79,0.9080459770114943,2.0759493670886076
SITE0067,10,56,9,0.16071428571428573,88,79,0.8977272727272727,1.9113924050632911
SITE0067,11,44,10,0.22727272727272727,71,67,0.9436619718309859,1.5820895522388059
SITE0067,12,26,15,0.5769230769230769,76,73,0.9605263157894737,2.1095890410958904
SITE0068,1,9,0,0.0,12,12,1.0,2.1666666666666665
SITE0068,2,23,0,0.0,36,34,0.9444444444444444,2.323529411764706
SITE0068,3,36,2,0.05555555555555555,59,57,0.9661016949152542,2.473684210526316
SITE0068,4,47,2,0.0425531914893617,74,68,0.918918918918919,1.7941176470588236
SITE0068,5,44,5,0.11363636363636363,76,71,0.9342105263157895,1.9577464788732395
SITE0068,6,41,3,0.07317073170731707,63,60,0.9523809523809523,2.1166666666666667
SITE0068,7,41,4,0.0975609756097561,65,64,0.9846153846153847,2.421875
SITE0068,8,44,5,0.11363636363636363,70,66,0.9428571428571428,2.3484848484848486
SITE0068,9,46,6,0.13043478260869565,75,71,0.9466666666666667,2.3098591549295775
SITE0068,10,45,8,0.17777777777777778,72,68,0.9444444444444444,2.235294117647059
SITE0068,11,42,7,0.16666666666666666,66,59,0.8939393939393939,1.728813559322034
SITE0068,12,29,6,0.20689655172413793,82,75,0.9146341463414634,2.08
SITE0069,1,15,0,0.0,20,18,0.9,2.4444444444444446
SITE0069,2,27,1,0.037037037037037035,43,41,0.9534883720930233,1.9024390243902438
SITE0069,3,36,1,0.027777777777777776,61,60,0.9836065573770492,1.8
SITE0069,4,49,4,0.08163265306122448,74,67,0.9054054054054054,2.2238805970149254
SITE0069,5,45,9,0.2,78,72,0.9230769230769231,2.138888888888889
SITE0069,6,44,7,0.1590909090909091,74,64,0.8648648648648649,2.203125
SITE0069,7,46,9,0.1956521739130435,75,67,0.8933333333333333,2.1791044776119404
SITE0069,8,42,6,0.14285714285714285,66,62,0.9393939393939394,1.2741935483870968
SITE0069,9,43,9,0.20930232558139536,69,66,0.9565217391304348,1.7878787878787878
SITE0069,10,37,11,0.2972972972972973,58,56,0.9655172413793104,2.4464285714285716
SITE0069,11,36,9,0.25,58,51,0.8793103448275862,1.7843137254901962
SITE0069,12,23,6,0.2608695652173913,62,59,0.9516129032258065,2.4745762711864407
SITE0070,1,12,2,0.16666666666666666,17,15,0.8823529411764706,2.8666666666666667
SITE0070,2,23,4,0.17391304347826086,37,34,0.918918918918919,1.9705882352941178
SITE0070,3,29,5,0.1724137931034483,49,42,0.8571428571428571,2.142857142857143
SITE0070,4,39,6,0.15384615384615385,59,53,0.8983050847457628,1.7358490566037736
SITE0070,5,29,4,0.13793103448275862,53,49,0.9245283018867925,2.204081632653061
SITE0070,6,25,2,0.08,42,42,1.0,2.3333333333333335
SITE0070,7,33,3,0.09090909090909091,47,41,0.8723404255319149,2.048780487804878
SITE0070,8,33,4,0.12121212121212122,56,52,0.9285714285714286,1.6346153846153846
SITE0070,9,33,4,0.12121212121212122,56,52,0.9285714285714286,1.7692307692307692
SITE0070,10,35,5,0.14285714285714285,53,49,0.9245283018867925,2.2857142857142856
SITE0070,11,27,6,0.2222222222222222,44,41,0.9318181818181818,1.853658536585366
SITE0070,12,21,9,0.42857142857142855,63,53,0.8412698412698413,1.6603773584905661
SITE0071,1,10,0,0.0,16,15,0.9375,1.4
SITE0071,2,21,2,0.09523809523809523,35,31,0.8857142857142857,2.032258064516129
SITE0071,3,29,3,0.10344827586206896,47,43,0.9148936170212766,2.2790697674418605
SITE0071,4,36,9,0.25,58,53,0.9137931034482759,1.7358490566037736
SITE0071,5,38,10,0.2631578947368421,58,55,0.9482758620689655,2.036363636363636
SITE0071,6,46,10,0.21739130434782608,70,67,0.9571428571428572,2.0597014925373136
SITE0071,7,46,10,0.21739130434782608,81,73,0.9012345679012346,2.0136986301369864
SITE0071,8,44,4,0.09090909090909091,63,59,0.9365079365079365,2.3389830508474576
SITE0071,9,41,8,0.1951219512195122,64,58,0.90625,2.4827586206896552
SITE0071,10,39,4,0.10256410256410256,59,57,0.9661016949152542,2.3333333333333335
SITE0071,11,33,5,0.15151515151515152,56,55,0.9821428571428571,2.5454545454545454
SITE0071,12,23,7,0.30434782608695654,59,54,0.9152542372881356,2.5185185185185186
SITE0072,1,8,2,0.25,11,10,0.9090909090909091,2.6
SITE0072,2,21,4,0.19047619047619047,35,35,1.0,2.0
SITE0072,3,31,4,0.12903225806451613,46,43,0.9347826086956522,2.0697674418604652
SITE0072,4,43,10,0.23255813953488372,70,59,0.8428571428571429,1.8135593220338984
SITE0072,5,46,8,0.17391304347826086,74,66,0.8918918918918919,2.4545454545454546
SITE0072,6,47,8,0.1702127659574468,73,69,0.9452054794520548,2.2318840579710146
SITE0072,7,48,6,0.125,71,65,0.9154929577464789,2.0923076923076924
SITE0072,8,48,2,0.041666666666666664,73,68,0.9315068493150684,1.8088235294117647
SITE0072,9,48,4,0.08333333333333333,77,71,0.922077922077922,1.8028169014084507
SITE0072,10,44,4,0.09090909090909091,68,60,0.8823529411764706,2.1666666666666665
SITE0072,11,39,3,0.07692307692307693,61,56,0.9180327868852459,2.0
SITE0072,12,25,5,0.2,67,60,0.8955223880597015,2.283333333333333
SITE0073,1,11,1,0.09090909090909091,13,10,0.7692307692307693,3.6
SITE0073,2,29,4,0.13793103448275862,43,36,0.8372093023255814,3.0
SITE0073,3,38,6,0.15789473684210525,64,57,0.890625,1.9649122807017543
SITE0073,4,47,7,0.14893617021276595,74,68,0.918918918918919,1.8088235294117647
SITE0073,5,49,7,0.14285714285714285,84,78,0.9285714285714286,2.2435897435897436
SITE0073,6,46,2,0.043478260869565216,75,67,0.8933333333333333,2.029850746268657
SITE0073,7,48,4,0.08333333333333333,77,67,0.8701298701298701,2.1641791044776117
SITE0073,8,49,4,0.08163265306122448,83,75,0.9036144578313253,1.68
SITE0073,9,49,10,0.20408163265306123,76,72,0.9473684210526315,1.8611111111111112
SITE0073,10,54,10,0.18518518518518517,81,77,0.9506172839506173,2.155844155844156
SITE0073,11,46,13,0.2826086956521739,76,68,0.8947368421052632,2.2794117647058822
SITE0073,12,33,16,0.48484848484848486,94,86,0.9148936170212766,2.011627906976744
SITE0074,1,7,0,0.0,11,11,1.0,1.7272727272727273
SITE0074,2,20,2,0.1,32,28,0.875,1.6785714285714286
SITE0074,3,27,6,0.2222222222222222,46,45,0.9782608695652174,2.2666666666666666
SITE0074,4,33,8,0.24242424242424243,52,47,0.9038461538461539,2.4893617021276597
SITE0074,5,41,10,0.24390243902439024,62,53,0.8548387096774194,2.4150943396226414
SITE0074,6,46,10,0.21739130434782608,71,65,0.9154929577464789,1.8461538461538463
SITE0074,7,43,10,0.23255813953488372,71,65,0.9154929577464789,1.9538461538461538
SITE0074,8,44,9,0.20454545454545456,71,66,0.9295774647887324,2.272727272727273
SITE0074,9,42,6,0.14285714285714285,61,54,0.8852459016393442,2.3703703703703702
SITE0074,10,37,4,0.10810810810810811,60,58,0.9666666666666667,1.8275862068965518
SITE0074,11,39,7,0.1794871794871795,64,59,0.921875,1.847457627118644
SITE0074,12,28,12,0.42857142857142855,77,67,0.8701298701298701,1.8955223880597014
SITE0075,1,13,5,0.38461538461538464,22,19,0.8636363636363636,1.736842105263158
SITE0075,2,27,6,0.2222222222222222,42,39,0.9285714285714286,1.7692307692307692
SITE0075,3,39,10,0.2564102564102564,66,63,0.9545454545454546,2.111111111111111
SITE0075,4,41,7,0.17073170731707318,68,61,0.8970588235294118,2.2950819672131146
SITE0075,5,39,5,0.1282051282051282,58,53,0.9137931034482759,1.849056603773585
SITE0075,6,39,6,0.15384615384615385,61,54,0.8852459016393442,1.8888888888888888
SITE0075,7,37,5,0.13513513513513514,58,50,0.8620689655172413,1.62
SITE0075,8,47,8,0.1702127659574468,75,71,0.9466666666666667,3.0422535211267605
SITE0075,9,44,8,0.18181818181818182,75,67,0.8933333333333333,2.611940298507463
SITE0075,10,51,12,0.23529411764705882,81,75,0.9259259259259259,1.9066666666666667
SITE0075,11,60,11,0.18333333333333332,90,77,0.8555555555555555,2.5324675324675323
SITE0075,12,43,25,0.5813953488372093,144,134,0.9305555555555556,2.4029850746268657
SITE0076,1,5,0,0.0,9,9,1.0,2.3333333333333335
SITE0076,2,15,2,0.13333333333333333,24,21,0.875,2.761904761904762
SITE0076,3,26,2,0.07692307692307693,40,39,0.975,2.051282051282051
SITE0076,4,37,2,0.05405405405405406,60,55,0.9166666666666666,2.2181818181818183
SITE0076,5,37,0,0.0,66,63,0.9545454545454546,2.1746031746031744
SITE0076,6,38,6,0.15789473684210525,58,56,0.9655172413793104,2.0
SITE0076,7,37,6,0.16216216216216217,61,52,0.8524590163934426,2.1538461538461537
SITE0076,8,32,8,0.25,52,46,0.8846153846153846,2.1956521739130435
SITE0076,9,30,2,0.06666666666666667,50,46,0.92,2.608695652173913
SITE0076,10,28,3,0.10714285714285714,46,43,0.9347826086956522,1.813953488372093
SITE0076,11,22,2,0.09090909090909091,39,34,0.8717948717948718,1.4411764705882353
SITE0076,12,13,3,0.23076923076923078,29,25,0.8620689655172413,2.16
SITE0077,1,19,3,0.15789473684210525,28,27,0.9642857142857143,2.1481481481481484
SITE0077,2,30,6,0.2,49,44,0.8979591836734694,1.7954545454545454
SITE0077,3,38,7,0.18421052631578946,63,60,0.9523809523809523,1.85
SITE0077,4,46,8,0.17391304347826086,70,65,0.9285714285714286,2.5692307692307694
SITE0077,5,42,7,0.16666666666666666,66,62,0.9393939393939394,2.1129032258064515
SITE0077,6,41,9,0.21951219512195122,67,61,0.9104477611940298,2.19672131147541
SITE0077,7,43,13,0.3023255813953488,67,60,0.8955223880597015,1.7333333333333334
SITE0077,8,40,11,0.275,62,56,0.9032258064516129,2.2142857142857144
SITE0077,9,45,9,0.2,63,57,0.9047619047619048,1.7719298245614035
SITE0077,10,41,5,0.12195121951219512,67,65,0.9701492537313433,1.8615384615384616
SITE0077,11,46,9,0.1956521739130435,72,67,0.9305555555555556,1.9253731343283582
SITE0077,12,36,15,0.4166666666666667,106,98,0.9245283018867925,2.122448979591837
SITE0078,1,7,1,0.14285714285714285,10,9,0.9,2.0
SITE0078,2,18,2,0.1111111111111111,31,28,0.9032258064516129,1.6071428571428572
SITE0078,3,29,2,0.06896551724137931,48,43,0.8958333333333334,2.2325581395348837
SITE0078,4,35,3,0.08571428571428572,59,57,0.9661016949152542,2.2280701754385963
SITE0078,5,33,3,0.09090909090909091,52,48,0.9230769230769231,1.9583333333333333
SITE0078,6,31,7,0.22580645161290322,45,40,0.8888888888888888,2.425
SITE0078,7,27,8,0.2962962962962963,42,41,0.9761904761904762,2.2439024390243905
SITE0078,8,33,5,0.15151515151515152,53,47,0.8867924528301887,2.3617021276595747
SITE0078,9,31,5,0.16129032258064516,51,48,0.9411764705882353,2.3125
SITE0078,10,29,4,0.13793103448275862,47,41,0.8723404255319149,2.6341463414634148
SITE0078,11,24,4,0.16666666666666666,37,30,0.8108108108108109,1.7333333333333334
SITE0078,12,11,4,0.36363636363636365,35,31,0.8857142857142857,2.2580645161290325
SITE0079,1,12,3,0.25,19,19,1.0,2.1052631578947367
SITE0079,2,25,4,0.16,40,37,0.925,2.3513513513513513
SITE0079,3,39,6,0.15384615384615385,67,62,0.9253731343283582,1.9838709677419355
SITE0079,4,49,8,0.16326530612244897,81,73,0.9012345679012346,1.8356164383561644
SITE0079,5,50,8,0.16,82,78,0.9512195121951219,2.0384615384615383
SITE0079,6,45,7,0.15555555555555556,68,61,0.8970588235294118,2.081967213114754
SITE0079,7,43,7,0.16279069767441862,68,65,0.9558823529411765,2.4
SITE0079,8,41,2,0.04878048780487805,70,68,0.9714285714285714,1.661764705882353
SITE0079,9,38,5,0.13157894736842105,58,55,0.9482758620689655,1.8909090909090909
SITE0079,10,43,12,0.27906976744186046,63,62,0.9841269841269841,1.903225806451613
SITE0079,11,35,16,0.45714285714285713,63,59,0.9365079365079365,2.8135593220338984
SITE0079,12,29,18,0.6206896551724138,71,68,0.9577464788732394,2.088235294117647
SITE0080,1,6,0,0.0,8,8,1.0,1.75
SITE0080,2,14,3,0.21428571428571427,21,19,0.9047619047619048,1.7894736842105263
SITE0080,3,22,5,0.22727272727272727,34,28,0.8235294117647058,2.0714285714285716
SITE0080,4,27,7,0.25925925925925924,46,42,0.9130434782608695,1.3333333333333333
SITE0080,5,28,6,0.21428571428571427,45,44,0.9777777777777777,2.1818181818181817
SITE0080,6,25,2,0.08,38,34,0.8947368421052632,2.264705882352941
SITE0080,7,31,3,0.0967741935483871,53,48,0.9056603773584906,1.4791666666666667
SITE0080,8,30,3,0.1,49,46,0.9387755102040817,1.826086956521739
SITE0080,9,33,4,0.12121212121212122,55,49,0.8909090909090909,1.816326530612245
SITE0080,10,28,3,0.10714285714285714,40,37,0.925,2.1621621621621623
SITE0080,11,28,7,0.25,45,38,0.8444444444444444,2.710526315789474
SITE0080,12,19,11,0.5789473684210527,64,62,0.96875,1.9193548387096775
SITE0081,1,5,0,0.0,7,7,1.0,1.4285714285714286
SITE0081,2,14,1,0.07142857142857142,23,20,0.8695652173913043,2.0
SITE0081,3,21,2,0.09523809523809523,34,31,0.9117647058823529,2.6451612903225805
SITE0081,4,27,2,0.07407407407407407,43,40,0.9302325581395349,2.25
SITE0081,5,22,1,0.045454545454545456,38,33,0.868421052631579,1.878787878787879
SITE0081,6,25,0,0.0,37,35,0.9459459459459459,1.7428571428571429
SITE0081,7,26,3,0.11538461538461539,42,40,0.9523809523809523,2.2
SITE0081,8,25,7,0.28,41,35,0.8536585365853658,1.8571428571428572
SITE0081,9,32,8,0.25,54,47,0.8703703703703703,2.595744680851064
SITE0081,10,35,7,0.2,53,48,0.9056603773584906,1.375
SITE0081,11,32,5,0.15625,49,46,0.9387755102040817,2.282608695652174
SITE0081,12,21,6,0.2857142857142857,65,62,0.9538461538461539,2.274193548387097
SITE0082,1,8,1,0.125,10,10,1.0,2.3
SITE0082,2,18,4,0.2222222222222222,26,25,0.9615384615384616,2.28
SITE0082,3,21,4,0.19047619047619047,33,31,0.9393939393939394,2.3870967741935485
SITE0082,4,31,7,0.22580645161290322,53,43,0.8113207547169812,2.0232558139534884
SITE0082,5,27,5,0.18518518518518517,43,41,0.9534883720930233,2.3658536585365852
SITE0082,6,26,2,0.07692307692307693,43,42,0.9767441860465116,2.1904761904761907
SITE0082,7,31,2,0.06451612903225806,48,43,0.8958333333333334,2.186046511627907
SITE0082,8,30,2,0.06666666666666667,46,44,0.9565217391304348,1.9545454545454546
SITE0082,9,28,2,0.07142857142857142,49,45,0.9183673469387755,2.1555555555555554
SITE0082,10,30,3,0.1,45,39,0.8666666666666667,2.58974358974359
SITE0082,11,26,2,0.07692307692307693,44,40,0.9090909090909091,2.125
SITE0082,12,16,2,0.125,46,39,0.8478260869565217,2.717948717948718
SITE0083,1,9,1,0.1111111111111111,15,13,0.8666666666666667,1.8461538461538463
SITE0083,2,26,4,0.15384615384615385,38,35,0.9210526315789473,2.0
SITE0083,3,35,8,0.22857142857142856,58,53,0.9137931034482759,2.5283018867924527
SITE0083,4,46,10,0.21739130434782608,72,66,0.9166666666666666,2.3484848484848486
SITE0083,5,56,12,0.21428571428571427,93,84,0.9032258064516129,1.9047619047619047
SITE0083,6,55,9,0.16363636363636364,89,81,0.9101123595505618,1.876543209876543
SITE0083,7,51,7,0.13725490196078433,84,79,0.9404761904761905,2.0126582278481013
SITE0083,8,50,9,0.18,81,72,0.8888888888888888,2.375
SITE0083,9,43,11,0.2558139534883721,63,59,0.9365079365079365,2.0847457627118646
SITE0083,10,45,9,0.2,72,68,0.9444444444444444,1.9411764705882353
SITE0083,11,47,6,0.1276595744680851,78,72,0.9230769230769231,1.9444444444444444
SITE0083,12,36,4,0.1111111111111111,109,99,0.908256880733945,2.6666666666666665
SITE0084,1,7,1,0.14285714285714285,9,8,0.8888888888888888,3.25
SITE0084,2,14,2,0.14285714285714285,21,19,0.9047619047619048,1.5263157894736843
SITE0084,3,23,5,0.21739130434782608,36,35,0.9722222222222222,1.9142857142857144
SITE0084,4,25,6,0.24,42,39,0.9285714285714286,2.051282051282051
SITE0084,5,28,3,0.10714285714285714,40,39,0.975,2.4615384615384617
SITE0084,6,28,1,0.03571428571428571,50,47,0.94,2.6382978723404253
SITE0084,7,28,1,0.03571428571428571,47,41,0.8723404255319149,2.073170731707317
SITE0084,8,29,2,0.06896551724137931,47,44,0.9361702127659575,1.9318181818181819
SITE0084,9,30,2,0.06666666666666667,48,45,0.9375,2.2666666666666666
SITE0084,10,31,2,0.06451612903225806,49,43,0.8775510204081632,2.372093023255814
SITE0084,11,28,5,0.17857142857142858,49,43,0.8775510204081632,2.511627906976744
SITE0084,12,22,12,0.5454545454545454,54,50,0.9259259259259259,2.18
SITE0085,1,12,0,0.0,20,19,0.95,1.6842105263157894
SITE0085,2,20,2,0.1,35,33,0.9428571428571428,2.1515151515151514
SITE0085,3,29,4,0.13793103448275862,51,46,0.9019607843137255,2.260869565217391
SITE0085,4,33,3,0.09090909090909091,50,45,0.9,2.577777777777778
SITE0085,5,35,2,0.05714285714285714,53,49,0.9245283018867925,2.2448979591836733
SITE0085,6,38,6,0.15789473684210525,58,54,0.9310344827586207,1.8703703703703705
SITE0085,7,42,11,0.2619047619047619,63,58,0.9206349206349206,2.0
SITE0085,8,44,14,0.3181818181818182,72,65,0.9027777777777778,1.8
SITE0085,9,41,12,0.2926829268292683,70,63,0.9,1.9047619047619047
SITE0085,10,39,5,0.1282051282051282,60,57,0.95,1.9824561403508771
SITE0085,11,30,1,0.03333333333333333,48,44,0.9166666666666666,1.7727272727272727
SITE0085,12,18,0,0.0,50,40,0.8,2.05
SITE0086,1,8,0,0.0,11,10,0.9090909090909091,0.6
SITE0086,2,16,0,0.0,26,21,0.8076923076923077,2.4285714285714284
SITE0086,3,22,0,0.0,34,32,0.9411764705882353,2.25
SITE0086,4,29,4,0.13793103448275862,46,44,0.9565217391304348,2.409090909090909
SITE0086,5,36,3,0.08333333333333333,54,49,0.9074074074074074,1.6122448979591837
SITE0086,6,40,6,0.15,72,65,0.9027777777777778,1.9384615384615385
SITE0086,7,44,6,0.13636363636363635,68,65,0.9558823529411765,1.6
SITE0086,8,47,7,0.14893617021276595,72,68,0.9444444444444444,2.3529411764705883
SITE0086,9,41,5,0.12195121951219512,62,61,0.9838709677419355,2.4754098360655736
SITE0086,10,41,3,0.07317073170731707,70,61,0.8714285714285714,1.8524590163934427
SITE0086,11,35,5,0.14285714285714285,54,50,0.9259259259259259,2.46
SITE0086,12,23,9,0.391304347826087,67,63,0.9402985074626866,1.873015873015873
SITE0087,1,3,0,0.0,4,3,0.75,1.3333333333333333
SITE0087,2,12,2,0.16666666666666666,21,18,0.8571428571428571,2.388888888888889
SITE0087,3,21,2,0.09523809523809523,34,29,0.8529411764705882,2.0689655172413794
SITE0087,4,25,1,0.04,43,41,0.9534883720930233,1.9268292682926829
SITE0087,5,24,1,0.041666666666666664,36,34,0.9444444444444444,2.411764705882353
SITE0087,6,26,0,0.0,37,35,0.9459459459459459,2.4
SITE0087,7,26,2,0.07692307692307693,42,38,0.9047619047619048,2.8157894736842106
SITE0087,8,29,4,0.13793103448275862,49,47,0.9591836734693877,1.702127659574468
SITE0087,9,36,4,0.1111111111111111,55,54,0.9818181818181818,1.8888888888888888
SITE0087,10,39,3,0.07692307692307693,60,56,0.9333333333333333,2.0357142857142856
SITE0087,11,38,4,0.10526315789473684,64,57,0.890625,1.6140350877192982
SITE0087,12,29,7,0.2413793103448276,77,71,0.922077922077922,2.436619718309859
SITE0088,1,9,2,0.2222222222222222,13,9,0.6923076923076923,2.6666666666666665
SITE0088,2,25,2,0.08,42,37,0.8809523809523809,2.108108108108108
SITE0088,3,37,4,0.10810810810810811,60,55,0.9166666666666666,1.6545454545454545
SITE0088,4,47,5,0.10638297872340426,72,65,0.9027777777777778,1.8307692307692307
SITE0088,5,49,8,0.16326530612244897,79,71,0.8987341772151899,2.267605633802817
SITE0088,6,48,10,0.20833333333333334,71,65,0.9154929577464789,1.7538461538461538
SITE0088,7,45,8,0.17777777777777778,71,63,0.8873239436619719,2.507936507936508
SITE0088,8,33,9,0.2727272727272727,54,53,0.9814814814814815,1.7358490566037736
SITE0088,9,40,9,0.225,61,51,0.8360655737704918,1.8823529411764706
SITE0088,10,39,8,0.20512820512820512,66,59,0.8939393939393939,2.2033898305084745
SITE0088,11,41,10,0.24390243902439024,69,65,0.9420289855072463,1.9076923076923078
SITE0088,12,33,15,0.45454545454545453,86,80,0.9302325581395349,2.4375
SITE0089,1,10,1,0.1,12,12,1.0,1.75
SITE0089,2,20,2,0.1,32,27,0.84375,1.6296296296296295
SITE0089,3,28,4,0.14285714285714285,46,43,0.9347826086956522,2.0697674418604652
SITE0089,4,35,5,0.14285714285714285,59,51,0.864406779661017,2.0980392156862746
SITE0089,5,27,6,0.2222222222222222,44,41,0.9318181818181818,1.9268292682926829
SITE0089,6,31,3,0.0967741935483871,49,45,0.9183673469387755,1.7333333333333334
SITE0089,7,41,7,0.17073170731707318,65,63,0.9692307692307692,1.9047619047619047
SITE0089,8,42,11,0.2619047619047619,76,71,0.9342105263157895,2.436619718309859
SITE0089,9,42,8,0.19047619047619047,64,59,0.921875,1.7627118644067796
SITE0089,10,37,6,0.16216216216216217,56,50,0.8928571428571429,2.26
SITE0089,11,29,5,0.1724137931034483,48,44,0.9166666666666666,2.022727272727273
SITE0089,12,21,8,0.38095238095238093,61,56,0.9180327868852459,2.0357142857142856
SITE0090,1,4,0,0.0,4,4,1.0,0.75
SITE0090,2,13,0,0.0,21,18,0.8571428571428571,2.888888888888889
SITE0090,3,17,0,0.0,27,25,0.9259259259259259,1.96
SITE0090,4,25,3,0.12,43,35,0.813953488372093,1.9714285714285715
SITE0090,5,24,6,0.25,38,36,0.9473684210526315,1.9166666666666667
SITE0090,6,31,8,0.25806451612903225,42,38,0.9047619047619048,1.9473684210526316
SITE0090,7,36,13,0.3611111111111111,59,52,0.8813559322033898,2.0
SITE0090,8,38,12,0.3157894736842105,67,63,0.9402985074626866,2.1746031746031744
SITE0090,9,41,10,0.24390243902439024,64,59,0.921875,1.8305084745762712
SITE0090,10,32,5,0.15625,52,50,0.9615384615384616,2.16
SITE0090,11,31,4,0.12903225806451613,50,46,0.92,2.5217391304347827
SITE0090,12,24,5,0.20833333333333334,67,62,0.9253731343283582,1.7580645161290323
SITE0091,1,7,1,0.14285714285714285,10,10,1.0,2.5
SITE0091,2,15,2,0.13333333333333333,25,23,0.92,2.0434782608695654
SITE0091,3,25,4,0.16,38,33,0.868421052631579,1.7575757575757576
SITE0091,4,36,9,0.25,57,50,0.8771929824561403,1.8
SITE0091,5,35,10,0.2857142857142857,60,56,0.9333333333333333,1.7321428571428572
SITE0091,6,39,15,0.38461538461538464,60,54,0.9,1.7592592592592593
SITE0091,7,36,18,0.5,59,56,0.9491525423728814,2.3035714285714284
SITE0091,8,30,10,0.3333333333333333,50,47,0.94,1.8297872340425532
SITE0091,9,29,8,0.27586206896551724,42,38,0.9047619047619048,2.263157894736842
SITE0091,10,34,4,0.11764705882352941,54,51,0.9444444444444444,1.9803921568627452
SITE0091,11,27,4,0.14814814814814814,44,41,0.9318181818181818,2.3658536585365852
SITE0091,12,22,5,0.22727272727272727,59,58,0.9830508474576272,2.189655172413793
SITE0092,1,17,5,0.29411764705882354,25,23,0.92,1.391304347826087
SITE0092,2,22,5,0.22727272727272727,37,36,0.972972972972973,2.388888888888889
SITE0092,3,31,6,0.1935483870967742,53,48,0.9056603773584906,2.1875
SITE0092,4,32,2,0.0625,49,47,0.9591836734693877,2.127659574468085
SITE0092,5,23,3,0.13043478260869565,38,32,0.8421052631578947,2.625
SITE0092,6,23,6,0.2608695652173913,34,32,0.9411764705882353,2.21875
SITE0092,7,24,8,0.3333333333333333,39,36,0.9230769230769231,1.5
SITE0092,8,22,7,0.3181818181818182,35,34,0.9714285714285714,1.911764705882353
SITE0092,9,27,6,0.2222222222222222,40,37,0.925,1.7837837837837838
SITE0092,10,26,5,0.19230769230769232,39,37,0.9487179487179487,2.27027027027027
SITE0092,11,24,3,0.125,40,36,0.9,2.5
SITE0092,12,19,4,0.21052631578947367,51,49,0.9607843137254902,2.9183673469387754
SITE0093,1,5,1,0.2,7,6,0.8571428571428571,1.6666666666666667
SITE0093,2,13,2,0.15384615384615385,18,17,0.9444444444444444,2.411764705882353
SITE0093,3,20,4,0.2,36,36,1.0,2.5833333333333335
SITE0093,4,33,3,0.09090909090909091,52,47,0.9038461538461539,2.127659574468085
SITE0093,5,36,1,0.027777777777777776,58,53,0.9137931034482759,2.018867924528302
SITE0093,6,36,5,0.1388888888888889,55,49,0.8909090909090909,1.816326530612245
SITE0093,7,40,7,0.175,65,59,0.9076923076923077,2.3389830508474576
SITE0093,8,40,8,0.2,64,61,0.953125,2.442622950819672
SITE0093,9,38,6,0.15789473684210525,59,57,0.9661016949152542,1.8596491228070176
SITE0093,10,44,7,0.1590909090909091,74,69,0.9324324324324325,1.6666666666666667
SITE0093,11,40,2,0.05,63,56,0.8888888888888888,2.017857142857143
SITE0093,12,26,2,0.07692307692307693,67,59,0.8805970149253731,2.0677966101694913
SITE0094,1,15,3,0.2,23,21,0.9130434782608695,1.7142857142857142
SITE0094,2,31,7,0.22580645161290322,51,48,0.9411764705882353,1.9166666666666667
SITE0094,3,45,9,0.2,71,65,0.9154929577464789,2.0923076923076924
SITE0094,4,51,11,0.21568627450980393,83,75,0.9036144578313253,1.9733333333333334
SITE0094,5,43,9,0.20930232558139536,70,60,0.8571428571428571,2.0166666666666666
SITE0094,6,39,9,0.23076923076923078,55,52,0.9454545454545454,2.269230769230769
SITE0094,7,37,9,0.24324324324324326,60,56,0.9333333333333333,2.0892857142857144
SITE0094,8,42,7,0.16666666666666666,72,68,0.9444444444444444,1.8676470588235294
SITE0094,9,43,7,0.16279069767441862,71,68,0.9577464788732394,2.235294117647059
SITE0094,10,38,6,0.15789473684210525,66,60,0.9090909090909091,2.0
SITE0094,11,43,5,0.11627906976744186,63,57,0.9047619047619048,1.8596491228070176
SITE0094,12,29,2,0.06896551724137931,101,97,0.9603960396039604,2.422680412371134
SITE0095,1,10,0,0.0,16,13,0.8125,1.5384615384615385
SITE0095,2,21,1,0.047619047619047616,30,29,0.9666666666666667,2.6206896551724137
SITE0095,3,30,7,0.23333333333333334,49,42,0.8571428571428571,2.238095238095238
SITE0095,4,43,12,0.27906976744186046,68,62,0.9117647058823529,2.0806451612903225
SITE0095,5,45,18,0.4,72,67,0.9305555555555556,2.014925373134328
SITE0095,6,57,19,0.3333333333333333,96,91,0.9479166666666666,2.021978021978022
SITE0095,7,59,12,0.2033898305084746,92,83,0.9021739130434783,2.0120481927710845
SITE0095,8,52,9,0.17307692307692307,85,79,0.9294117647058824,2.037974683544304
SITE0095,9,48,5,0.10416666666666667,76,69,0.9078947368421053,2.681159420289855
SITE0095,10,43,4,0.09302325581395349,71,65,0.9154929577464789,1.7076923076923076
SITE0095,11,40,7,0.175,72,66,0.9166666666666666,2.4545454545454546
SITE0095,12,27,8,0.2962962962962963,77,73,0.948051948051948,2.3835616438356166
SITE0096,1,9,2,0.2222222222222222,14,13,0.9285714285714286,1.6153846153846154
SITE0096,2,19,2,0.10526315789473684,34,32,0.9411764705882353,2.125
SITE0096,3,27,3,0.1111111111111111,46,39,0.8478260869565217,1.8205128205128205
SITE0096,4,33,4,0.12121212121212122,53,48,0.9056603773584906,1.4583333333333333
SITE0096,5,31,8,0.25806451612903225,49,46,0.9387755102040817,2.260869565217391
SITE0096,6,29,9,0.3103448275862069,47,43,0.9148936170212766,2.5813953488372094
SITE0096,7,29,8,0.27586206896551724,46,44,0.9565217391304348,2.090909090909091
SITE0096,8,24,6,0.25,38,35,0.9210526315789473,1.9428571428571428
SITE0096,9,27,11,0.4074074074074074,43,38,0.8837209302325582,2.5
SITE0096,10,28,10,0.35714285714285715,47,44,0.9361702127659575,2.1363636363636362
SITE0096,11,26,7,0.2692307692307692,41,40,0.975609756097561,2.35
SITE0096,12,20,8,0.4,58,56,0.9655172413793104,2.3035714285714284
SITE0097,1,15,3,0.2,19,16,0.8421052631578947,1.75
SITE0097,2,30,7,0.23333333333333334,48,44,0.9166666666666666,2.340909090909091
SITE0097,3,40,5,0.125,65,60,0.9230769230769231,2.5166666666666666
SITE0097,4,53,8,0.1509433962264151,84,78,0.9285714285714286,2.1794871794871793
SITE0097,5,54,12,0.2222222222222222,84,77,0.9166666666666666,1.9350649350649352
SITE0097,6,49,14,0.2857142857142857,82,76,0.926829268292683,1.9605263157894737
SITE0097,7,49,16,0.32653061224489793,80,72,0.9,2.236111111111111
SITE0097,8,40,6,0.15,59,56,0.9491525423728814,2.1607142857142856
SITE0097,9,35,4,0.11428571428571428,53,47,0.8867924528301887,1.6170212765957446
SITE0097,10,33,7,0.21212121212121213,54,49,0.9074074074074074,2.5714285714285716
SITE0097,11,39,9,0.23076923076923078,65,57,0.8769230769230769,1.912280701754386
SITE0097,12,28,11,0.39285714285714285,81,75,0.9259259259259259,1.9733333333333334
SITE0098,1,9,0,0.0,12,10,0.8333333333333334,3.1
SITE0098,2,20,0,0.0,31,26,0.8387096774193549,2.0384615384615383
SITE0098,3,32,4,0.125,54,48,0.8888888888888888,1.9166666666666667
SITE0098,4,36,7,0.19444444444444445,64,59,0.921875,1.6610169491525424
SITE0098,5,32,8,0.25,53,49,0.9245283018867925,2.0
SITE0098,6,29,7,0.2413793103448276,44,39,0.8863636363636364,1.8974358974358974
SITE0098,7,24,3,0.125,37,30,0.8108108108108109,2.2
SITE0098,8,31,4,0.12903225806451613,44,41,0.9318181818181818,2.1219512195121952
SITE0098,9,29,8,0.27586206896551724,54,52,0.9629629629629629,2.5384615384615383
SITE0098,10,33,8,0.24242424242424243,52,49,0.9423076923076923,1.8571428571428572
SITE0098,11,32,4,0.125,47,45,0.9574468085106383,2.2444444444444445
SITE0098,12,16,1,0.0625,48,42,0.875,2.142857142857143
SITE0099,1,10,4,0.4,15,14,0.9333333333333333,1.7142857142857142
SITE0099,2,25,4,0.16,41,37,0.9024390243902439,2.3783783783783785
SITE0099,3,40,4,0.1,62,59,0.9516129032258065,2.0
SITE0099,4,47,0,0.0,77,70,0.9090909090909091,2.157142857142857
SITE0099,5,54,4,0.07407407407407407,89,80,0.898876404494382,1.825
SITE0099,6,50,5,0.1,80,78,0.975,1.9102564102564104
SITE0099,7,45,5,0.1111111111111111,74,69,0.9324324324324325,2.4057971014492754
SITE0099,8,45,8,0.17777777777777778,72,67,0.9305555555555556,2.253731343283582
SITE0099,9,38,5,0.13157894736842105,60,56,0.9333333333333333,2.0
SITE0099,10,41,8,0.1951219512195122,66,65,0.9848484848484849,1.8
SITE0099,11,40,12,0.3,59,56,0.9491525423728814,2.0357142857142856
SITE0099,12,28,19,0.6785714285714286,79,75,0.9493670886075949,2.1866666666666665
SITE0100,1,7,0,0.0,9,7,0.7777777777777778,1.7142857142857142
SITE0100,2,22,3,0.13636363636363635,35,34,0.9714285714285714,2.0294117647058822
SITE0100,3,32,6,0.1875,53,47,0.8867924528301887,2.297872340425532
SITE0100,4,40,8,0.2,68,61,0.8970588235294118,2.2295081967213113
SITE0100,5,41,8,0.1951219512195122,67,62,0.9253731343283582,2.2419354838709675
SITE0100,6,40,6,0.15,65,62,0.9538461538461539,2.2096774193548385
SITE0100,7,41,6,0.14634146341463414,64,59,0.921875,1.5254237288135593
SITE0100,8,43,6,0.13953488372093023,72,64,0.8888888888888888,2.359375
SITE0100,9,40,5,0.125,68,64,0.9411764705882353,2.046875
SITE0100,10,44,4,0.09090909090909091,70,64,0.9142857142857143,2.0625
SITE0100,11,38,3,0.07894736842105263,61,54,0.8852459016393442,2.3518518518518516
SITE0100,12,25,5,0.2,76,67,0.881578947368421,2.298507462686567
SITE0101,1,9,0,0.0,12,11,0.9166666666666666,1.6363636363636365
SITE0101,2,18,1,0.05555555555555555,26,24,0.9230769230769231,2.1666666666666665
SITE0101,3,29,4,0.13793103448275862,50,46,0.92,2.0652173913043477
SITE0101,4,39,5,0.1282051282051282,63,58,0.9206349206349206,1.9827586206896552
SITE0101,5,41,6,0.14634146341463414,64,60,0.9375,1.6166666666666667
SITE0101,6,44,8,0.18181818181818182,70,65,0.9285714285714286,2.0
SITE0101,7,47,10,0.2127659574468085,75,66,0.88,2.287878787878788
SITE0101,8,45,8,0.17777777777777778,75,69,0.92,2.130434782608696
SITE0101,9,42,4,0.09523809523809523,68,63,0.9264705882352942,2.0476190476190474
SITE0101,10,40,2,0.05,62,58,0.9354838709677419,1.896551724137931
SITE0101,11,34,1,0.029411764705882353,53,50,0.9433962264150944,2.12
SITE0101,12,25,5,0.2,72,60,0.8333333333333334,1.8333333333333333
SITE0102,1,9,2,0.2222222222222222,13,12,0.9230769230769231,1.5833333333333333
SITE0102,2,22,7,0.3181818181818182,36,35,0.9722222222222222,2.0285714285714285
SITE0102,3,38,11,0.2894736842105263,61,60,0.9836065573770492,2.066666666666667
SITE0102,4,39,9,0.23076923076923078,64,61,0.953125,1.6885245901639345
SITE0102,5,40,5,0.125,65,61,0.9384615384615385,2.0655737704918034
SITE0102,6,39,5,0.1282051282051282,57,52,0.9122807017543859,2.230769230769231
SITE0102,7,39,6,0.15384615384615385,67,63,0.9402985074626866,2.507936507936508
SITE0102,8,50,10,0.2,77,71,0.922077922077922,2.408450704225352
SITE0102,9,47,11,0.23404255319148937,79,70,0.8860759493670886,2.057142857142857
SITE0102,10,40,5,0.125,61,54,0.8852459016393442,1.8333333333333333
SITE0102,11,38,3,0.07894736842105263,60,56,0.9333333333333333,2.4107142857142856
SITE0102,12,21,4,0.19047619047619047,68,64,0.9411764705882353,1.875
SITE0103,1,10,1,0.1,14,13,0.9285714285714286,2.3076923076923075
SITE0103,2,13,2,0.15384615384615385,21,19,0.9047619047619048,1.894736842105263
SITE0103,3,24,1,0.041666666666666664,40,36,0.9,2.388888888888889
SITE0103,4,30,4,0.13333333333333333,47,44,0.9361702127659575,1.7727272727272727
SITE0103,5,28,2,0.07142857142857142,45,44,0.9777777777777777,2.1363636363636362
SITE0103,6,29,2,0.06896551724137931,46,42,0.9130434782608695,1.7857142857142858
SITE0103,7,27,2,0.07407407407407407,40,35,0.875,2.2857142857142856
SITE0103,8,25,2,0.08,38,32,0.8421052631578947,2.1875
SITE0103,9,26,6,0.23076923076923078,44,41,0.9318181818181818,2.1951219512195124
SITE0103,10,27,5,0.18518518518518517,41,39,0.9512195121951219,2.769230769230769
SITE0103,11,31,8,0.25806451612903225,51,47,0.9215686274509803,2.0425531914893615
SITE0103,12,20,7,0.35,71,66,0.9295774647887324,2.515151515151515
SITE0104,1,7,3,0.42857142857142855,12,12,1.0,1.8333333333333333
SITE0104,2,17,4,0.23529411764705882,25,23,0.92,2.0434782608695654
SITE0104,3,24,7,0.2916666666666667,39,35,0.8974358974358975,2.1714285714285713
SITE0104,4,37,8,0.21621621621621623,58,57,0.9827586206896551,1.9649122807017543
SITE0104,5,38,11,0.2894736842105263,64,61,0.953125,2.5737704918032787
SITE0104,6,31,8,0.25806451612903225,51,47,0.9215686274509803,2.021276595744681
SITE0104,7,27,6,0.2222222222222222,44,41,0.9318181818181818,2.5365853658536586
SITE0104,8,22,2,0.09090909090909091,32,28,0.875,1.8928571428571428
SITE0104,9,22,1,0.045454545454545456,38,33,0.868421052631579,1.7575757575757576
SITE0104,10,21,2,0.09523809523809523,38,35,0.9210526315789473,2.1714285714285713
SITE0104,11,23,2,0.08695652173913043,36,35,0.9722222222222222,2.4285714285714284
SITE0104,12,14,0,0.0,43,42,0.9767441860465116,2.4047619047619047
SITE0105,1,10,1,0.1,13,12,0.9230769230769231,1.8333333333333333
SITE0105,2,18,2,0.1111111111111111,29,26,0.896551724137931,1.8076923076923077
SITE0105,3,44,4,0.09090909090909091,68,61,0.8970588235294118,2.377049180327869
SITE0105,4,52,6,0.11538461538461539,89,85,0.9550561797752809,2.0470588235294116
SITE0105,5,51,3,0.058823529411764705,81,73,0.9012345679012346,2.4794520547945207
SITE0105,6,48,9,0.1875,73,70,0.958904109589041,1.8
SITE0105,7,44,8,0.18181818181818182,66,56,0.8484848484848485,1.8571428571428572
SITE0105,8,49,10,0.20408163265306123,80,70,0.875,1.7142857142857142
SITE0105,9,52,10,0.19230769230769232,82,77,0.9390243902439024,1.6493506493506493
SITE0105,10,53,6,0.11320754716981132,83,76,0.9156626506024096,2.1315789473684212
SITE0105,11,45,6,0.13333333333333333,76,72,0.9473684210526315,2.5277777777777777
SITE0105,12,30,13,0.43333333333333335,82,76,0.926829268292683,1.9736842105263157
SITE0106,1,7,3,0.42857142857142855,10,10,1.0,1.0
SITE0106,2,21,6,0.2857142857142857,30,29,0.9666666666666667,2.0
SITE0106,3,30,7,0.23333333333333334,53,49,0.9245283018867925,1.9795918367346939
SITE0106,4,41,9,0.21951219512195122,67,61,0.9104477611940298,1.639344262295082
SITE0106,5,42,13,0.30952380952380953,66,64,0.9696969696969697,2.125
SITE0106,6,38,8,0.21052631578947367,61,53,0.8688524590163934,2.018867924528302
SITE0106,7,44,9,0.20454545454545456,67,62,0.9253731343283582,1.5806451612903225
SITE0106,8,38,6,0.15789473684210525,59,54,0.9152542372881356,2.4074074074074074
SITE0106,9,36,5,0.1388888888888889,60,53,0.8833333333333333,2.3773584905660377
SITE0106,10,37,6,0.16216216216216217,57,51,0.8947368421052632,2.215686274509804
SITE0106,11,37,8,0.21621621621621623,58,55,0.9482758620689655,2.2363636363636363
SITE0106,12,30,10,0.3333333333333333,96,89,0.9270833333333334,2.2247191011235956
SITE0107,1,3,0,0.0,4,4,1.0,1.5
SITE0107,2,12,6,0.5,22,19,0.8636363636363636,2.1578947368421053
SITE0107,3,19,5,0.2631578947368421,29,29,1.0,1.1724137931034482
SITE0107,4,26,5,0.19230769230769232,39,36,0.9230769230769231,2.0833333333333335
SITE0107,5,28,8,0.2857142857142857,45,43,0.9555555555555556,2.8372093023255816
SITE0107,6,31,6,0.1935483870967742,51,50,0.9803921568627451,2.02
SITE0107,7,34,6,0.17647058823529413,50,45,0.9,2.7555555555555555
SITE0107,8,37,6,0.16216216216216217,58,54,0.9310344827586207,2.0925925925925926
SITE0107,9,32,7,0.21875,53,46,0.8679245283018868,1.6521739130434783
SITE0107,10,27,7,0.25925925925925924,42,38,0.9047619047619048,1.7105263157894737
SITE0107,11,26,7,0.2692307692307692,40,40,1.0,2.225
SITE0107,12,14,9,0.6428571428571429,47,43,0.9148936170212766,1.9767441860465116
SITE0108,1,10,1,0.1,15,12,0.8,1.75
SITE0108,2,18,2,0.1111111111111111,29,28,0.9655172413793104,1.8214285714285714
SITE0108,3,25,2,0.08,45,42,0.9333333333333333,2.4047619047619047
SITE0108,4,35,3,0.08571428571428572,48,44,0.9166666666666666,1.6590909090909092
SITE0108,5,36,4,0.1111111111111111,59,50,0.847457627118644,2.38
SITE0108,6,37,7,0.1891891891891892,58,55,0.9482758620689655,2.4
SITE0108,7,40,7,0.175,63,56,0.8888888888888888,1.8214285714285714
SITE0108,8,40,3,0.075,64,59,0.921875,2.305084745762712
SITE0108,9,37,3,0.08108108108108109,56,52,0.9285714285714286,2.269230769230769
SITE0108,10,38,4,0.10526315789473684,62,57,0.9193548387096774,2.210526315789474
SITE0108,11,35,3,0.08571428571428572,55,52,0.9454545454545454,2.2115384615384617
SITE0108,12,22,3,0.13636363636363635,58,55,0.9482758620689655,2.4363636363636365
SITE0109,1,9,0,0.0,12,12,1.0,2.0833333333333335
SITE0109,2,12,0,0.0,20,18,0.9,1.5555555555555556
SITE0109,3,23,4,0.17391304347826086,38,34,0.8947368421052632,2.176470588235294
SITE0109,4,30,6,0.2,48,44,0.9166666666666666,2.1818181818181817
SITE0109,5,27,7,0.25925925925925924,45,41,0.9111111111111111,1.7804878048780488
SITE0109,6,32,4,0.125,48,43,0.8958333333333334,1.8604651162790697
SITE0109,7,29,3,0.10344827586206896,46,38,0.8260869565217391,2.1052631578947367
SITE0109,8,34,6,0.17647058823529413,59,55,0.9322033898305084,1.6
SITE0109,9,34,4,0.11764705882352941,57,53,0.9298245614035088,2.0377358490566038
SITE0109,10,29,9,0.3103448275862069,47,43,0.9148936170212766,2.2790697674418605
SITE0109,11,26,7,0.2692307692307692,40,37,0.925,2.6486486486486487
SITE0109,12,17,10,0.5882352941176471,56,50,0.8928571428571429,2.6
SITE0110,1,7,0,0.0,12,11,0.9166666666666666,1.9090909090909092
SITE0110,2,14,1,0.07142857142857142,20,18,0.9,1.1111111111111112
SITE0110,3,19,1,0.05263157894736842,33,31,0.9393939393939394,1.6451612903225807
SITE0110,4,23,3,0.13043478260869565,39,37,0.9487179487179487,2.6216216216216215
SITE0110,5,34,6,0.17647058823529413,54,52,0.9629629629629629,1.9807692307692308
SITE0110,6,35,7,0.2,60,59,0.9833333333333333,1.9491525423728813
SITE0110,7,35,8,0.22857142857142856,61,57,0.9344262295081968,1.912280701754386
SITE0110,8,36,6,0.16666666666666666,53,47,0.8867924528301887,2.0638297872340425
SITE0110,9,31,4,0.12903225806451613,46,44,0.9565217391304348,2.409090909090909
SITE0110,10,34,7,0.20588235294117646,54,48,0.8888888888888888,2.125
SITE0110,11,36,6,0.16666666666666666,59,55,0.9322033898305084,1.9454545454545455
SITE0110,12,23,5,0.21739130434782608,73,70,0.958904109589041,1.8857142857142857
SITE0111,1,12,2,0.16666666666666666,15,10,0.6666666666666666,2.3
SITE0111,2,25,4,0.16,41,37,0.9024390243902439,2.324324324324324
SITE0111,3,41,9,0.21951219512195122,67,61,0.9104477611940298,2.721311475409836
SITE0111,4,45,8,0.17777777777777778,74,70,0.9459459459459459,2.342857142857143
SITE0111,5,38,6,0.15789473684210525,59,54,0.9152542372881356,2.037037037037037
SITE0111,6,41,5,0.12195121951219512,58,54,0.9310344827586207,2.537037037037037
SITE0111,7,40,5,0.125,66,62,0.9393939393939394,2.2096774193548385
SITE0111,8,45,7,0.15555555555555556,75,69,0.92,2.0434782608695654
SITE0111,9,48,6,0.125,74,70,0.9459459459459459,2.157142857142857
SITE0111,10,44,6,0.13636363636363635,66,57,0.8636363636363636,2.017543859649123
SITE0111,11,35,1,0.02857142857142857,62,58,0.9354838709677419,1.5689655172413792
SITE0111,12,26,1,0.038461538461538464,63,56,0.8888888888888888,1.9821428571428572
SITE0112,1,16,2,0.125,23,20,0.8695652173913043,1.15
SITE0112,2,28,5,0.17857142857142858,48,46,0.9583333333333334,2.1956521739130435
SITE0112,3,41,4,0.0975609756097561,66,63,0.9545454545454546,1.7619047619047619
SITE0112,4,52,6,0.11538461538461539,82,77,0.9390243902439024,1.8051948051948052
SITE0112,5,47,7,0.14893617021276595,72,67,0.9305555555555556,2.373134328358209
SITE0112,6,53,6,0.11320754716981132,78,66,0.8461538461538461,2.1818181818181817
SITE0112,7,56,8,0.14285714285714285,90,80,0.8888888888888888,2.2375
SITE0112,8,48,3,0.0625,81,73,0.9012345679012346,2.328767123287671
SITE0112,9,52,3,0.057692307692307696,81,77,0.9506172839506173,1.5584415584415585
SITE0112,10,47,7,0.14893617021276595,77,75,0.974025974025974,2.2933333333333334
SITE0112,11,41,7,0.17073170731707318,68,61,0.8970588235294118,2.278688524590164
SITE0112,12,28,8,0.2857142857142857,74,68,0.918918918918919,2.3088235294117645
SITE0113,1,7,0,0.0,11,10,0.9090909090909091,2.5
SITE0113,2,18,0,0.0,30,28,0.9333333333333333,1.4285714285714286
SITE0113,3,29,2,0.06896551724137931,45,43,0.9555555555555556,2.2325581395348837
SITE0113,4,36,5,0.1388888888888889,59,50,0.847457627118644,1.6
SITE0113,5,44,9,0.20454545454545456,67,63,0.9402985074626866,2.4285714285714284
SITE0113,6,46,10,0.21739130434782608,75,70,0.9333333333333333,1.8571428571428572
SITE0113,7,47,3,0.06382978723404255,78,70,0.8974358974358975,2.257142857142857
SITE0113,8,47,6,0.1276595744680851,79,76,0.9620253164556962,2.25
SITE0113,9,44,6,0.13636363636363635,70,65,0.9285714285714286,1.4615384615384615
SITE0113,10,43,11,0.2558139534883721,61,60,0.9836065573770492,1.7666666666666666
SITE0113,11,44,9,0.20454545454545456,70,65,0.9285714285714286,2.0307692307692307
SITE0113,12,34,23,0.6764705882352942,105,92,0.8761904761904762,2.119565217391304
SITE0114,1,10,0,0.0,13,13,1.0,1.1538461538461537
SITE0114,2,24,1,0.041666666666666664,40,40,1.0,1.725
SITE0114,3,33,4,0.12121212121212122,54,52,0.9629629629629629,2.2115384615384617
SITE0114,4,41,3,0.07317073170731707,67,61,0.9104477611940298,1.9672131147540983
SITE0114,5,43,10,0.23255813953488372,65,61,0.9384615384615385,2.278688524590164
SITE0114,6,41,8,0.1951219512195122,65,62,0.9538461538461539,2.661290322580645
SITE0114,7,37,14,0.3783783783783784,64,59,0.921875,2.0677966101694913
SITE0114,8,36,7,0.19444444444444445,57,54,0.9473684210526315,2.074074074074074
SITE0114,9,30,6,0.2,45,42,0.9333333333333333,2.2142857142857144
SITE0114,10,35,2,0.05714285714285714,59,58,0.9830508474576272,1.5517241379310345
SITE0114,11,36,3,0.08333333333333333,62,53,0.8548387096774194,2.018867924528302
SITE0114,12,30,8,0.26666666666666666,81,77,0.9506172839506173,2.1298701298701297
SITE0115,1,7,0,0.0,9,9,1.0,1.3333333333333333
SITE0115,2,15,0,0.0,28,25,0.8928571428571429,2.12
SITE0115,3,22,0,0.0,36,31,0.8611111111111112,2.096774193548387
SITE0115,4,32,0,0.0,48,43,0.8958333333333334,2.2325581395348837
SITE0115,5,32,1,0.03125,53,50,0.9433962264150944,1.88
SITE0115,6,34,3,0.08823529411764706,62,56,0.9032258064516129,2.6964285714285716
SITE0115,7,32,5,0.15625,49,48,0.9795918367346939,2.125
SITE0115,8,37,7,0.1891891891891892,53,49,0.9245283018867925,1.9387755102040816
SITE0115,9,34,6,0.17647058823529413,57,55,0.9649122807017544,2.4545454545454546
SITE0115,10,36,3,0.08333333333333333,58,53,0.9137931034482759,1.849056603773585
SITE0115,11,36,3,0.08333333333333333,56,54,0.9642857142857143,2.425925925925926
SITE0115,12,22,2,0.09090909090909091,55,50,0.9090909090909091,2.1
SITE0116,1,13,3,0.23076923076923078,18,17,0.9444444444444444,1.7058823529411764
SITE0116,2,22,7,0.3181818181818182,37,35,0.9459459459459459,2.142857142857143
SITE0116,3,39,9,0.23076923076923078,63,52,0.8253968253968254,1.6923076923076923
SITE0116,4,52,10,0.19230769230769232,76,71,0.9342105263157895,2.5492957746478875
SITE0116,5,51,8,0.1568627450980392,88,83,0.9431818181818182,2.0602409638554215
SITE0116,6,58,6,0.10344827586206896,89,81,0.9101123595505618,2.3209876543209877
SITE0116,7,54,6,0.1111111111111111,85,82,0.9647058823529412,2.2804878048780486
SITE0116,8,53,4,0.07547169811320754,82,76,0.926829268292683,2.0921052631578947
SITE0116,9,46,7,0.15217391304347827,71,66,0.9295774647887324,2.3181818181818183
SITE0116,10,46,8,0.17391304347826086,71,63,0.8873239436619719,2.1904761904761907
SITE0116,11,54,13,0.24074074074074073,87,81,0.9310344827586207,1.7160493827160495
SITE0116,12,42,21,0.5,133,124,0.9323308270676691,2.4193548387096775
SITE0117,1,11,0,0.0,17,16,0.9411764705882353,0.8125
SITE0117,2,24,0,0.0,40,35,0.875,1.7428571428571429
SITE0117,3,30,0,0.0,51,47,0.9215686274509803,1.7446808510638299
SITE0117,4,36,3,0.08333333333333333,56,53,0.9464285714285714,2.0754716981132075
SITE0117,5,34,7,0.20588235294117646,52,47,0.9038461538461539,2.297872340425532
SITE0117,6,30,12,0.4,49,47,0.9591836734693877,2.106382978723404
SITE0117,7,34,11,0.3235294117647059,56,49,0.875,1.5714285714285714
SITE0117,8,35,7,0.2,55,49,0.8909090909090909,2.2244897959183674
SITE0117,9,34,4,0.11764705882352941,55,47,0.8545454545454545,2.3404255319148937
SITE0117,10,30,3,0.1,50,47,0.94,2.0638297872340425
SITE0117,11,30,7,0.23333333333333334,47,42,0.8936170212765957,1.619047619047619
SITE0117,12,20,12,0.6,60,57,0.95,2.456140350877193
SITE0118,1,9,2,0.2222222222222222,13,12,0.9230769230769231,2.9166666666666665
SITE0118,2,21,5,0.23809523809523808,34,30,0.8823529411764706,2.3333333333333335
SITE0118,3,30,7,0.23333333333333334,51,49,0.9607843137254902,2.142857142857143
SITE0118,4,42,8,0.19047619047619047,66,63,0.9545454545454546,2.2698412698412698
SITE0118,5,38,5,0.13157894736842105,63,60,0.9523809523809523,1.9833333333333334
SITE0118,6,46,3,0.06521739130434782,72,70,0.9722222222222222,1.9428571428571428
SITE0118,7,46,3,0.06521739130434782,70,65,0.9285714285714286,2.246153846153846
SITE0118,8,42,4,0.09523809523809523,68,61,0.8970588235294118,1.5573770491803278
SITE0118,9,46,6,0.13043478260869565,72,63,0.875,1.873015873015873
SITE0118,10,40,6,0.15,64,61,0.953125,2.1311475409836067
SITE0118,11,33,5,0.15151515151515152,55,51,0.9272727272727272,2.2549019607843137
SITE0118,12,24,6,0.25,62,58,0.9354838709677419,1.8620689655172413
SITE0119,1,8,2,0.25,12,11,0.9166666666666666,1.6363636363636365
SITE0119,2,20,2,0.1,34,33,0.9705882352941176,2.0606060606060606
SITE0119,3,28,4,0.14285714285714285,44,41,0.9318181818181818,2.3902439024390243
SITE0119,4,44,7,0.1590909090909091,73,67,0.9178082191780822,2.0
SITE0119,5,46,6,0.13043478260869565,73,69,0.9452054794520548,1.8985507246376812
SITE0119,6,53,8,0.1509433962264151,89,79,0.8876404494382022,2.3164556962025316
SITE0119,7,58,10,0.1724137931034483,90,82,0.9111111111111111,1.9878048780487805
SITE0119,8,54,10,0.18518518518518517,84,76,0.9047619047619048,2.3157894736842106
SITE0119,9,54,11,0.2037037037037037,90,81,0.9,2.074074074074074
SITE0119,10,52,6,0.11538461538461539,83,79,0.9518072289156626,2.050632911392405
SITE0119,11,47,7,0.14893617021276595,82,72,0.8780487804878049,2.0694444444444446
SITE0119,12,36,17,0.4722222222222222,92,87,0.9456521739130435,1.735632183908046
SITE0120,1,10,0,0.0,14,13,0.9285714285714286,1.6153846153846154
SITE0120,2,18,0,0.0,27,26,0.9629629629629629,1.8076923076923077
SITE0120,3,27,2,0.07407407407407407,44,44,1.0,1.9318181818181819
SITE0120,4,30,5,0.16666666666666666,53,48,0.9056603773584906,2.0
SITE0120,5,27,7,0.25925925925925924,44,38,0.8636363636363636,1.9736842105263157
SITE0120,6,33,7,0.21212121212121213,48,44,0.9166666666666666,2.409090909090909
SITE0120,7,29,3,0.10344827586206896,49,44,0.8979591836734694,1.9772727272727273
SITE0120,8,31,4,0.12903225806451613,50,47,0.94,1.8297872340425532
SITE0120,9,26,5,0.19230769230769232,39,33,0.8461538461538461,2.090909090909091
SITE0120,10,21,7,0.3333333333333333,33,32,0.9696969696969697,2.03125
SITE0120,11,24,5,0.20833333333333334,35,33,0.9428571428571428,2.4545454545454546
SITE0120,12,14,3,0.21428571428571427,56,54,0.9642857142857143,2.925925925925926
SITE0121,1,11,2,0.18181818181818182,19,18,0.9473684210526315,2.7777777777777777
SITE0121,2,27,4,0.14814814814814814,43,39,0.9069767441860465,2.076923076923077
SITE0121,3,35,6,0.17142857142857143,55,50,0.9090909090909091,2.5
SITE0121,4,40,15,0.375,68,61,0.8970588235294118,1.9180327868852458
SITE0121,5,42,17,0.40476190476190477,65,63,0.9692307692307692,1.7301587301587302
SITE0121,6,41,12,0.2926829268292683,64,58,0.90625,1.896551724137931
SITE0121,7,43,7,0.16279069767441862,72,64,0.8888888888888888,2.109375
SITE0121,8,40,3,0.075,63,59,0.9365079365079365,2.0677966101694913
SITE0121,9,40,2,0.05,60,56,0.9333333333333333,2.3214285714285716
SITE0121,10,39,5,0.1282051282051282,65,61,0.9384615384615385,2.5245901639344264
SITE0121,11,34,6,0.17647058823529413,57,52,0.9122807017543859,2.0961538461538463
SITE0121,12,28,11,0.39285714285714285,77,74,0.961038961038961,2.2972972972972974
SITE0122,1,7,1,0.14285714285714285,9,9,1.0,2.0
SITE0122,2,21,3,0.14285714285714285,30,26,0.8666666666666667,2.1153846153846154
SITE0122,3,32,6,0.1875,50,46,0.92,1.5217391304347827
SITE0122,4,48,7,0.14583333333333334,77,67,0.8701298701298701,2.1641791044776117
SITE0122,5,54,8,0.14814814814814814,88,82,0.9318181818181818,2.3292682926829267
SITE0122,6,45,7,0.15555555555555556,77,72,0.935064935064935,2.111111111111111
SITE0122,7,46,2,0.043478260869565216,69,66,0.9565217391304348,2.4545454545454546
SITE0122,8,42,2,0.047619047619047616,66,58,0.8787878787878788,2.5344827586206895
SITE0122,9,44,1,0.022727272727272728,72,68,0.9444444444444444,2.7058823529411766
SITE0122,10,55,3,0.05454545454545454,90,82,0.9111111111111111,2.1463414634146343
SITE0122,11,53,5,0.09433962264150944,92,86,0.9347826086956522,2.2790697674418605
SITE0122,12,41,9,0.21951219512195122,108,101,0.9351851851851852,2.118811881188119
SITE0123,1,15,0,0.0,20,17,0.85,2.235294117647059
SITE0123,2,28,1,0.03571428571428571,48,43,0.8958333333333334,1.7906976744186047
SITE0123,3,47,3,0.06382978723404255,75,68,0.9066666666666666,2.25
SITE0123,4,56,5,0.08928571428571429,91,80,0.8791208791208791,2.1375
SITE0123,5,55,7,0.12727272727272726,83,78,0.9397590361445783,2.551282051282051
SITE0123,6,58,14,0.2413793103448276,93,86,0.9247311827956989,1.9186046511627908
SITE0123,7,47,13,0.2765957446808511,75,64,0.8533333333333334,2.515625
SITE0123,8,48,9,0.1875,77,69,0.8961038961038961,2.1884057971014492
SITE0123,9,47,4,0.0851063829787234,81,71,0.8765432098765432,2.323943661971831
SITE0123,10,50,3,0.06,83,73,0.8795180722891566,2.287671232876712
SITE0123,11,47,5,0.10638297872340426,73,65,0.8904109589041096,2.1076923076923078
SITE0123,12,32,8,0.25,89,81,0.9101123595505618,1.8395061728395061
SITE0124,1,10,1,0.1,12,11,0.9166666666666666,0.9090909090909091
SITE0124,2,22,3,0.13636363636363635,37,33,0.8918918918918919,1.8484848484848484
SITE0124,3,34,8,0.23529411764705882,58,52,0.896551724137931,2.0
SITE0124,4,46,12,0.2608695652173913,77,73,0.948051948051948,2.191780821917808
SITE0124,5,48,8,0.16666666666666666,75,67,0.8933333333333333,1.7611940298507462
SITE0124,6,46,7,0.15217391304347827,70,66,0.9428571428571428,1.5757575757575757
SITE0124,7,54,10,0.18518518518518517,85,78,0.9176470588235294,2.051282051282051
SITE0124,8,52,13,0.25,88,76,0.8636363636363636,2.3157894736842106
SITE0124,9,49,11,0.22448979591836735,79,70,0.8860759493670886,1.8285714285714285
SITE0124,10,47,9,0.19148936170212766,72,67,0.9305555555555556,2.1044776119402986
SITE0124,11,37,5,0.13513513513513514,64,59,0.921875,2.135593220338983
SITE0124,12,28,3,0.10714285714285714,69,57,0.8260869565217391,1.4736842105263157
SITE0125,1,6,0,0.0,6,5,0.8333333333333334,2.4
SITE0125,2,20,2,0.1,32,28,0.875,1.9642857142857142
SITE0125,3,31,5,0.16129032258064516,47,44,0.9361702127659575,2.3181818181818183
SITE0125,4,42,6,0.14285714285714285,70,65,0.9285714285714286,2.0923076923076924
SITE0125,5,52,6,0.11538461538461539,84,75,0.8928571428571429,2.3866666666666667
SITE0125,6,46,4,0.08695652173913043,69,66,0.9565217391304348,2.0757575757575757
SITE0125,7,46,4,0.08695652173913043,76,74,0.9736842105263158,2.135135135135135
SITE0125,8,50,3,0.06,77,72,0.935064935064935,2.1944444444444446
SITE0125,9,45,3,0.06666666666666667,68,62,0.9117647058823529,2.1129032258064515
SITE0125,10,46,3,0.06521739130434782,73,64,0.8767123287671232,2.046875
SITE0125,11,40,2,0.05,62,55,0.8870967741935484,1.8363636363636364
SITE0125,12,26,4,0.15384615384615385,68,66,0.9705882352941176,2.5757575757575757
SITE0126,1,9,1,0.1111111111111111,14,11,0.7857142857142857,1.8181818181818181
SITE0126,2,24,3,0.125,43,43,1.0,1.558139534883721
SITE0126,3,37,4,0.10810810810810811,60,57,0.95,2.3684210526315788
SITE0126,4,51,10,0.19607843137254902,84,77,0.9166666666666666,2.3376623376623376
SITE0126,5,59,17,0.288135593220339,91,86,0.945054945054945,2.5348837209302326
SITE0126,6,62,14,0.22580645161290322,98,90,0.9183673469387755,1.9777777777777779
SITE0126,7,61,15,0.2459016393442623,99,86,0.8686868686868687,2.616279069767442
SITE0126,8,53,11,0.20754716981132076,85,75,0.8823529411764706,2.2133333333333334
SITE0126,9,47,8,0.1702127659574468,77,73,0.948051948051948,2.041095890410959
SITE0126,10,43,6,0.13953488372093023,72,68,0.9444444444444444,2.1176470588235294
SITE0126,11,41,7,0.17073170731707318,66,60,0.9090909090909091,1.95
SITE0126,12,33,12,0.36363636363636365,87,83,0.9540229885057471,2.3855421686746987
SITE0127,1,11,4,0.36363636363636365,15,14,0.9333333333333333,1.9285714285714286
SITE0127,2,17,7,0.4117647058823529,30,26,0.8666666666666667,2.3076923076923075
SITE0127,3,22,7,0.3181818181818182,35,35,1.0,2.4571428571428573
SITE0127,4,28,6,0.21428571428571427,48,46,0.9583333333333334,2.282608695652174
SITE0127,5,31,4,0.12903225806451613,47,41,0.8723404255319149,1.4390243902439024
SITE0127,6,45,6,0.13333333333333333,72,67,0.9305555555555556,2.1641791044776117
SITE0127,7,45,10,0.2222222222222222,72,67,0.9305555555555556,2.0
SITE0127,8,52,12,0.23076923076923078,85,81,0.9529411764705882,1.8641975308641976
SITE0127,9,51,12,0.23529411764705882,84,79,0.9404761904761905,2.0759493670886076
SITE0127,10,49,5,0.10204081632653061,80,72,0.9,2.2222222222222223
SITE0127,11,48,5,0.10416666666666667,76,69,0.9078947368421053,2.449275362318841
SITE0127,12,34,12,0.35294117647058826,100,93,0.93,2.118279569892473
SITE0128,1,11,0,0.0,19,17,0.8947368421052632,2.4705882352941178
SITE0128,2,21,3,0.14285714285714285,34,32,0.9411764705882353,1.625
SITE0128,3,35,2,0.05714285714285714,56,53,0.9464285714285714,2.2264150943396226
SITE0128,4,47,5,0.10638297872340426,81,79,0.9753086419753086,2.3164556962025316
SITE0128,5,45,7,0.15555555555555556,74,69,0.9324324324324325,2.101449275362319
SITE0128,6,44,5,0.11363636363636363,73,68,0.9315068493150684,1.9264705882352942
SITE0128,7,46,6,0.13043478260869565,72,66,0.9166666666666666,2.106060606060606
SITE0128,8,49,3,0.061224489795918366,73,68,0.9315068493150684,2.0588235294117645
SITE0128,9,49,3,0.061224489795918366,86,78,0.9069767441860465,1.7820512820512822
SITE0128,10,57,4,0.07017543859649122,94,92,0.9787234042553191,2.0217391304347827
SITE0128,11,58,7,0.1206896551724138,93,86,0.9247311827956989,2.0
SITE0128,12,41,9,0.21951219512195122,121,108,0.8925619834710744,1.7592592592592593
SITE0129,1,8,2,0.25,12,11,0.9166666666666666,2.5454545454545454
SITE0129,2,15,2,0.13333333333333333,24,21,0.875,2.3333333333333335
SITE0129,3,26,1,0.038461538461538464,42,38,0.9047619047619048,2.289473684210526
SITE0129,4,31,1,0.03225806451612903,49,46,0.9387755102040817,1.5434782608695652
SITE0129,5,35,2,0.05714285714285714,56,53,0.9464285714285714,1.8679245283018868
SITE0129,6,31,2,0.06451612903225806,49,44,0.8979591836734694,2.477272727272727
SITE0129,7,34,5,0.14705882352941177,57,53,0.9298245614035088,2.3207547169811322
SITE0129,8,34,8,0.23529411764705882,54,51,0.9444444444444444,2.4313725490196076
SITE0129,9,33,7,0.21212121212121213,53,47,0.8867924528301887,2.1702127659574466
SITE0129,10,31,5,0.16129032258064516,51,47,0.9215686274509803,1.7446808510638299
SITE0129,11,33,1,0.030303030303030304,54,50,0.9259259259259259,2.22
SITE0129,12,24,0,0.0,75,70,0.9333333333333333,2.157142857142857
SITE0130,1,6,0,0.0,9,7,0.7777777777777778,2.0
SITE0130,2,15,0,0.0,22,21,0.9545454545454546,2.0
SITE0130,3,25,0,0.0,41,40,0.975609756097561,2.475
SITE0130,4,33,0,0.0,57,53,0.9298245614035088,2.6226415094339623
SITE0130,5,43,1,0.023255813953488372,69,64,0.927536231884058,1.953125
SITE0130,6,41,3,0.07317073170731707,66,61,0.9242424242424242,1.8032786885245902
SITE0130,7,43,5,0.11627906976744186,68,64,0.9411764705882353,2.109375
SITE0130,8,46,6,0.13043478260869565,65,58,0.8923076923076924,2.586206896551724
SITE0130,9,44,7,0.1590909090909091,73,67,0.9178082191780822,2.5522388059701493
SITE0130,10,46,10,0.21739130434782608,71,64,0.9014084507042254,2.0625
SITE0130,11,43,11,0.2558139534883721,66,64,0.9696969696969697,2.3125
SITE0130,12,23,17,0.7391304347826086,65,61,0.9384615384615385,2.377049180327869
SITE0131,1,7,3,0.42857142857142855,12,11,0.9166666666666666,1.7272727272727273
SITE0131,2,17,8,0.47058823529411764,26,23,0.8846153846153846,2.6956521739130435
SITE0131,3,23,8,0.34782608695652173,41,41,1.0,2.658536585365854
SITE0131,4,33,6,0.18181818181818182,49,44,0.8979591836734694,2.1136363636363638
SITE0131,5,34,6,0.17647058823529413,59,56,0.9491525423728814,2.607142857142857
SITE0131,6,35,5,0.14285714285714285,62,58,0.9354838709677419,1.8275862068965518
SITE0131,7,32,5,0.15625,53,52,0.9811320754716981,2.1346153846153846
SITE0131,8,26,1,0.038461538461538464,40,38,0.95,2.1842105263157894
SITE0131,9,25,0,0.0,36,35,0.9722222222222222,1.7142857142857142
SITE0131,10,29,2,0.06896551724137931,47,44,0.9361702127659575,2.227272727272727
SITE0131,11,36,7,0.19444444444444445,63,58,0.9206349206349206,2.5
SITE0131,12,33,15,0.45454545454545453,88,84,0.9545454545454546,2.357142857142857
SITE0132,1,19,2,0.10526315789473684,27,27,1.0,2.3703703703703702
SITE0132,2,31,4,0.12903225806451613,48,45,0.9375,1.5777777777777777
SITE0132,3,43,12,0.27906976744186046,69,64,0.927536231884058,2.1875
SITE0132,4,48,13,0.2708333333333333,75,68,0.9066666666666666,2.264705882352941
SITE0132,5,47,12,0.2553191489361702,77,72,0.935064935064935,2.4722222222222223
SITE0132,6,40,6,0.15,68,62,0.9117647058823529,1.8548387096774193
SITE0132,7,42,5,0.11904761904761904,71,64,0.9014084507042254,1.9375
SITE0132,8,38,3,0.07894736842105263,54,48,0.8888888888888888,1.6666666666666667
SITE0132,9,35,5,0.14285714285714285,54,51,0.9444444444444444,2.6470588235294117
SITE0132,10,33,3,0.09090909090909091,49,45,0.9183673469387755,1.7777777777777777
SITE0132,11,44,5,0.11363636363636363,73,67,0.9178082191780822,2.5223880597014925
SITE0132,12,36,14,0.3888888888888889,121,112,0.9256198347107438,2.2767857142857144
SITE0133,1,8,1,0.125,9,7,0.7777777777777778,1.0
SITE0133,2,16,2,0.125,26,25,0.9615384615384616,2.36
SITE0133,3,30,4,0.13333333333333333,49,48,0.9795918367346939,2.0
SITE0133,4,33,3,0.09090909090909091,52,47,0.9038461538461539,2.234042553191489
SITE0133,5,31,3,0.0967741935483871,49,42,0.8571428571428571,1.9047619047619047
SITE0133,6,36,4,0.1111111111111111,52,47,0.9038461538461539,2.2127659574468086
SITE0133,7,35,4,0.11428571428571428,58,55,0.9482758620689655,1.9636363636363636
SITE0133,8,40,6,0.15,66,56,0.8484848484848485,2.2857142857142856
SITE0133,9,39,3,0.07692307692307693,61,56,0.9180327868852459,1.8928571428571428
SITE0133,10,30,7,0.23333333333333334,48,42,0.875,2.142857142857143
SITE0133,11,24,4,0.16666666666666666,43,41,0.9534883720930233,1.829268292682927
SITE0133,12,18,7,0.3888888888888889,51,48,0.9411764705882353,2.375
SITE0134,1,11,1,0.09090909090909091,14,13,0.9285714285714286,1.6153846153846154
SITE0134,2,24,2,0.08333333333333333,38,37,0.9736842105263158,2.27027027027027
SITE0134,3,35,4,0.11428571428571428,59,55,0.9322033898305084,2.1818181818181817
SITE0134,4,42,5,0.11904761904761904,71,66,0.9295774647887324,2.0454545454545454
SITE0134,5,48,9,0.1875,74,63,0.8513513513513513,2.3015873015873014
SITE0134,6,46,15,0.32608695652173914,72,64,0.8888888888888888,2.140625
SITE0134,7,45,16,0.35555555555555557,71,63,0.8873239436619719,2.2698412698412698
SITE0134,8,37,11,0.2972972972972973,58,55,0.9482758620689655,1.7454545454545454
SITE0134,9,36,6,0.16666666666666666,56,52,0.9285714285714286,1.9615384615384615
SITE0134,10,38,4,0.10526315789473684,58,55,0.9482758620689655,2.1272727272727274
SITE0134,11,36,4,0.1111111111111111,65,57,0.8769230769230769,2.3157894736842106
SITE0134,12,27,1,0.037037037037037035,72,67,0.9305555555555556,2.373134328358209
SITE0135,1,8,3,0.375,11,11,1.0,0.5454545454545454
SITE0135,2,21,6,0.2857142857142857,31,29,0.9354838709677419,2.7241379310344827
SITE0135,3,31,7,0.22580645161290322,53,50,0.9433962264150944,2.3
SITE0135,4,41,6,0.14634146341463414,64,58,0.90625,2.189655172413793
SITE0135,5,39,3,0.07692307692307693,63,61,0.9682539682539683,1.7540983606557377
SITE0135,6,33,3,0.09090909090909091,59,54,0.9152542372881356,1.8888888888888888
SITE0135,7,35,4,0.11428571428571428,57,53,0.9298245614035088,1.5849056603773586
SITE0135,8,35,7,0.2,59,59,1.0,2.559322033898305
SITE0135,9,33,7,0.21212121212121213,57,54,0.9473684210526315,1.4074074074074074
SITE0135,10,31,7,0.22580645161290322,52,51,0.9807692307692307,1.9411764705882353
SITE0135,11,30,8,0.26666666666666666,46,42,0.9130434782608695,1.9523809523809523
SITE0135,12,24,17,0.7083333333333334,84,79,0.9404761904761905,2.6455696202531644
SITE0136,1,7,0,0.0,9,7,0.7777777777777778,1.5714285714285714
SITE0136,2,28,1,0.03571428571428571,41,39,0.9512195121951219,1.794871794871795
SITE0136,3,42,6,0.14285714285714285,67,63,0.9402985074626866,1.7301587301587302
SITE0136,4,55,4,0.07272727272727272,93,86,0.9247311827956989,1.8372093023255813
SITE0136,5,52,7,0.1346153846153846,89,82,0.9213483146067416,2.024390243902439
SITE0136,6,40,4,0.1,64,61,0.953125,2.1147540983606556
SITE0136,7,31,2,0.06451612903225806,45,43,0.9555555555555556,2.046511627906977
SITE0136,8,33,0,0.0,49,45,0.9183673469387755,2.0444444444444443
SITE0136,9,36,0,0.0,58,53,0.9137931034482759,1.8679245283018868
SITE0136,10,42,1,0.023809523809523808,71,65,0.9154929577464789,1.9846153846153847
SITE0136,11,41,2,0.04878048780487805,69,68,0.9855072463768116,1.9264705882352942
SITE0136,12,26,3,0.11538461538461539,77,70,0.9090909090909091,2.3142857142857145
SITE0137,1,15,2,0.13333333333333333,22,21,0.9545454545454546,1.6666666666666667
SITE0137,2,35,8,0.22857142857142856,52,52,1.0,2.5576923076923075
SITE0137,3,44,15,0.3409090909090909,73,66,0.9041095890410958,2.590909090909091
SITE0137,4,59,20,0.3389830508474576,96,83,0.8645833333333334,2.0120481927710845
SITE0137,5,58,17,0.29310344827586204,97,90,0.9278350515463918,1.8444444444444446
SITE0137,6,50,7,0.14,81,72,0.8888888888888888,2.111111111111111
SITE0137,7,51,6,0.11764705882352941,77,74,0.961038961038961,2.1216216216216215
SITE0137,8,48,7,0.14583333333333334,77,73,0.948051948051948,2.1095890410958904
SITE0137,9,44,8,0.18181818181818182,76,70,0.9210526315789473,1.9142857142857144
SITE0137,10,45,13,0.28888888888888886,71,63,0.8873239436619719,1.9206349206349207
SITE0137,11,38,10,0.2631578947368421,63,59,0.9365079365079365,2.2542372881355934
SITE0137,12,25,13,0.52,79,73,0.9240506329113924,2.506849315068493
SITE0138,1,10,2,0.2,14,12,0.8571428571428571,1.5
SITE0138,2,18,4,0.2222222222222222,31,28,0.9032258064516129,2.0714285714285716
SITE0138,3,25,7,0.28,41,39,0.9512195121951219,2.051282051282051
SITE0138,4,29,7,0.2413793103448276,47,43,0.9148936170212766,1.6744186046511629
SITE0138,5,31,7,0.22580645161290322,51,48,0.9411764705882353,1.625
SITE0138,6,36,10,0.2777777777777778,55,53,0.9636363636363636,2.0943396226415096
SITE0138,7,44,9,0.20454545454545456,75,68,0.9066666666666666,1.8970588235294117
SITE0138,8,44,6,0.13636363636363635,70,63,0.9,2.0476190476190474
SITE0138,9,43,3,0.06976744186046512,64,57,0.890625,2.56140350877193
SITE0138,10,39,6,0.15384615384615385,61,53,0.8688524590163934,2.3962264150943398
SITE0138,11,35,6,0.17142857142857143,59,57,0.9661016949152542,1.7017543859649122
SITE0138,12,27,11,0.4074074074074074,74,69,0.9324324324324325,2.391304347826087
SITE0139,1,14,0,0.0,22,18,0.8181818181818182,1.7777777777777777
SITE0139,2,27,0,0.0,42,36,0.8571428571428571,2.4166666666666665
SITE0139,3,39,0,0.0,64,60,0.9375,2.2333333333333334
SITE0139,4,51,4,0.0784313725490196,85,80,0.9411764705882353,2.325
SITE0139,5,52,7,0.1346153846153846,83,78,0.9397590361445783,2.4743589743589745
SITE0139,6,56,9,0.16071428571428573,86,77,0.8953488372093024,1.8051948051948052
SITE0139,7,59,9,0.15254237288135594,97,94,0.9690721649484536,2.0425531914893615
SITE0139,8,60,9,0.15,92,88,0.9565217391304348,1.875
SITE0139,9,58,14,0.2413793103448276,91,86,0.945054945054945,1.9534883720930232
SITE0139,10,52,15,0.28846153846153844,81,79,0.9753086419753086,2.1265822784810124
SITE0139,11,45,14,0.3111111111111111,76,71,0.9342105263157895,2.3380281690140845
SITE0139,12,30,9,0.3,81,73,0.9012345679012346,1.9726027397260273
SITE0140,1,10,1,0.1,14,12,0.8571428571428571,1.9166666666666667
SITE0140,2,22,1,0.045454545454545456,34,33,0.9705882352941176,2.0606060606060606
SITE0140,3,32,2,0.0625,56,52,0.9285714285714286,2.0384615384615383
SITE0140,4,45,2,0.044444444444444446,70,67,0.9571428571428572,2.2238805970149254
SITE0140,5,45,4,0.08888888888888889,72,66,0.9166666666666666,1.9090909090909092
SITE0140,6,39,7,0.1794871794871795,62,57,0.9193548387096774,1.8245614035087718
SITE0140,7,33,7,0.21212121212121213,53,51,0.9622641509433962,2.019607843137255
SITE0140,8,24,6,0.25,35,34,0.9714285714285714,1.5
SITE0140,9,23,3,0.13043478260869565,30,25,0.8333333333333334,2.64
SITE0140,10,27,6,0.2222222222222222,45,39,0.8666666666666667,2.2564102564102564
SITE0140,11,36,8,0.2222222222222222,59,55,0.9322033898305084,2.3454545454545452
SITE0140,12,32,7,0.21875,94,86,0.9148936170212766,1.744186046511628
SITE0141,1,10,2,0.2,14,14,1.0,2.0
SITE0141,2,25,3,0.12,40,40,1.0,1.475
SITE0141,3,41,4,0.0975609756097561,69,64,0.927536231884058,2.515625
SITE0141,4,54,5,0.09259259259259259,91,88,0.967032967032967,1.9318181818181819
SITE0141,5,56,6,0.10714285714285714,92,83,0.9021739130434783,2.2771084337349397
SITE0141,6,56,5,0.08928571428571429,87,84,0.9655172413793104,2.0476190476190474
SITE0141,7,45,3,0.06666666666666667,72,70,0.9722222222222222,2.3857142857142857
SITE0141,8,50,2,0.04,80,76,0.95,2.0921052631578947
SITE0141,9,50,4,0.08,76,69,0.9078947368421053,1.8115942028985508
SITE0141,10,49,6,0.12244897959183673,78,73,0.9358974358974359,2.1780821917808217
SITE0141,11,49,12,0.24489795918367346,78,70,0.8974358974358975,2.085714285714286
SITE0141,12,33,20,0.6060606060606061,93,84,0.9032258064516129,1.6666666666666667
SITE0142,1,5,1,0.2,6,5,0.8333333333333334,1.6
SITE0142,2,18,4,0.2222222222222222,29,25,0.8620689655172413,2.52
SITE0142,3,29,3,0.10344827586206896,49,41,0.8367346938775511,2.1463414634146343
SITE0142,4,39,3,0.07692307692307693,61,57,0.9344262295081968,2.1052631578947367
SITE0142,5,40,2,0.05,68,63,0.9264705882352942,2.0317460317460316
SITE0142,6,35,2,0.05714285714285714,54,44,0.8148148148148148,2.6818181818181817
SITE0142,7,33,3,0.09090909090909091,52,46,0.8846153846153846,2.0
SITE0142,8,36,4,0.1111111111111111,58,56,0.9655172413793104,1.9107142857142858
SITE0142,9,30,3,0.1,47,44,0.9361702127659575,1.7727272727272727
SITE0142,10,28,5,0.17857142857142858,40,37,0.925,2.108108108108108
SITE0142,11,24,4,0.16666666666666666,37,33,0.8918918918918919,2.5454545454545454
SITE0142,12,16,2,0.125,51,48,0.9411764705882353,2.2083333333333335
SITE0143,1,7,1,0.14285714285714285,10,10,1.0,1.5
SITE0143,2,17,3,0.17647058823529413,24,23,0.9583333333333334,2.260869565217391
SITE0143,3,26,5,0.19230769230769232,42,39,0.9285714285714286,1.5897435897435896
SITE0143,4,35,8,0.22857142857142856,54,46,0.8518518518518519,1.6521739130434783
SITE0143,5,44,8,0.18181818181818182,75,71,0.9466666666666667,2.4788732394366195
SITE0143,6,41,11,0.2682926829268293,68,63,0.9264705882352942,2.3015873015873014
SITE0143,7,39,9,0.23076923076923078,65,57,0.8769230769230769,2.456140350877193
SITE0143,8,29,8,0.27586206896551724,48,47,0.9791666666666666,2.0425531914893615
SITE0143,9,26,8,0.3076923076923077,36,32,0.8888888888888888,1.8125
SITE0143,10,28,7,0.25,47,43,0.9148936170212766,2.0
SITE0143,11,23,6,0.2608695652173913,37,35,0.9459459459459459,2.057142857142857
SITE0143,12,18,4,0.2222222222222222,52,49,0.9423076923076923,1.5510204081632653
SITE0144,1,11,1,0.09090909090909091,15,14,0.9333333333333333,1.0714285714285714
SITE0144,2,18,2,0.1111111111111111,31,29,0.9354838709677419,2.5517241379310347
SITE0144,3,28,2,0.07142857142857142,48,43,0.8958333333333334,2.488372093023256
SITE0144,4,36,4,0.1111111111111111,60,56,0.9333333333333333,1.8392857142857142
SITE0144,5,39,6,0.15384615384615385,62,58,0.9354838709677419,1.5689655172413792
SITE0144,6,37,11,0.2972972972972973,61,57,0.9344262295081968,1.912280701754386
SITE0144,7,32,9,0.28125,54,50,0.9259259259259259,2.08
SITE0144,8,32,5,0.15625,51,48,0.9411764705882353,2.25
SITE0144,9,33,5,0.15151515151515152,54,45,0.8333333333333334,2.0
SITE0144,10,35,4,0.11428571428571428,54,54,1.0,2.2777777777777777
SITE0144,11,39,8,0.20512820512820512,68,62,0.9117647058823529,1.935483870967742
SITE0144,12,29,9,0.3103448275862069,78,73,0.9358974358974359,2.26027397260274
SITE0145,1,9,0,0.0,13,9,0.6923076923076923,1.7777777777777777
SITE0145,2,23,3,0.13043478260869565,36,34,0.9444444444444444,2.5
SITE0145,3,35,4,0.11428571428571428,55,52,0.9454545454545454,2.326923076923077
SITE0145,4,40,4,0.1,67,58,0.8656716417910447,1.9655172413793103
SITE0145,5,38,2,0.05263157894736842,66,63,0.9545454545454546,1.5714285714285714
SITE0145,6,45,2,0.044444444444444446,65,60,0.9230769230769231,1.7666666666666666
SITE0145,7,40,4,0.1,69,65,0.9420289855072463,2.5692307692307694
SITE0145,8,48,11,0.22916666666666666,74,69,0.9324324324324325,2.289855072463768
SITE0145,9,43,10,0.23255813953488372,67,61,0.9104477611940298,2.098360655737705
SITE0145,10,44,11,0.25,71,67,0.9436619718309859,2.462686567164179
SITE0145,11,44,11,0.25,75,69,0.92,1.5942028985507246
SITE0145,12,28,10,0.35714285714285715,80,72,0.9,1.9444444444444444
SITE0146,1,11,1,0.09090909090909091,19,18,0.9473684210526315,1.1666666666666667
SITE0146,2,19,3,0.15789473684210525,30,27,0.9,1.8148148148148149
SITE0146,3,26,4,0.15384615384615385,44,43,0.9772727272727273,2.0
SITE0146,4,31,7,0.22580645161290322,45,41,0.9111111111111111,1.7317073170731707
SITE0146,5,33,7,0.21212121212121213,51,46,0.9019607843137255,2.0652173913043477
SITE0146,6,31,5,0.16129032258064516,52,51,0.9807692307692307,2.2745098039215685
SITE0146,7,32,3,0.09375,49,47,0.9591836734693877,1.7872340425531914
SITE0146,8,30,2,0.06666666666666667,49,42,0.8571428571428571,2.5714285714285716
SITE0146,9,30,6,0.2,49,45,0.9183673469387755,2.3777777777777778
SITE0146,10,24,6,0.25,43,38,0.8837209302325582,2.3157894736842106
SITE0146,11,22,5,0.22727272727272727,35,35,1.0,1.9428571428571428
SITE0146,12,8,5,0.625,26,25,0.9615384615384616,1.92
SITE0147,1,11,3,0.2727272727272727,16,14,0.875,1.7857142857142858
SITE0147,2,27,8,0.2962962962962963,42,37,0.8809523809523809,1.837837837837838
SITE0147,3,42,10,0.23809523809523808,73,67,0.9178082191780822,1.955223880597015
SITE0147,4,51,15,0.29411764705882354,85,76,0.8941176470588236,2.6578947368421053
SITE0147,5,48,11,0.22916666666666666,75,72,0.96,2.5833333333333335
SITE0147,6,43,6,0.13953488372093023,69,63,0.9130434782608695,1.9841269841269842
SITE0147,7,37,7,0.1891891891891892,64,52,0.8125,2.269230769230769
SITE0147,8,39,6,0.15384615384615385,61,57,0.9344262295081968,1.8771929824561404
SITE0147,9,40,8,0.2,65,58,0.8923076923076924,1.4655172413793103
SITE0147,10,36,7,0.19444444444444445,60,51,0.85,1.5490196078431373
SITE0147,11,31,2,0.06451612903225806,44,40,0.9090909090909091,2.325
SITE0147,12,18,1,0.05555555555555555,48,48,1.0,2.1041666666666665
SITE0148,1,8,0,0.0,11,7,0.6363636363636364,1.8571428571428572
SITE0148,2,17,2,0.11764705882352941,28,27,0.9642857142857143,1.4814814814814814
SITE0148,3,31,2,0.06451612903225806,43,39,0.9069767441860465,1.9743589743589745
SITE0148,4,38,4,0.10526315789473684,65,61,0.9384615384615385,2.6885245901639343
SITE0148,5,40,4,0.1,64,60,0.9375,2.3333333333333335
SITE0148,6,38,5,0.13157894736842105,61,54,0.8852459016393442,2.111111111111111
SITE0148,7,36,5,0.1388888888888889,58,56,0.9655172413793104,2.0357142857142856
SITE0148,8,45,6,0.13333333333333333,75,71,0.9466666666666667,1.8873239436619718
SITE0148,9,54,10,0.18518518518518517,84,79,0.9404761904761905,1.9240506329113924
SITE0148,10,56,10,0.17857142857142858,90,83,0.9222222222222223,2.5783132530120483
SITE0148,11,49,12,0.24489795918367346,80,71,0.8875,2.2816901408450705
SITE0148,12,33,12,0.36363636363636365,85,80,0.9411764705882353,2.3625
SITE0149,1,9,0,0.0,13,12,0.9230769230769231,1.5
SITE0149,2,27,3,0.1111111111111111,40,34,0.85,1.2352941176470589
SITE0149,3,44,13,0.29545454545454547,71,65,0.9154929577464789,1.876923076923077
SITE0149,4,56,16,0.2857142857142857,88,82,0.9318181818181818,2.048780487804878
SITE0149,5,62,20,0.3225806451612903,104,93,0.8942307692307693,2.021505376344086
SITE0149,6,49,12,0.24489795918367346,75,71,0.9466666666666667,1.647887323943662
SITE0149,7,52,13,0.25,80,77,0.9625,1.8831168831168832
SITE0149,8,51,14,0.27450980392156865,84,80,0.9523809523809523,2.3375
SITE0149,9,50,13,0.26,80,73,0.9125,2.2054794520547945
SITE0149,10,57,13,0.22807017543859648,87,81,0.9310344827586207,1.9382716049382716
SITE0149,11,48,10,0.20833333333333334,80,72,0.9,2.3194444444444446
SITE0149,12,33,17,0.5151515151515151,98,87,0.8877551020408163,1.9540229885057472
SITE0150,1,13,2,0.15384615384615385,19,17,0.8947368421052632,1.588235294117647
SITE0150,2,27,7,0.25925925925925924,44,40,0.9090909090909091,1.925
SITE0150,3,41,16,0.3902439024390244,72,66,0.9166666666666666,1.6818181818181819
SITE0150,4,52,19,0.36538461538461536,83,79,0.9518072289156626,2.0759493670886076
SITE0150,5,45,16,0.35555555555555557,77,69,0.8961038961038961,2.0579710144927534
SITE0150,6,44,14,0.3181818181818182,66,63,0.9545454545454546,1.746031746031746
SITE0150,7,45,12,0.26666666666666666,70,61,0.8714285714285714,2.2131147540983607
SITE0150,8,46,12,0.2608695652173913,76,69,0.9078947368421053,2.0
SITE0150,9,55,11,0.2,89,84,0.9438202247191011,2.238095238095238
SITE0150,10,51,10,0.19607843137254902,82,75,0.9146341463414634,1.6933333333333334
SITE0150,11,50,10,0.2,82,79,0.9634146341463414,1.9113924050632911
SITE0150,12,39,9,0.23076923076923078,104,93,0.8942307692307693,2.021505376344086
SITE0151,1,10,0,0.0,15,14,0.9333333333333333,1.2857142857142858
SITE0151,2,18,0,0.0,28,21,0.75,1.619047619047619
SITE0151,3,27,0,0.0,45,39,0.8666666666666667,2.1025641025641026
SITE0151,4,35,1,0.02857142857142857,51,47,0.9215686274509803,1.6170212765957446
SITE0151,5,41,3,0.07317073170731707,63,57,0.9047619047619048,2.543859649122807
SITE0151,6,42,4,0.09523809523809523,65,58,0.8923076923076924,2.7586206896551726
SITE0151,7,44,8,0.18181818181818182,75,64,0.8533333333333334,2.328125
SITE0151,8,41,6,0.14634146341463414,66,64,0.9696969696969697,2.015625
SITE0151,9,33,3,0.09090909090909091,54,51,0.9444444444444444,2.2745098039215685
SITE0151,10,34,2,0.058823529411764705,53,47,0.8867924528301887,2.1702127659574466
SITE0151,11,27,6,0.2222222222222222,43,35,0.813953488372093,1.542857142857143
SITE0151,12,17,9,0.5294117647058824,48,43,0.8958333333333334,2.9069767441860463
SITE0152,1,10,2,0.2,14,13,0.9285714285714286,0.9230769230769231
SITE0152,2,21,7,0.3333333333333333,33,30,0.9090909090909091,1.6666666666666667
SITE0152,3,32,11,0.34375,54,50,0.9259259259259259,1.76
SITE0152,4,46,12,0.2608695652173913,70,60,0.8571428571428571,1.5833333333333333
SITE0152,5,43,12,0.27906976744186046,76,70,0.9210526315789473,2.3142857142857145
SITE0152,6,46,8,0.17391304347826086,73,66,0.9041095890410958,2.227272727272727
SITE0152,7,52,11,0.21153846153846154,81,72,0.8888888888888888,1.6944444444444444
SITE0152,8,55,9,0.16363636363636364,84,78,0.9285714285714286,2.423076923076923
SITE0152,9,50,11,0.22,81,76,0.9382716049382716,2.710526315789474
SITE0152,10,50,9,0.18,77,70,0.9090909090909091,2.0
SITE0152,11,36,4,0.1111111111111111,62,60,0.967741935483871,1.8333333333333333
SITE0152,12,24,6,0.25,69,65,0.9420289855072463,2.2
SITE0153,1,2,0,0.0,4,4,1.0,2.75
SITE0153,2,11,0,0.0,16,14,0.875,2.142857142857143
SITE0153,3,19,1,0.05263157894736842,31,29,0.9354838709677419,2.2413793103448274
SITE0153,4,27,2,0.07407407407407407,49,46,0.9387755102040817,1.9130434782608696
SITE0153,5,32,2,0.0625,49,47,0.9591836734693877,1.553191489361702
SITE0153,6,32,3,0.09375,50,48,0.96,1.75
SITE0153,7,29,2,0.06896551724137931,47,46,0.9787234042553191,2.108695652173913
SITE0153,8,37,3,0.08108108108108109,57,49,0.8596491228070176,2.1020408163265305
SITE0153,9,39,3,0.07692307692307693,61,55,0.9016393442622951,2.6
SITE0153,10,36,4,0.1111111111111111,59,56,0.9491525423728814,2.357142857142857
SITE0153,11,33,4,0.12121212121212122,54,44,0.8148148148148148,1.9545454545454546
SITE0153,12,16,0,0.0,45,38,0.8444444444444444,2.6842105263157894
SITE0154,1,16,1,0.0625,21,21,1.0,2.0476190476190474
SITE0154,2,29,4,0.13793103448275862,47,41,0.8723404255319149,2.2195121951219514
SITE0154,3,34,8,0.23529411764705882,59,53,0.8983050847457628,1.9056603773584906
SITE0154,4,35,6,0.17142857142857143,55,49,0.8909090909090909,2.0408163265306123
SITE0154,5,29,5,0.1724137931034483,45,41,0.9111111111111111,1.8780487804878048
SITE0154,6,26,5,0.19230769230769232,40,38,0.95,1.5263157894736843
SITE0154,7,27,6,0.2222222222222222,46,45,0.9782608695652174,2.0444444444444443
SITE0154,8,28,4,0.14285714285714285,43,36,0.8372093023255814,2.0555555555555554
SITE0154,9,32,8,0.25,49,43,0.8775510204081632,1.9534883720930232
SITE0154,10,32,6,0.1875,47,43,0.9148936170212766,2.441860465116279
SITE0154,11,34,12,0.35294117647058826,57,52,0.9122807017543859,2.4038461538461537
SITE0154,12,27,19,0.7037037037037037,73,64,0.8767123287671232,2.03125
SITE0155,1,12,4,0.3333333333333333,17,17,1.0,1.588235294117647
SITE0155,2,20,7,0.35,30,26,0.8666666666666667,1.9230769230769231
SITE0155,3,28,8,0.2857142857142857,49,47,0.9591836734693877,1.4893617021276595
SITE0155,4,32,4,0.125,51,45,0.8823529411764706,1.8666666666666667
SITE0155,5,26,1,0.038461538461538464,42,40,0.9523809523809523,2.5
SITE0155,6,25,0,0.0,44,44,1.0,1.9772727272727273
SITE0155,7,26,2,0.07692307692307693,38,35,0.9210526315789473,2.1714285714285713
SITE0155,8,28,4,0.14285714285714285,42,40,0.9523809523809523,2.125
SITE0155,9,31,8,0.25806451612903225,50,48,0.96,2.0416666666666665
SITE0155,10,34,8,0.23529411764705882,58,54,0.9310344827586207,2.074074074074074
SITE0155,11,32,9,0.28125,53,49,0.9245283018867925,2.020408163265306
SITE0155,12,21,11,0.5238095238095238,54,50,0.9259259259259259,2.12
SITE0156,1,13,2,0.15384615384615385,20,20,1.0,1.9
SITE0156,2,23,4,0.17391304347826086,39,33,0.8461538461538461,2.4242424242424243
SITE0156,3,35,4,0.11428571428571428,59,54,0.9152542372881356,1.0740740740740742
SITE0156,4,44,5,0.11363636363636363,69,65,0.9420289855072463,2.046153846153846
SITE0156,5,37,3,0.08108108108108109,63,54,0.8571428571428571,2.2222222222222223
SITE0156,6,34,3,0.08823529411764706,53,50,0.9433962264150944,2.06
SITE0156,7,33,2,0.06060606060606061,47,41,0.8723404255319149,2.0
SITE0156,8,29,2,0.06896551724137931,47,43,0.9148936170212766,2.395348837209302
SITE0156,9,35,2,0.05714285714285714,60,55,0.9166666666666666,2.036363636363636
SITE0156,10,36,1,0.027777777777777776,57,53,0.9298245614035088,2.1132075471698113
SITE0156,11,35,5,0.14285714285714285,59,56,0.9491525423728814,2.1785714285714284
SITE0156,12,24,9,0.375,69,62,0.8985507246376812,1.6774193548387097
SITE0157,1,6,0,0.0,9,7,0.7777777777777778,0.14285714285714285
SITE0157,2,16,2,0.125,24,23,0.9583333333333334,1.7391304347826086
SITE0157,3,24,3,0.125,40,36,0.9,1.0555555555555556
SITE0157,4,33,5,0.15151515151515152,55,53,0.9636363636363636,2.1132075471698113
SITE0157,5,34,4,0.11764705882352941,54,48,0.8888888888888888,1.8541666666666667
SITE0157,6,32,2,0.0625,49,44,0.8979591836734694,1.4545454545454546
SITE0157,7,39,5,0.1282051282051282,62,61,0.9838709677419355,2.1311475409836067
SITE0157,8,37,6,0.16216216216216217,60,56,0.9333333333333333,2.25
SITE0157,9,36,6,0.16666666666666666,59,50,0.847457627118644,1.82
SITE0157,10,28,6,0.21428571428571427,43,41,0.9534883720930233,2.0
SITE0157,11,20,2,0.1,33,28,0.8484848484848485,1.6428571428571428
SITE0157,12,17,1,0.058823529411764705,46,43,0.9347826086956522,2.7674418604651163
SITE0158,1,8,1,0.125,11,9,0.8181818181818182,0.7777777777777778
SITE0158,2,16,4,0.25,27,24,0.8888888888888888,2.625
SITE0158,3,27,4,0.14814814814814814,43,43,1.0,2.0232558139534884
SITE0158,4,33,3,0.09090909090909091,53,45,0.8490566037735849,1.7333333333333334
SITE0158,5,33,1,0.030303030303030304,53,48,0.9056603773584906,2.2916666666666665
SITE0158,6,36,2,0.05555555555555555,57,53,0.9298245614035088,1.8113207547169812
SITE0158,7,30,3,0.1,50,45,0.9,2.2222222222222223
SITE0158,8,30,4,0.13333333333333333,47,40,0.851063829787234,2.45
SITE0158,9,29,2,0.06896551724137931,46,43,0.9347826086956522,2.395348837209302
SITE0158,10,23,0,0.0,39,33,0.8461538461538461,1.7878787878787878
SITE0158,11,22,0,0.0,36,33,0.9166666666666666,1.878787878787879
SITE0158,12,13,0,0.0,30,28,0.9333333333333333,1.9285714285714286
SITE0159,1,14,3,0.21428571428571427,22,22,1.0,1.8181818181818181
SITE0159,2,19,4,0.21052631578947367,33,30,0.9090909090909091,2.1333333333333333
SITE0159,3,29,6,0.20689655172413793,46,41,0.8913043478260869,2.5365853658536586
SITE0159,4,33,5,0.15151515151515152,52,49,0.9423076923076923,1.9795918367346939
SITE0159,5,27,4,0.14814814814814814,39,33,0.8461538461538461,1.5454545454545454
SITE0159,6,36,2,0.05555555555555555,54,50,0.9259259259259259,1.78
SITE0159,7,35,2,0.05714285714285714,58,55,0.9482758620689655,2.1636363636363636
SITE0159,8,39,3,0.07692307692307693,59,54,0.9152542372881356,2.2777777777777777
SITE0159,9,44,5,0.11363636363636363,67,66,0.9850746268656716,2.0454545454545454
SITE0159,10,44,5,0.11363636363636363,72,71,0.9861111111111112,1.971830985915493
SITE0159,11,44,6,0.13636363636363635,74,69,0.9324324324324325,1.5797101449275361
SITE0159,12,34,9,0.2647058823529412,90,74,0.8222222222222222,2.554054054054054
SITE0160,1,10,0,0.0,16,15,0.9375,2.466666666666667
SITE0160,2,28,1,0.03571428571428571,45,43,0.9555555555555556,2.5348837209302326
SITE0160,3,40,2,0.05,68,64,0.9411764705882353,2.09375
SITE0160,4,46,2,0.043478260869565216,72,68,0.9444444444444444,2.073529411764706
SITE0160,5,49,5,0.10204081632653061,70,64,0.9142857142857143,2.15625
SITE0160,6,45,5,0.1111111111111111,71,64,0.9014084507042254,2.265625
SITE0160,7,47,6,0.1276595744680851,74,70,0.9459459459459459,1.542857142857143
SITE0160,8,49,6,0.12244897959183673,76,69,0.9078947368421053,2.347826086956522
SITE0160,9,47,10,0.2127659574468085,77,69,0.8961038961038961,2.072463768115942
SITE0160,10,47,9,0.19148936170212766,71,65,0.9154929577464789,2.353846153846154
SITE0160,11,40,12,0.3,66,60,0.9090909090909091,2.4166666666666665
SITE0160,12,27,14,0.5185185185185185,80,73,0.9125,2.0684931506849313
SITE0161,1,14,3,0.21428571428571427,21,18,0.8571428571428571,2.1666666666666665
SITE0161,2,23,4,0.17391304347826086,42,37,0.8809523809523809,1.0810810810810811
SITE0161,3,28,2,0.07142857142857142,43,40,0.9302325581395349,1.7
SITE0161,4,40,8,0.2,66,58,0.8787878787878788,2.413793103448276
SITE0161,5,31,7,0.22580645161290322,47,42,0.8936170212765957,2.619047619047619
SITE0161,6,29,7,0.2413793103448276,49,45,0.9183673469387755,1.9777777777777779
SITE0161,7,28,6,0.21428571428571427,46,42,0.9130434782608695,1.9285714285714286
SITE0161,8,27,2,0.07407407407407407,40,37,0.925,2.5405405405405403
SITE0161,9,29,3,0.10344827586206896,42,40,0.9523809523809523,2.2
SITE0161,10,34,4,0.11764705882352941,51,47,0.9215686274509803,1.9361702127659575
SITE0161,11,42,6,0.14285714285714285,67,61,0.9104477611940298,2.098360655737705
SITE0161,12,34,14,0.4117647058823529,104,101,0.9711538461538461,1.8514851485148516
SITE0162,1,10,2,0.2,15,14,0.9333333333333333,1.1428571428571428
SITE0162,2,27,4,0.14814814814814814,44,41,0.9318181818181818,1.9024390243902438
SITE0162,3,39,11,0.28205128205128205,68,63,0.9264705882352942,1.6349206349206349
SITE0162,4,45,8,0.17777777777777778,73,73,1.0,2.164383561643836
SITE0162,5,43,8,0.18604651162790697,67,62,0.9253731343283582,2.4838709677419355
SITE0162,6,35,4,0.11428571428571428,55,52,0.9454545454545454,1.9615384615384615
SITE0162,7,37,2,0.05405405405405406,57,52,0.9122807017543859,1.9807692307692308
SITE0162,8,43,5,0.11627906976744186,66,64,0.9696969696969697,1.953125
SITE0162,9,45,3,0.06666666666666667,68,64,0.9411764705882353,1.625
SITE0162,10,46,6,0.13043478260869565,75,68,0.9066666666666666,2.25
SITE0162,11,55,7,0.12727272727272726,91,84,0.9230769230769231,2.369047619047619
SITE0162,12,39,6,0.15384615384615385,119,108,0.907563025210084,2.3425925925925926
SITE0163,1,11,1,0.09090909090909091,18,16,0.8888888888888888,2.3125
SITE0163,2,21,1,0.047619047619047616,35,33,0.9428571428571428,1.7272727272727273
SITE0163,3,39,4,0.10256410256410256,64,58,0.90625,2.1379310344827585
SITE0163,4,46,4,0.08695652173913043,75,68,0.9066666666666666,1.8676470588235294
SITE0163,5,45,2,0.044444444444444446,76,72,0.9473684210526315,2.138888888888889
SITE0163,6,47,0,0.0,69,66,0.9565217391304348,2.227272727272727
SITE0163,7,47,2,0.0425531914893617,73,66,0.9041095890410958,2.0757575757575757
SITE0163,8,43,5,0.11627906976744186,70,62,0.8857142857142857,2.0
SITE0163,9,51,5,0.09803921568627451,78,68,0.8717948717948718,1.8235294117647058
SITE0163,10,54,4,0.07407407407407407,84,77,0.9166666666666666,1.7662337662337662
SITE0163,11,55,2,0.03636363636363636,96,90,0.9375,1.6666666666666667
SITE0163,12,44,0,0.0,120,111,0.925,2.3783783783783785
SITE0164,1,5,1,0.2,6,4,0.6666666666666666,2.0
SITE0164,2,12,2,0.16666666666666666,17,17,1.0,3.1176470588235294
SITE0164,3,19,2,0.10526315789473684,32,31,0.96875,1.5161290322580645
SITE0164,4,31,1,0.03225806451612903,52,48,0.9230769230769231,2.0833333333333335
SITE0164,5,34,1,0.029411764705882353,50,47,0.94,2.0
SITE0164,6,36,2,0.05555555555555555,59,54,0.9152542372881356,2.185185185185185
SITE0164,7,36,5,0.1388888888888889,61,58,0.9508196721311475,2.7413793103448274
SITE0164,8,38,5,0.13157894736842105,65,64,0.9846153846153847,1.46875
SITE0164,9,39,3,0.07692307692307693,65,57,0.8769230769230769,1.8245614035087718
SITE0164,10,46,2,0.043478260869565216,71,64,0.9014084507042254,2.03125
SITE0164,11,40,2,0.05,68,66,0.9705882352941176,2.015151515151515
SITE0164,12,29,4,0.13793103448275862,78,70,0.8974358974358975,2.357142857142857
SITE0165,1,7,0,0.0,8,6,0.75,2.1666666666666665
SITE0165,2,12,1,0.08333333333333333,18,16,0.8888888888888888,2.3125
SITE0165,3,28,3,0.10714285714285714,48,47,0.9791666666666666,1.8297872340425532
SITE0165,4,37,8,0.21621621621621623,59,50,0.847457627118644,1.82
SITE0165,5,34,8,0.23529411764705882,61,56,0.9180327868852459,2.125
SITE0165,6,35,7,0.2,50,46,0.92,2.6956521739130435
SITE0165,7,35,10,0.2857142857142857,56,52,0.9285714285714286,2.3461538461538463
SITE0165,8,34,6,0.17647058823529413,52,47,0.9038461538461539,1.6170212765957446
SITE0165,9,37,6,0.16216216216216217,65,58,0.8923076923076924,2.4482758620689653
SITE0165,10,34,4,0.11764705882352941,58,53,0.9137931034482759,2.150943396226415
SITE0165,11,33,8,0.24242424242424243,55,52,0.9454545454545454,2.5
SITE0165,12,21,17,0.8095238095238095,64,59,0.921875,1.88135593220339
SITE0166,1,10,3,0.3,15,12,0.8,1.3333333333333333
SITE0166,2,16,4,0.25,28,26,0.9285714285714286,3.0384615384615383
SITE0166,3,31,5,0.16129032258064516,48,41,0.8541666666666666,1.7073170731707317
SITE0166,4,33,4,0.12121212121212122,55,52,0.9454545454545454,2.1153846153846154
SITE0166,5,30,2,0.06666666666666667,54,49,0.9074074074074074,2.36734693877551
SITE0166,6,29,7,0.2413793103448276,49,45,0.9183673469387755,2.088888888888889
SITE0166,7,27,6,0.2222222222222222,43,35,0.813953488372093,2.2
SITE0166,8,31,4,0.12903225806451613,52,47,0.9038461538461539,1.702127659574468
SITE0166,9,38,6,0.15789473684210525,64,57,0.890625,2.43859649122807
SITE0166,10,41,4,0.0975609756097561,63,60,0.9523809523809523,2.1666666666666665
SITE0166,11,37,6,0.16216216216216217,59,56,0.9491525423728814,2.1607142857142856
SITE0166,12,27,9,0.3333333333333333,70,62,0.8857142857142857,2.0161290322580645
SITE0167,1,9,0,0.0,13,13,1.0,1.9230769230769231
SITE0167,2,18,0,0.0,28,28,1.0,1.5357142857142858
SITE0167,3,27,2,0.07407407407407407,47,45,0.9574468085106383,2.022222222222222
SITE0167,4,31,2,0.06451612903225806,50,47,0.94,2.425531914893617
SITE0167,5,34,1,0.029411764705882353,54,51,0.9444444444444444,2.9411764705882355
SITE0167,6,31,3,0.0967741935483871,49,47,0.9591836734693877,2.021276595744681
SITE0167,7,29,1,0.034482758620689655,46,41,0.8913043478260869,2.682926829268293
SITE0167,8,34,4,0.11764705882352941,53,48,0.9056603773584906,2.1666666666666665
SITE0167,9,30,2,0.06666666666666667,45,44,0.9777777777777777,2.0681818181818183
SITE0167,10,28,6,0.21428571428571427,46,44,0.9565217391304348,2.090909090909091
SITE0167,11,25,6,0.24,39,37,0.9487179487179487,2.0
SITE0167,12,17,9,0.5294117647058824,46,40,0.8695652173913043,2.125
SITE0168,1,7,0,0.0,11,10,0.9090909090909091,1.4
SITE0168,2,13,2,0.15384615384615385,24,22,0.9166666666666666,2.090909090909091
SITE0168,3,20,2,0.1,36,34,0.9444444444444444,1.7941176470588236
SITE0168,4,32,4,0.125,51,46,0.9019607843137255,2.4347826086956523
SITE0168,5,28,5,0.17857142857142858,49,45,0.9183673469387755,1.9111111111111112
SITE0168,6,33,6,0.18181818181818182,52,51,0.9807692307692307,2.0
SITE0168,7,30,9,0.3,46,43,0.9347826086956522,2.0697674418604652
SITE0168,8,27,5,0.18518518518518517,44,41,0.9318181818181818,1.975609756097561
SITE0168,9,25,5,0.2,36,28,0.7777777777777778,1.3571428571428572
SITE0168,10,23,4,0.17391304347826086,38,33,0.868421052631579,1.8181818181818181
SITE0168,11,25,4,0.16,38,35,0.9210526315789473,2.3714285714285714
SITE0168,12,18,8,0.4444444444444444,55,49,0.8909090909090909,1.8775510204081634
SITE0169,1,7,3,0.42857142857142855,9,9,1.0,2.6666666666666665
SITE0169,2,13,5,0.38461538461538464,22,20,0.9090909090909091,2.05
SITE0169,3,18,6,0.3333333333333333,35,34,0.9714285714285714,1.9411764705882353
SITE0169,4,25,5,0.2,35,31,0.8857142857142857,1.903225806451613
SITE0169,5,29,3,0.10344827586206896,41,39,0.9512195121951219,1.641025641025641
SITE0169,6,30,4,0.13333333333333333,49,48,0.9795918367346939,2.4583333333333335
SITE0169,7,29,2,0.06896551724137931,50,45,0.9,2.4
SITE0169,8,29,4,0.13793103448275862,44,41,0.9318181818181818,1.5121951219512195
SITE0169,9,29,3,0.10344827586206896,43,41,0.9534883720930233,2.3902439024390243
SITE0169,10,30,5,0.16666666666666666,52,48,0.9230769230769231,1.7916666666666667
SITE0169,11,32,4,0.125,51,47,0.9215686274509803,2.234042553191489
SITE0169,12,23,4,0.17391304347826086,67,62,0.9253731343283582,1.8225806451612903
SITE0170,1,23,3,0.13043478260869565,31,28,0.9032258064516129,2.0357142857142856
SITE0170,2,33,6,0.18181818181818182,54,51,0.9444444444444444,2.0588235294117645
SITE0170,3,40,6,0.15,66,59,0.8939393939393939,1.9322033898305084
SITE0170,4,45,6,0.13333333333333333,66,61,0.9242424242424242,2.278688524590164
SITE0170,5,40,9,0.225,67,64,0.9552238805970149,2.0
SITE0170,6,41,9,0.21951219512195122,64,60,0.9375,2.2333333333333334
SITE0170,7,41,12,0.2926829268292683,69,66,0.9565217391304348,2.257575757575758
SITE0170,8,38,6,0.15789473684210525,60,54,0.9,2.1481481481481484
SITE0170,9,38,4,0.10526315789473684,57,55,0.9649122807017544,2.290909090909091
SITE0170,10,33,3,0.09090909090909091,57,54,0.9473684210526315,2.037037037037037
SITE0170,11,36,6,0.16666666666666666,58,57,0.9827586206896551,2.5789473684210527
SITE0170,12,26,14,0.5384615384615384,77,71,0.922077922077922,1.9859154929577465
SITE0171,1,15,6,0.4,20,16,0.8,1.4375
SITE0171,2,27,9,0.3333333333333333,43,41,0.9534883720930233,2.073170731707317
SITE0171,3,33,12,0.36363636363636365,58,52,0.896551724137931,1.75
SITE0171,4,51,12,0.23529411764705882,72,66,0.9166666666666666,2.0303030303030303
SITE0171,5,47,10,0.2127659574468085,68,64,0.9411764705882353,2.453125
SITE0171,6,43,7,0.16279069767441862,70,64,0.9142857142857143,2.0
SITE0171,7,48,11,0.22916666666666666,74,69,0.9324324324324325,1.8405797101449275
SITE0171,8,37,10,0.2702702702702703,60,52,0.8666666666666667,2.019230769230769
SITE0171,9,37,8,0.21621621621621623,52,46,0.8846153846153846,2.282608695652174
SITE0171,10,37,9,0.24324324324324326,59,55,0.9322033898305084,2.1818181818181817
SITE0171,11,38,8,0.21052631578947367,62,58,0.9354838709677419,2.5172413793103448
SITE0171,12,28,12,0.42857142857142855,76,70,0.9210526315789473,2.5
SITE0172,1,8,1,0.125,11,11,1.0,1.9090909090909092
SITE0172,2,15,3,0.2,25,22,0.88,2.0454545454545454
SITE0172,3,21,6,0.2857142857142857,33,30,0.9090909090909091,2.6333333333333333
SITE0172,4,41,12,0.2926829268292683,64,57,0.890625,1.631578947368421
SITE0172,5,42,10,0.23809523809523808,72,69,0.9583333333333334,1.9710144927536233
SITE0172,6,56,10,0.17857142857142858,93,85,0.9139784946236559,2.023529411764706
SITE0172,7,53,6,0.11320754716981132,83,67,0.8072289156626506,2.044776119402985
SITE0172,8,48,5,0.10416666666666667,76,66,0.868421052631579,2.242424242424242
SITE0172,9,39,5,0.1282051282051282,61,57,0.9344262295081968,2.491228070175439
SITE0172,10,40,9,0.225,67,63,0.9402985074626866,2.2222222222222223
SITE0172,11,39,7,0.1794871794871795,61,57,0.9344262295081968,1.7719298245614035
SITE0172,12,30,10,0.3333333333333333,86,80,0.9302325581395349,1.85
SITE0173,1,13,1,0.07692307692307693,19,19,1.0,1.9473684210526316
SITE0173,2,26,3,0.11538461538461539,43,42,0.9767441860465116,1.5952380952380953
SITE0173,3,41,9,0.21951219512195122,68,61,0.8970588235294118,2.360655737704918
SITE0173,4,49,12,0.24489795918367346,82,74,0.9024390243902439,2.3378378378378377
SITE0173,5,49,12,0.24489795918367346,78,73,0.9358974358974359,1.8767123287671232
SITE0173,6,50,9,0.18,74,66,0.8918918918918919,2.5606060606060606
SITE0173,7,44,7,0.1590909090909091,66,64,0.9696969696969697,1.78125
SITE0173,8,39,5,0.1282051282051282,64,57,0.890625,2.1403508771929824
SITE0173,9,38,7,0.18421052631578946,57,53,0.9298245614035088,2.018867924528302
SITE0173,10,38,4,0.10526315789473684,58,53,0.9137931034482759,2.207547169811321
SITE0173,11,39,4,0.10256410256410256,62,60,0.967741935483871,1.9833333333333334
SITE0173,12,32,5,0.15625,91,84,0.9230769230769231,2.0238095238095237
SITE0174,1,12,0,0.0,17,15,0.8823529411764706,2.3333333333333335
SITE0174,2,23,4,0.17391304347826086,33,30,0.9090909090909091,2.466666666666667
SITE0174,3,27,3,0.1111111111111111,44,39,0.8863636363636364,1.9487179487179487
SITE0174,4,32,6,0.1875,54,50,0.9259259259259259,1.88
SITE0174,5,31,6,0.1935483870967742,50,41,0.82,1.975609756097561
SITE0174,6,31,7,0.22580645161290322,49,42,0.8571428571428571,2.1904761904761907
SITE0174,7,35,9,0.2571428571428571,53,50,0.9433962264150944,1.82
SITE0174,8,38,10,0.2631578947368421,61,55,0.9016393442622951,2.0727272727272728
SITE0174,9,36,7,0.19444444444444445,61,54,0.8852459016393442,2.037037037037037
SITE0174,10,38,6,0.15789473684210525,60,58,0.9666666666666667,2.206896551724138
SITE0174,11,41,6,0.14634146341463414,65,62,0.9538461538461539,1.9838709677419355
SITE0174,12,29,8,0.27586206896551724,95,90,0.9473684210526315,2.6333333333333333
SITE0175,1,11,2,0.18181818181818182,14,11,0.7857142857142857,1.4545454545454546
SITE0175,2,27,2,0.07407407407407407,42,39,0.9285714285714286,2.076923076923077
SITE0175,3,44,5,0.11363636363636363,75,67,0.8933333333333333,2.1641791044776117
SITE0175,4,58,4,0.06896551724137931,97,88,0.9072164948453608,1.9204545454545454
SITE0175,5,56,5,0.08928571428571429,89,85,0.9550561797752809,2.0
SITE0175,6,53,4,0.07547169811320754,80,74,0.925,2.081081081081081
SITE0175,7,51,7,0.13725490196078433,79,77,0.9746835443037974,2.3896103896103895
SITE0175,8,54,11,0.2037037037037037,92,87,0.9456521739130435,1.9655172413793103
SITE0175,9,54,9,0.16666666666666666,84,80,0.9523809523809523,2.5
SITE0175,10,54,6,0.1111111111111111,84,80,0.9523809523809523,2.4125
SITE0175,11,43,3,0.06976744186046512,69,66,0.9565217391304348,2.515151515151515
SITE0175,12,32,2,0.0625,77,70,0.9090909090909091,2.057142857142857
SITE0176,1,13,3,0.23076923076923078,16,14,0.875,1.3571428571428572
SITE0176,2,24,5,0.20833333333333334,38,36,0.9473684210526315,1.6111111111111112
SITE0176,3,40,8,0.2,67,61,0.9104477611940298,1.5573770491803278
SITE0176,4,51,8,0.1568627450980392,81,77,0.9506172839506173,1.8051948051948052
SITE0176,5,45,7,0.15555555555555556,71,64,0.9014084507042254,2.125
SITE0176,6,57,7,0.12280701754385964,81,76,0.9382716049382716,2.1842105263157894
SITE0176,7,56,6,0.10714285714285714,95,89,0.9368421052631579,2.2134831460674156
SITE0176,8,51,5,0.09803921568627451,86,80,0.9302325581395349,2.35
SITE0176,9,49,3,0.061224489795918366,76,70,0.9210526315789473,2.2285714285714286
SITE0176,10,42,7,0.16666666666666666,65,61,0.9384615384615385,1.7704918032786885
SITE0176,11,41,7,0.17073170731707318,69,64,0.927536231884058,2.015625
SITE0176,12,31,12,0.3870967741935484,95,88,0.9263157894736842,1.8636363636363635
SITE0177,1,7,0,0.0,10,10,1.0,2.7
SITE0177,2,22,2,0.09090909090909091,32,31,0.96875,1.4193548387096775
SITE0177,3,29,6,0.20689655172413793,44,43,0.9772727272727273,2.13953488372093
SITE0177,4,39,9,0.23076923076923078,62,60,0.967741935483871,2.0166666666666666
SITE0177,5,42,14,0.3333333333333333,66,64,0.9696969696969697,2.03125
SITE0177,6,35,10,0.2857142857142857,57,52,0.9122807017543859,2.269230769230769
SITE0177,7,38,7,0.18421052631578946,59,57,0.9661016949152542,1.6140350877192982
SITE0177,8,37,2,0.05405405405405406,58,50,0.8620689655172413,1.72
SITE0177,9,40,6,0.15,62,60,0.967741935483871,2.316666666666667
SITE0177,10,38,8,0.21052631578947367,64,58,0.90625,1.5689655172413792
SITE0177,11,33,6,0.18181818181818182,53,46,0.8679245283018868,1.4782608695652173
SITE0177,12,24,2,0.08333333333333333,69,66,0.9565217391304348,1.7878787878787878
SITE0178,1,10,1,0.1,13,11,0.8461538461538461,2.0
SITE0178,2,26,2,0.07692307692307693,46,44,0.9565217391304348,2.477272727272727
SITE0178,3,38,3,0.07894736842105263,63,61,0.9682539682539683,2.081967213114754
SITE0178,4,44,5,0.11363636363636363,73,63,0.863013698630137,1.7777777777777777
SITE0178,5,39,4,0.10256410256410256,61,57,0.9344262295081968,1.4736842105263157
SITE0178,6,37,6,0.16216216216216217,56,53,0.9464285714285714,2.0943396226415096
SITE0178,7,43,10,0.23255813953488372,66,55,0.8333333333333334,2.0
SITE0178,8,40,11,0.275,70,62,0.8857142857142857,1.7903225806451613
SITE0178,9,45,7,0.15555555555555556,71,65,0.9154929577464789,1.8615384615384616
SITE0178,10,45,6,0.13333333333333333,71,67,0.9436619718309859,2.044776119402985
SITE0178,11,44,5,0.11363636363636363,67,62,0.9253731343283582,2.129032258064516
SITE0178,12,31,18,0.5806451612903226,99,92,0.9292929292929293,2.260869565217391
SITE0179,1,10,0,0.0,14,12,0.8571428571428571,1.8333333333333333
SITE0179,2,30,1,0.03333333333333333,42,39,0.9285714285714286,2.076923076923077
SITE0179,3,38,4,0.10526315789473684,63,57,0.9047619047619048,2.0526315789473686
SITE0179,4,56,15,0.26785714285714285,92,88,0.9565217391304348,1.8068181818181819
SITE0179,5,57,16,0.2807017543859649,87,81,0.9310344827586207,1.8271604938271604
SITE0179,6,53,17,0.32075471698113206,87,81,0.9310344827586207,1.5308641975308641
SITE0179,7,52,13,0.25,82,75,0.9146341463414634,1.8666666666666667
SITE0179,8,45,8,0.17777777777777778,65,59,0.9076923076923077,2.389830508474576
SITE0179,9,46,6,0.13043478260869565,76,74,0.9736842105263158,2.0945945945945947
SITE0179,10,43,8,0.18604651162790697,60,57,0.95,1.8245614035087718
SITE0179,11,39,9,0.23076923076923078,63,58,0.9206349206349206,1.7413793103448276
SITE0179,12,28,17,0.6071428571428571,79,74,0.9367088607594937,2.391891891891892
SITE0180,1,13,4,0.3076923076923077,19,17,0.8947368421052632,2.5294117647058822
SITE0180,2,29,5,0.1724137931034483,46,42,0.9130434782608695,1.619047619047619
SITE0180,3,34,8,0.23529411764705882,58,56,0.9655172413793104,1.6428571428571428
SITE0180,4,46,7,0.15217391304347827,72,65,0.9027777777777778,2.4
SITE0180,5,42,6,0.14285714285714285,61,60,0.9836065573770492,1.8333333333333333
SITE0180,6,37,4,0.10810810810810811,59,52,0.8813559322033898,2.076923076923077
SITE0180,7,41,9,0.21951219512195122,69,62,0.8985507246376812,2.129032258064516
SITE0180,8,40,9,0.225,61,56,0.9180327868852459,2.517857142857143
SITE0180,9,33,10,0.30303030303030304,56,53,0.9464285714285714,1.679245283018868
SITE0180,10,34,8,0.23529411764705882,52,47,0.9038461538461539,2.0425531914893615
SITE0180,11,34,4,0.11764705882352941,55,53,0.9636363636363636,1.9056603773584906
SITE0180,12,27,4,0.14814814814814814,88,83,0.9431818181818182,2.3734939759036147
SITE0181,1,5,2,0.4,6,6,1.0,2.6666666666666665
SITE0181,2,14,2,0.14285714285714285,19,15,0.7894736842105263,2.0
SITE0181,3,22,3,0.13636363636363635,37,37,1.0,2.189189189189189
SITE0181,4,36,4,0.1111111111111111,56,50,0.8928571428571429,2.0
SITE0181,5,36,6,0.16666666666666666,58,56,0.9655172413793104,2.0
SITE0181,6,28,4,0.14285714285714285,44,40,0.9090909090909091,2.5
SITE0181,7,30,6,0.2,48,45,0.9375,2.2222222222222223
SITE0181,8,29,6,0.20689655172413793,49,40,0.8163265306122449,2.05
SITE0181,9,33,8,0.24242424242424243,56,52,0.9285714285714286,2.25
SITE0181,10,37,9,0.24324324324324326,58,52,0.896551724137931,2.230769230769231
SITE0181,11,31,7,0.22580645161290322,49,41,0.8367346938775511,2.1707317073170733
SITE0181,12,19,3,0.15789473684210525,48,46,0.9583333333333334,2.152173913043478
SITE0182,1,3,0,0.0,5,5,1.0,4.6
SITE0182,2,16,0,0.0,25,21,0.84,2.2857142857142856
SITE0182,3,23,1,0.043478260869565216,40,35,0.875,1.4
SITE0182,4,32,4,0.125,54,52,0.9629629629629629,1.75
SITE0182,5,44,8,0.18181818181818182,66,58,0.8787878787878788,2.6724137931034484
SITE0182,6,44,8,0.18181818181818182,66,59,0.8939393939393939,2.2542372881355934
SITE0182,7,42,8,0.19047619047619047,67,62,0.9253731343283582,2.435483870967742
SITE0182,8,38,4,0.10526315789473684,59,52,0.8813559322033898,2.5961538461538463
SITE0182,9,32,2,0.0625,47,45,0.9574468085106383,2.577777777777778
SITE0182,10,31,2,0.06451612903225806,51,51,1.0,1.9019607843137254
SITE0182,11,37,2,0.05405405405405406,56,53,0.9464285714285714,2.6792452830188678
SITE0182,12,26,9,0.34615384615384615,76,71,0.9342105263157895,2.507042253521127
SITE0183,1,15,2,0.13333333333333333,23,23,1.0,1.2608695652173914
SITE0183,2,26,3,0.11538461538461539,39,36,0.9230769230769231,2.3333333333333335
SITE0183,3,31,4,0.12903225806451613,57,55,0.9649122807017544,2.1636363636363636
SITE0183,4,43,6,0.13953488372093023,67,62,0.9253731343283582,1.8387096774193548
SITE0183,5,41,4,0.0975609756097561,66,62,0.9393939393939394,1.8548387096774193
SITE0183,6,39,7,0.1794871794871795,64,56,0.875,2.5535714285714284
SITE0183,7,42,7,0.16666666666666666,66,63,0.9545454545454546,2.1587301587301586
SITE0183,8,35,4,0.11428571428571428,54,50,0.9259259259259259,1.28
SITE0183,9,38,4,0.10526315789473684,62,59,0.9516129032258065,2.2711864406779663
SITE0183,10,41,2,0.04878048780487805,63,59,0.9365079365079365,1.5593220338983051
SITE0183,11,34,2,0.058823529411764705,62,56,0.9032258064516129,2.1964285714285716
SITE0183,12,24,3,0.125,67,60,0.8955223880597015,1.6833333333333333
SITE0184,1,14,0,0.0,17,14,0.8235294117647058,1.2857142857142858
SITE0184,2,21,2,0.09523809523809523,32,30,0.9375,2.2666666666666666
SITE0184,3,36,5,0.1388888888888889,57,52,0.9122807017543859,1.9423076923076923
SITE0184,4,48,8,0.16666666666666666,73,68,0.9315068493150684,2.014705882352941
SITE0184,5,51,10,0.19607843137254902,80,75,0.9375,2.6533333333333333
SITE0184,6,55,13,0.23636363636363636,92,81,0.8804347826086957,2.0246913580246915
SITE0184,7,50,15,0.3,85,80,0.9411764705882353,1.8875
SITE0184,8,51,15,0.29411764705882354,78,70,0.8974358974358975,2.6285714285714286
SITE0184,9,48,11,0.22916666666666666,70,65,0.9285714285714286,2.046153846153846
SITE0184,10,53,11,0.20754716981132076,84,77,0.9166666666666666,1.896103896103896
SITE0184,11,56,12,0.21428571428571427,90,80,0.8888888888888888,2.025
SITE0184,12,41,12,0.2926829268292683,118,107,0.9067796610169492,2.392523364485981
SITE0185,1,16,0,0.0,21,17,0.8095238095238095,1.7647058823529411
SITE0185,2,23,1,0.043478260869565216,41,39,0.9512195121951219,1.9743589743589745
SITE0185,3,36,4,0.1111111111111111,57,51,0.8947368421052632,2.215686274509804
SITE0185,4,46,6,0.13043478260869565,65,61,0.9384615384615385,1.9508196721311475
SITE0185,5,48,5,0.10416666666666667,76,71,0.9342105263157895,2.9014084507042255
SITE0185,6,54,3,0.05555555555555555,94,86,0.9148936170212766,1.9186046511627908
SITE0185,7,47,5,0.10638297872340426,70,61,0.8714285714285714,1.9672131147540983
SITE0185,8,53,11,0.20754716981132076,79,74,0.9367088607594937,2.27027027027027
SITE0185,9,55,13,0.23636363636363636,86,77,0.8953488372093024,1.8571428571428572
SITE0185,10,55,14,0.2545454545454545,89,80,0.898876404494382,2.125
SITE0185,11,62,8,0.12903225806451613,98,90,0.9183673469387755,1.8888888888888888
SITE0185,12,40,8,0.2,118,109,0.923728813559322,2.073394495412844
SITE0186,1,3,0,0.0,4,4,1.0,0.5
SITE0186,2,16,0,0.0,26,23,0.8846153846153846,1.7391304347826086
SITE0186,3,22,2,0.09090909090909091,37,35,0.9459459459459459,1.7428571428571429
SITE0186,4,30,4,0.13333333333333333,51,45,0.8823529411764706,1.5555555555555556
SITE0186,5,29,3,0.10344827586206896,47,44,0.9361702127659575,2.227272727272727
SITE0186,6,28,2,0.07142857142857142,42,38,0.9047619047619048,2.3684210526315788
SITE0186,7,30,2,0.06666666666666667,49,45,0.9183673469387755,2.088888888888889
SITE0186,8,31,2,0.06451612903225806,47,46,0.9787234042553191,1.934782608695652
SITE0186,9,37,3,0.08108108108108109,57,55,0.9649122807017544,2.4
SITE0186,10,35,4,0.11428571428571428,53,52,0.9811320754716981,1.5769230769230769
SITE0186,11,33,4,0.12121212121212122,59,55,0.9322033898305084,2.3454545454545452
SITE0186,12,25,4,0.16,62,60,0.967741935483871,2.6666666666666665
SITE0187,1,11,1,0.09090909090909091,12,12,1.0,2.3333333333333335
SITE0187,2,17,2,0.11764705882352941,29,25,0.8620689655172413,2.36
SITE0187,3,27,3,0.1111111111111111,43,37,0.8604651162790697,2.2432432432432434
SITE0187,4,37,5,0.13513513513513514,58,53,0.9137931034482759,2.056603773584906
SITE0187,5,35,7,0.2,57,52,0.9122807017543859,1.9038461538461537
SITE0187,6,43,12,0.27906976744186046,70,64,0.9142857142857143,2.109375
SITE0187,7,39,10,0.2564102564102564,67,57,0.8507462686567164,1.8596491228070176
SITE0187,8,42,11,0.2619047619047619,68,62,0.9117647058823529,2.161290322580645
SITE0187,9,42,8,0.19047619047619047,62,57,0.9193548387096774,1.7017543859649122
SITE0187,10,44,14,0.3181818181818182,76,70,0.9210526315789473,1.9428571428571428
SITE0187,11,43,9,0.20930232558139536,65,58,0.8923076923076924,2.086206896551724
SITE0187,12,32,8,0.25,83,78,0.9397590361445783,2.08974358974359
SITE0188,1,11,0,0.0,17,16,0.9411764705882353,1.6875
SITE0188,2,26,0,0.0,39,37,0.9487179487179487,2.054054054054054
SITE0188,3,43,4,0.09302325581395349,72,61,0.8472222222222222,1.9180327868852458
SITE0188,4,48,4,0.08333333333333333,85,79,0.9294117647058824,1.7215189873417722
SITE0188,5,56,7,0.125,92,86,0.9347826086956522,2.5232558139534884
SITE0188,6,46,5,0.10869565217391304,67,60,0.8955223880597015,2.45
SITE0188,7,52,8,0.15384615384615385,87,80,0.9195402298850575,1.9125
SITE0188,8,63,8,0.12698412698412698,98,89,0.9081632653061225,1.9325842696629214
SITE0188,9,57,5,0.08771929824561403,91,83,0.9120879120879121,2.6265060240963853
SITE0188,10,48,4,0.08333333333333333,78,75,0.9615384615384616,1.68
SITE0188,11,44,9,0.20454545454545456,63,56,0.8888888888888888,1.8571428571428572
SITE0188,12,28,18,0.6428571428571429,87,81,0.9310344827586207,1.8395061728395061
SITE0189,1,12,0,0.0,15,14,0.9333333333333333,1.8571428571428572
SITE0189,2,22,4,0.18181818181818182,40,37,0.925,2.4594594594594597
SITE0189,3,35,8,0.22857142857142856,59,52,0.8813559322033898,1.8653846153846154
SITE0189,4,43,10,0.23255813953488372,66,58,0.8787878787878788,2.2241379310344827
SITE0189,5,40,10,0.25,65,63,0.9692307692307692,1.8253968253968254
SITE0189,6,43,9,0.20930232558139536,68,64,0.9411764705882353,1.859375
SITE0189,7,40,7,0.175,64,59,0.921875,1.6610169491525424
SITE0189,8,47,7,0.14893617021276595,74,71,0.9594594594594594,2.4788732394366195
SITE0189,9,45,8,0.17777777777777778,69,63,0.9130434782608695,1.9841269841269842
SITE0189,10,41,9,0.21951219512195122,67,62,0.9253731343283582,1.9838709677419355
SITE0189,11,38,6,0.15789473684210525,60,53,0.8833333333333333,1.6415094339622642
SITE0189,12,27,6,0.2222222222222222,79,73,0.9240506329113924,1.9315068493150684
SITE0190,1,13,0,0.0,16,13,0.8125,1.3846153846153846
SITE0190,2,21,2,0.09523809523809523,33,31,0.9393939393939394,1.4516129032258065
SITE0190,3,26,4,0.15384615384615385,49,44,0.8979591836734694,2.272727272727273
SITE0190,4,36,7,0.19444444444444445,57,54,0.9473684210526315,1.9444444444444444
SITE0190,5,36,8,0.2222222222222222,53,49,0.9245283018867925,1.7959183673469388
SITE0190,6,35,7,0.2,58,54,0.9310344827586207,2.074074074074074
SITE0190,7,35,7,0.2,54,46,0.8518518518518519,2.0434782608695654
SITE0190,8,33,7,0.21212121212121213,51,49,0.9607843137254902,1.8979591836734695
SITE0190,9,35,6,0.17142857142857143,51,48,0.9411764705882353,2.6458333333333335
SITE0190,10,35,5,0.14285714285714285,59,55,0.9322033898305084,2.309090909090909
SITE0190,11,39,5,0.1282051282051282,62,62,1.0,2.193548387096774
SITE0190,12,28,2,0.07142857142857142,81,77,0.9506172839506173,1.844155844155844
SITE0191,1,14,2,0.14285714285714285,19,17,0.8947368421052632,1.7647058823529411
SITE0191,2,26,5,0.19230769230769232,41,39,0.9512195121951219,2.1538461538461537
SITE0191,3,37,6,0.16216216216216217,62,54,0.8709677419354839,2.2037037037037037
SITE0191,4,54,7,0.12962962962962962,86,77,0.8953488372093024,1.6753246753246753
SITE0191,5,49,5,0.10204081632653061,74,70,0.9459459459459459,2.085714285714286
SITE0191,6,56,8,0.14285714285714285,92,85,0.9239130434782609,2.0352941176470587
SITE0191,7,49,9,0.1836734693877551,76,64,0.8421052631578947,1.609375
SITE0191,8,45,7,0.15555555555555556,69,65,0.9420289855072463,2.476923076923077
SITE0191,9,48,8,0.16666666666666666,71,69,0.971830985915493,2.4927536231884058
SITE0191,10,51,9,0.17647058823529413,86,78,0.9069767441860465,2.141025641025641
SITE0191,11,50,10,0.2,86,82,0.9534883720930233,2.1097560975609757
SITE0191,12,41,8,0.1951219512195122,108,100,0.9259259259259259,1.73
SITE0192,1,14,2,0.14285714285714285,21,20,0.9523809523809523,1.6
SITE0192,2,25,4,0.16,35,31,0.8857142857142857,1.8387096774193548
SITE0192,3,40,5,0.125,70,62,0.8857142857142857,1.467741935483871
SITE0192,4,56,9,0.16071428571428573,88,82,0.9318181818181818,2.5121951219512195
SITE0192,5,55,13,0.23636363636363636,88,79,0.8977272727272727,2.0759493670886076
SITE0192,6,45,14,0.3111111111111111,70,65,0.9285714285714286,2.3384615384615386
SITE0192,7,50,15,0.3,82,73,0.8902439024390244,2.328767123287671
SITE0192,8,44,9,0.20454545454545456,71,61,0.8591549295774648,2.180327868852459
SITE0192,9,52,11,0.21153846153846154,79,74,0.9367088607594937,1.7297297297297298
SITE0192,10,54,7,0.12962962962962962,85,79,0.9294117647058824,2.5569620253164556
SITE0192,11,48,5,0.10416666666666667,76,72,0.9473684210526315,2.236111111111111
SITE0192,12,31,2,0.06451612903225806,99,93,0.9393939393939394,2.150537634408602
SITE0193,1,8,0,0.0,13,12,0.9230769230769231,2.5
SITE0193,2,15,0,0.0,24,21,0.875,1.4761904761904763
SITE0193,3,33,0,0.0,57,55,0.9649122807017544,2.1454545454545455
SITE0193,4,45,1,0.022222222222222223,72,62,0.8611111111111112,2.096774193548387
SITE0193,5,48,7,0.14583333333333334,79,77,0.9746835443037974,2.0
SITE0193,6,44,11,0.25,69,64,0.927536231884058,2.265625
SITE0193,7,33,14,0.42424242424242425,52,48,0.9230769230769231,1.9166666666666667
SITE0193,8,25,8,0.32,40,36,0.9,2.25
SITE0193,9,23,3,0.13043478260869565,37,35,0.9459459459459459,2.142857142857143
SITE0193,10,34,4,0.11764705882352941,55,52,0.9454545454545454,2.0
SITE0193,11,43,5,0.11627906976744186,70,66,0.9428571428571428,2.0
SITE0193,12,34,7,0.20588235294117646,110,103,0.9363636363636364,2.3689320388349513
SITE0194,1,14,2,0.14285714285714285,21,18,0.8571428571428571,1.9444444444444444
SITE0194,2,23,2,0.08695652173913043,37,35,0.9459459459459459,2.4285714285714284
SITE0194,3,33,3,0.09090909090909091,55,46,0.8363636363636363,2.282608695652174
SITE0194,4,49,2,0.04081632653061224,69,64,0.927536231884058,2.3125
SITE0194,5,50,8,0.16,81,75,0.9259259259259259,2.0
SITE0194,6,52,6,0.11538461538461539,83,78,0.9397590361445783,2.1025641025641026
SITE0194,7,58,7,0.1206896551724138,89,79,0.8876404494382022,2.481012658227848
SITE0194,8,44,6,0.13636363636363635,71,64,0.9014084507042254,2.015625
SITE0194,9,47,10,0.2127659574468085,80,75,0.9375,2.1066666666666665
SITE0194,10,47,11,0.23404255319148937,73,68,0.9315068493150684,2.1176470588235294
SITE0194,11,39,12,0.3076923076923077,65,56,0.8615384615384616,2.0535714285714284
SITE0194,12,31,9,0.2903225806451613,80,73,0.9125,1.904109589041096
SITE0195,1,14,0,0.0,16,14,0.875,1.0714285714285714
SITE0195,2,29,0,0.0,46,41,0.8913043478260869,1.8780487804878048
SITE0195,3,38,0,0.0,67,59,0.8805970149253731,2.2033898305084745
SITE0195,4,51,2,0.0392156862745098,81,78,0.9629629629629629,2.358974358974359
SITE0195,5,48,5,0.10416666666666667,82,76,0.926829268292683,2.1184210526315788
SITE0195,6,46,10,0.21739130434782608,70,66,0.9428571428571428,1.9848484848484849
SITE0195,7,52,12,0.23076923076923078,83,76,0.9156626506024096,2.236842105263158
SITE0195,8,52,10,0.19230769230769232,85,78,0.9176470588235294,2.230769230769231
SITE0195,9,49,8,0.16326530612244897,75,73,0.9733333333333334,1.8082191780821917
SITE0195,10,47,5,0.10638297872340426,75,69,0.92,1.9710144927536233
SITE0195,11,35,4,0.11428571428571428,60,58,0.9666666666666667,2.586206896551724
SITE0195,12,25,4,0.16,52,50,0.9615384615384616,2.52
SITE0196,1,11,0,0.0,16,15,0.9375,1.6
SITE0196,2,15,0,0.0,27,24,0.8888888888888888,1.4583333333333333
SITE0196,3,24,0,0.0,45,39,0.8666666666666667,2.3076923076923075
SITE0196,4,24,0,0.0,40,38,0.95,2.0789473684210527
SITE0196,5,33,3,0.09090909090909091,52,48,0.9230769230769231,1.8958333333333333
SITE0196,6,35,4,0.11428571428571428,57,50,0.8771929824561403,2.66
SITE0196,7,33,4,0.12121212121212122,57,53,0.9298245614035088,1.9811320754716981
SITE0196,8,34,2,0.058823529411764705,54,50,0.9259259259259259,1.72
SITE0196,9,29,2,0.06896551724137931,47,42,0.8936170212765957,2.0714285714285716
SITE0196,10,32,4,0.125,53,49,0.9245283018867925,2.061224489795918
SITE0196,11,30,4,0.13333333333333333,48,41,0.8541666666666666,2.4878048780487805
SITE0196,12,21,7,0.3333333333333333,56,51,0.9107142857142857,1.9019607843137254
SITE0197,1,11,1,0.09090909090909091,18,16,0.8888888888888888,1.625
SITE0197,2,18,2,0.1111111111111111,32,30,0.9375,3.1
SITE0197,3,28,7,0.25,49,45,0.9183673469387755,2.0444444444444443
SITE0197,4,38,13,0.34210526315789475,59,56,0.9491525423728814,2.0
SITE0197,5,39,20,0.5128205128205128,63,56,0.8888888888888888,1.7678571428571428
SITE0197,6,44,15,0.3409090909090909,72,65,0.9027777777777778,1.8461538461538463
SITE0197,7,41,11,0.2682926829268293,61,55,0.9016393442622951,2.1454545454545455
SITE0197,8,39,8,0.20512820512820512,64,59,0.921875,2.3728813559322033
SITE0197,9,35,6,0.17142857142857143,54,44,0.8148148148148148,1.9090909090909092
SITE0197,10,32,5,0.15625,52,50,0.9615384615384616,1.74
SITE0197,11,28,2,0.07142857142857142,46,41,0.8913043478260869,2.097560975609756
SITE0197,12,20,0,0.0,54,47,0.8703703703703703,2.297872340425532
SITE0198,1,8,0,0.0,9,9,1.0,2.111111111111111
SITE0198,2,18,0,0.0,29,28,0.9655172413793104,2.107142857142857
SITE0198,3,26,1,0.038461538461538464,41,40,0.975609756097561,1.725
SITE0198,4,37,3,0.08108108108108109,58,53,0.9137931034482759,1.6226415094339623
SITE0198,5,37,5,0.13513513513513514,63,59,0.9365079365079365,2.1016949152542375
SITE0198,6,36,8,0.2222222222222222,54,51,0.9444444444444444,2.5294117647058822
SITE0198,7,34,8,0.23529411764705882,56,53,0.9464285714285714,1.7735849056603774
SITE0198,8,33,4,0.12121212121212122,51,44,0.8627450980392157,2.1818181818181817
SITE0198,9,40,7,0.175,66,60,0.9090909090909091,2.283333333333333
SITE0198,10,39,4,0.10256410256410256,61,55,0.9016393442622951,2.1272727272727274
SITE0198,11,34,5,0.14705882352941177,56,55,0.9821428571428571,2.290909090909091
SITE0198,12,21,9,0.42857142857142855,56,53,0.9464285714285714,2.2452830188679247
SITE0199,1,11,7,0.6363636363636364,15,15,1.0,1.5333333333333334
SITE0199,2,22,9,0.4090909090909091,33,30,0.9090909090909091,1.7
SITE0199,3,29,11,0.3793103448275862,49,48,0.9795918367346939,2.4166666666666665
SITE0199,4,32,11,0.34375,55,48,0.8727272727272727,1.625
SITE0199,5,35,7,0.2,51,48,0.9411764705882353,2.0
SITE0199,6,31,7,0.22580645161290322,46,39,0.8478260869565217,1.641025641025641
SITE0199,7,32,9,0.28125,56,51,0.9107142857142857,1.588235294117647
SITE0199,8,34,9,0.2647058823529412,49,44,0.8979591836734694,1.8409090909090908
SITE0199,9,31,7,0.22580645161290322,46,43,0.9347826086956522,1.8837209302325582
SITE0199,10,29,4,0.13793103448275862,48,46,0.9583333333333334,2.0217391304347827
SITE0199,11,30,3,0.1,47,44,0.9361702127659575,2.3181818181818183
SITE0199,12,22,0,0.0,63,56,0.8888888888888888,2.25
SITE0200,1,10,2,0.2,15,13,0.8666666666666667,1.9230769230769231
SITE0200,2,20,6,0.3,36,33,0.9166666666666666,2.4242424242424243
SITE0200,3,31,6,0.1935483870967742,50,47,0.94,1.6595744680851063
SITE0200,4,41,5,0.12195121951219512,63,61,0.9682539682539683,2.0327868852459017
SITE0200,5,38,4,0.10526315789473684,62,56,0.9032258064516129,2.375
SITE0200,6,41,4,0.0975609756097561,60,54,0.9,1.9074074074074074
SITE0200,7,45,7,0.15555555555555556,73,70,0.958904109589041,2.2142857142857144
SITE0200,8,54,9,0.16666666666666666,90,79,0.8777777777777778,1.8860759493670887
SITE0200,9,57,12,0.21052631578947367,90,81,0.9,1.7901234567901234
SITE0200,10,64,12,0.1875,98,87,0.8877551020408163,2.425287356321839
SITE0200,11,60,7,0.11666666666666667,103,93,0.9029126213592233,2.182795698924731
SITE0200,12,45,10,0.2222222222222222,136,129,0.9485294117647058,1.930232558139535
SITE0201,1,2,0,0.0,3,3,1.0,3.0
SITE0201,2,13,0,0.0,19,16,0.8421052631578947,1.375
SITE0201,3,19,0,0.0,30,27,0.9,2.1481481481481484
SITE0201,4,26,0,0.0,46,41,0.8913043478260869,1.951219512195122
SITE0201,5,27,2,0.07407407407407407,46,42,0.9130434782608695,2.238095238095238
SITE0201,6,30,3,0.1,46,40,0.8695652173913043,1.4
SITE0201,7,29,6,0.20689655172413793,46,43,0.9347826086956522,2.2790697674418605
SITE0201,8,29,4,0.13793103448275862,46,43,0.9347826086956522,2.0697674418604652
SITE0201,9,33,3,0.09090909090909091,48,45,0.9375,2.6
SITE0201,10,33,0,0.0,57,53,0.9298245614035088,2.169811320754717
SITE0201,11,33,1,0.030303030303030304,53,49,0.9245283018867925,1.7551020408163265
SITE0201,12,26,5,0.19230769230769232,70,63,0.9,2.7142857142857144
SITE0202,1,10,1,0.1,14,12,0.8571428571428571,2.6666666666666665
SITE0202,2,23,6,0.2608695652173913,35,33,0.9428571428571428,2.8484848484848486
SITE0202,3,38,10,0.2631578947368421,64,57,0.890625,2.43859649122807
SITE0202,4,48,13,0.2708333333333333,80,75,0.9375,2.0533333333333332
SITE0202,5,47,14,0.2978723404255319,75,74,0.9866666666666667,1.9594594594594594
SITE0202,6,41,9,0.21951219512195122,63,57,0.9047619047619048,2.456140350877193
SITE0202,7,40,11,0.275,67,60,0.8955223880597015,1.75
SITE0202,8,43,11,0.2558139534883721,70,62,0.8857142857142857,2.5806451612903225
SITE0202,9,46,13,0.2826086956521739,70,63,0.9,1.619047619047619
SITE0202,10,49,11,0.22448979591836735,76,67,0.881578947368421,2.4029850746268657
SITE0202,11,48,10,0.20833333333333334,78,70,0.8974358974358975,1.9142857142857144
SITE0202,12,33,5,0.15151515151515152,88,80,0.9090909090909091,2.3125
SITE0203,1,6,0,0.0,9,8,0.8888888888888888,1.5
SITE0203,2,16,0,0.0,26,23,0.8846153846153846,1.9130434782608696
SITE0203,3,20,3,0.15,33,31,0.9393939393939394,2.0
SITE0203,4,34,4,0.11764705882352941,50,45,0.9,2.4
SITE0203,5,31,6,0.1935483870967742,50,43,0.86,2.2093023255813953
SITE0203,6,27,3,0.1111111111111111,43,38,0.8837209302325582,2.1578947368421053
SITE0203,7,28,2,0.07142857142857142,40,36,0.9,1.5277777777777777
SITE0203,8,20,1,0.05,36,35,0.9722222222222222,1.7428571428571429
SITE0203,9,25,2,0.08,44,42,0.9545454545454546,1.8095238095238095
SITE0203,10,25,1,0.04,36,33,0.9166666666666666,1.5757575757575757
SITE0203,11,29,4,0.13793103448275862,52,51,0.9807692307692307,2.1372549019607843
SITE0203,12,24,4,0.16666666666666666,67,59,0.8805970149253731,2.2711864406779663
SITE0204,1,6,0,0.0,10,10,1.0,2.3
SITE0204,2,15,0,0.0,24,22,0.9166666666666666,2.090909090909091
SITE0204,3,26,0,0.0,44,36,0.8181818181818182,2.2777777777777777
SITE0204,4,32,2,0.0625,54,52,0.9629629629629629,2.269230769230769
SITE0204,5,33,5,0.15151515151515152,54,48,0.8888888888888888,1.6666666666666667
SITE0204,6,35,5,0.14285714285714285,57,54,0.9473684210526315,2.3518518518518516
SITE0204,7,36,8,0.2222222222222222,60,56,0.9333333333333333,1.8928571428571428
SITE0204,8,36,3,0.08333333333333333,60,52,0.8666666666666667,2.519230769230769
SITE0204,9,33,7,0.21212121212121213,54,49,0.9074074074074074,2.3877551020408165
SITE0204,10,35,11,0.3142857142857143,57,55,0.9649122807017544,2.727272727272727
SITE0204,11,37,12,0.32432432432432434,62,54,0.8709677419354839,1.7037037037037037
SITE0204,12,27,13,0.48148148148148145,82,76,0.926829268292683,2.4342105263157894
SITE0205,1,11,3,0.2727272727272727,15,15,1.0,1.8
SITE0205,2,19,4,0.21052631578947367,29,28,0.9655172413793104,2.7857142857142856
SITE0205,3,23,9,0.391304347826087,38,36,0.9473684210526315,2.388888888888889
SITE0205,4,30,11,0.36666666666666664,47,45,0.9574468085106383,2.066666666666667
SITE0205,5,30,10,0.3333333333333333,52,50,0.9615384615384616,1.66
SITE0205,6,33,8,0.24242424242424243,48,43,0.8958333333333334,1.7906976744186047
SITE0205,7,37,9,0.24324324324324326,58,55,0.9482758620689655,2.0
SITE0205,8,31,6,0.1935483870967742,51,46,0.9019607843137255,2.108695652173913
SITE0205,9,32,4,0.125,52,45,0.8653846153846154,2.2222222222222223
SITE0205,10,31,2,0.06451612903225806,50,45,0.9,2.422222222222222
SITE0205,11,30,2,0.06666666666666667,51,48,0.9411764705882353,1.7083333333333333
SITE0205,12,22,4,0.18181818181818182,67,62,0.9253731343283582,2.161290322580645
SITE0206,1,10,0,0.0,14,13,0.9285714285714286,2.0
SITE0206,2,15,1,0.06666666666666667,24,21,0.875,2.9523809523809526
SITE0206,3,25,2,0.08,43,40,0.9302325581395349,2.575
SITE0206,4,30,6,0.2,50,48,0.96,2.5416666666666665
SITE0206,5,26,5,0.19230769230769232,40,36,0.9,2.4722222222222223
SITE0206,6,26,9,0.34615384615384615,40,39,0.975,2.2051282051282053
SITE0206,7,24,9,0.375,37,35,0.9459459459459459,1.9142857142857144
SITE0206,8,25,7,0.28,37,35,0.9459459459459459,1.8571428571428572
SITE0206,9,24,4,0.16666666666666666,36,33,0.9166666666666666,2.6363636363636362
SITE0206,10,29,7,0.2413793103448276,49,47,0.9591836734693877,1.9361702127659575
SITE0206,11,27,9,0.3333333333333333,44,40,0.9090909090909091,2.05
SITE0206,12,22,19,0.8636363636363636,66,62,0.9393939393939394,2.2096774193548385
SITE0207,1,9,0,0.0,12,12,1.0,1.9166666666666667
SITE0207,2,24,1,0.041666666666666664,37,33,0.8918918918918919,2.6363636363636362
SITE0207,3,36,5,0.1388888888888889,59,53,0.8983050847457628,2.358490566037736
SITE0207,4,45,5,0.1111111111111111,71,69,0.971830985915493,2.9565217391304346
SITE0207,5,47,12,0.2553191489361702,74,70,0.9459459459459459,2.3
SITE0207,6,44,11,0.25,64,59,0.921875,2.2203389830508473
SITE0207,7,44,10,0.22727272727272727,70,64,0.9142857142857143,1.96875
SITE0207,8,44,5,0.11363636363636363,69,63,0.9130434782608695,2.0
SITE0207,9,40,4,0.1,67,61,0.9104477611940298,2.1475409836065573
SITE0207,10,40,4,0.1,65,62,0.9538461538461539,2.370967741935484
SITE0207,11,37,7,0.1891891891891892,59,54,0.9152542372881356,2.537037037037037
SITE0207,12,28,14,0.5,85,72,0.8470588235294118,2.263888888888889
SITE0208,1,9,4,0.4444444444444444,11,10,0.9090909090909091,2.3
SITE0208,2,25,8,0.32,35,31,0.8857142857142857,1.8709677419354838
SITE0208,3,41,11,0.2682926829268293,69,61,0.8840579710144928,2.360655737704918
SITE0208,4,50,8,0.16,86,79,0.9186046511627907,2.037974683544304
SITE0208,5,54,7,0.12962962962962962,88,84,0.9545454545454546,2.1666666666666665
SITE0208,6,52,5,0.09615384615384616,79,73,0.9240506329113924,1.7397260273972603
SITE0208,7,51,5,0.09803921568627451,80,70,0.875,2.0142857142857142
SITE0208,8,50,8,0.16,78,73,0.9358974358974359,2.315068493150685
SITE0208,9,52,5,0.09615384615384616,83,73,0.8795180722891566,2.2054794520547945
SITE0208,10,46,10,0.21739130434782608,70,64,0.9142857142857143,2.03125
SITE0208,11,44,11,0.25,73,67,0.9178082191780822,2.298507462686567
SITE0208,12,32,8,0.25,82,76,0.926829268292683,2.3421052631578947
SITE0209,1,9,0,0.0,12,11,0.9166666666666666,1.8181818181818181
SITE0209,2,23,1,0.043478260869565216,34,33,0.9705882352941176,1.9090909090909092
SITE0209,3,35,5,0.14285714285714285,57,51,0.8947368421052632,2.1372549019607843
SITE0209,4,44,6,0.13636363636363635,77,71,0.922077922077922,2.3943661971830985
SITE0209,5,36,6,0.16666666666666666,60,53,0.8833333333333333,1.679245283018868
SITE0209,6,34,5,0.14705882352941177,48,44,0.9166666666666666,2.4545454545454546
SITE0209,7,34,10,0.29411764705882354,53,45,0.8490566037735849,2.2888888888888888
SITE0209,8,33,13,0.3939393939393939,52,46,0.8846153846153846,2.0
SITE0209,9,34,10,0.29411764705882354,58,51,0.8793103448275862,1.8235294117647058
SITE0209,10,32,7,0.21875,51,50,0.9803921568627451,2.42
SITE0209,11,32,4,0.125,54,48,0.8888888888888888,2.0208333333333335
SITE0209,12,23,11,0.4782608695652174,68,61,0.8970588235294118,2.3442622950819674
SITE0210,1,12,2,0.16666666666666666,17,16,0.9411764705882353,2.375
SITE0210,2,22,6,0.2727272727272727,37,36,0.972972972972973,2.4444444444444446
SITE0210,3,28,8,0.2857142857142857,47,43,0.9148936170212766,1.6511627906976745
SITE0210,4,28,9,0.32142857142857145,41,38,0.926829268292683,2.0526315789473686
SITE0210,5,27,7,0.25925925925925924,40,38,0.95,2.5
SITE0210,6,33,11,0.3333333333333333,58,53,0.9137931034482759,1.6603773584905661
SITE0210,7,41,9,0.21951219512195122,70,62,0.8857142857142857,2.161290322580645
SITE0210,8,41,5,0.12195121951219512,68,58,0.8529411764705882,2.0
SITE0210,9,40,3,0.075,63,59,0.9365079365079365,1.7966101694915255
SITE0210,10,39,4,0.10256410256410256,60,55,0.9166666666666666,2.327272727272727
SITE0210,11,34,8,0.23529411764705882,57,51,0.8947368421052632,1.9215686274509804
SITE0210,12,27,12,0.4444444444444444,66,62,0.9393939393939394,1.9516129032258065
SITE0211,1,13,0,0.0,20,16,0.8,0.6875
SITE0211,2,26,0,0.0,42,35,0.8333333333333334,3.085714285714286
SITE0211,3,31,1,0.03225806451612903,53,51,0.9622641509433962,1.9411764705882353
SITE0211,4,36,6,0.16666666666666666,63,56,0.8888888888888888,2.2857142857142856
SITE0211,5,35,7,0.2,50,47,0.94,1.9787234042553192
SITE0211,6,32,9,0.28125,52,52,1.0,2.1538461538461537
SITE0211,7,38,5,0.13157894736842105,64,63,0.984375,2.4761904761904763
SITE0211,8,39,3,0.07692307692307693,56,54,0.9642857142857143,1.7037037037037037
SITE0211,9,38,3,0.07894736842105263,63,59,0.9365079365079365,2.8983050847457625
SITE0211,10,40,5,0.125,64,60,0.9375,1.8833333333333333
SITE0211,11,39,4,0.10256410256410256,61,55,0.9016393442622951,1.8363636363636364
SITE0211,12,24,5,0.20833333333333334,72,69,0.9583333333333334,2.3768115942028984
SITE0212,1,7,0,0.0,10,9,0.9,1.0
SITE0212,2,13,2,0.15384615384615385,22,16,0.7272727272727273,1.9375
SITE0212,3,23,5,0.21739130434782608,36,34,0.9444444444444444,2.0
SITE0212,4,26,8,0.3076923076923077,43,41,0.9534883720930233,2.1219512195121952
SITE0212,5,36,13,0.3611111111111111,59,54,0.9152542372881356,2.3518518518518516
SITE0212,6,33,9,0.2727272727272727,46,43,0.9347826086956522,1.5813953488372092
SITE0212,7,31,8,0.25806451612903225,56,51,0.9107142857142857,2.2941176470588234
SITE0212,8,33,7,0.21212121212121213,50,46,0.92,2.1956521739130435
SITE0212,9,26,8,0.3076923076923077,40,39,0.975,2.3333333333333335
SITE0212,10,30,12,0.4,44,41,0.9318181818181818,2.0
SITE0212,11,29,12,0.41379310344827586,46,43,0.9347826086956522,1.9069767441860466
SITE0212,12,19,12,0.631578947368421,58,54,0.9310344827586207,2.0
SITE0213,1,11,1,0.09090909090909091,15,14,0.9333333333333333,2.0714285714285716
SITE0213,2,22,3,0.13636363636363635,34,28,0.8235294117647058,2.392857142857143
SITE0213,3,37,4,0.10810810810810811,60,57,0.95,2.6315789473684212
SITE0213,4,51,8,0.1568627450980392,82,80,0.975609756097561,1.8375
SITE0213,5,53,6,0.11320754716981132,91,84,0.9230769230769231,1.7380952380952381
SITE0213,6,53,9,0.16981132075471697,81,75,0.9259259259259259,2.28
SITE0213,7,52,9,0.17307692307692307,84,75,0.8928571428571429,2.36
SITE0213,8,46,9,0.1956521739130435,75,66,0.88,2.4393939393939394
SITE0213,9,48,12,0.25,81,74,0.9135802469135802,2.391891891891892
SITE0213,10,43,10,0.23255813953488372,71,66,0.9295774647887324,2.378787878787879
SITE0213,11,44,5,0.11363636363636363,67,64,0.9552238805970149,1.8125
SITE0213,12,36,2,0.05555555555555555,111,98,0.8828828828828829,2.377551020408163
SITE0214,1,4,0,0.0,6,6,1.0,1.6666666666666667
SITE0214,2,12,2,0.16666666666666666,19,17,0.8947368421052632,1.2352941176470589
SITE0214,3,19,4,0.21052631578947367,32,32,1.0,2.21875
SITE0214,4,26,5,0.19230769230769232,42,40,0.9523809523809523,2.05
SITE0214,5,30,7,0.23333333333333334,46,45,0.9782608695652174,1.488888888888889
SITE0214,6,31,11,0.3548387096774194,50,47,0.94,2.25531914893617
SITE0214,7,26,10,0.38461538461538464,43,37,0.8604651162790697,2.2432432432432434
SITE0214,8,34,6,0.17647058823529413,58,52,0.896551724137931,2.576923076923077
SITE0214,9,38,12,0.3157894736842105,61,58,0.9508196721311475,2.310344827586207
SITE0214,10,37,14,0.3783783783783784,64,59,0.921875,2.457627118644068
SITE0214,11,30,13,0.43333333333333335,48,46,0.9583333333333334,2.108695652173913
SITE0214,12,18,12,0.6666666666666666,41,38,0.926829268292683,1.9473684210526316
SITE0215,1,3,0,0.0,4,3,0.75,3.6666666666666665
SITE0215,2,16,1,0.0625,25,22,0.88,2.4545454545454546
SITE0215,3,19,1,0.05263157894736842,34,31,0.9117647058823529,2.6129032258064515
SITE0215,4,27,2,0.07407407407407407,42,38,0.9047619047619048,1.605263157894737
SITE0215,5,29,2,0.06896551724137931,43,36,0.8372093023255814,1.9444444444444444
SITE0215,6,26,0,0.0,43,43,1.0,1.9069767441860466
SITE0215,7,29,0,0.0,49,46,0.9387755102040817,1.5
SITE0215,8,29,1,0.034482758620689655,44,40,0.9090909090909091,2.05
SITE0215,9,31,2,0.06451612903225806,49,46,0.9387755102040817,2.239130434782609
SITE0215,10,30,6,0.2,50,48,0.96,2.5208333333333335
SITE0215,11,31,6,0.1935483870967742,51,51,1.0,2.450980392156863
SITE0215,12,22,3,0.13636363636363635,64,59,0.921875,1.8983050847457628
SITE0216,1,10,0,0.0,14,13,0.9285714285714286,2.076923076923077
SITE0216,2,18,2,0.1111111111111111,30,30,1.0,1.0666666666666667
SITE0216,3,26,2,0.07692307692307693,45,42,0.9333333333333333,2.642857142857143
SITE0216,4,33,1,0.030303030303030304,50,49,0.98,1.8571428571428572
SITE0216,5,25,1,0.04,36,32,0.8888888888888888,2.09375
SITE0216,6,27,1,0.037037037037037035,37,37,1.0,2.324324324324324
SITE0216,7,29,4,0.13793103448275862,43,42,0.9767441860465116,2.0714285714285716
SITE0216,8,28,6,0.21428571428571427,48,46,0.9583333333333334,1.565217391304348
SITE0216,9,34,5,0.14705882352941177,50,47,0.94,2.127659574468085
SITE0216,10,37,7,0.1891891891891892,58,54,0.9310344827586207,2.185185185185185
SITE0216,11,33,4,0.12121212121212122,58,51,0.8793103448275862,2.3137254901960786
SITE0216,12,28,3,0.10714285714285714,77,71,0.922077922077922,1.9014084507042253
SITE0217,1,5,0,0.0,7,7,1.0,1.5714285714285714
SITE0217,2,13,2,0.15384615384615385,22,20,0.9090909090909091,2.8
SITE0217,3,20,5,0.25,37,33,0.8918918918918919,1.696969696969697
SITE0217,4,33,7,0.21212121212121213,50,46,0.92,2.239130434782609
SITE0217,5,35,9,0.2571428571428571,57,53,0.9298245614035088,2.490566037735849
SITE0217,6,34,7,0.20588235294117646,57,54,0.9473684210526315,1.8888888888888888
SITE0217,7,32,6,0.1875,47,44,0.9361702127659575,2.0
SITE0217,8,32,7,0.21875,49,47,0.9591836734693877,2.0
SITE0217,9,30,4,0.13333333333333333,49,44,0.8979591836734694,2.5681818181818183
SITE0217,10,34,5,0.14705882352941177,58,50,0.8620689655172413,2.14
SITE0217,11,27,2,0.07407407407407407,45,43,0.9555555555555556,2.0697674418604652
SITE0217,12,17,6,0.35294117647058826,38,35,0.9210526315789473,1.4285714285714286
SITE0218,1,9,2,0.2222222222222222,11,10,0.9090909090909091,1.7
SITE0218,2,18,5,0.2777777777777778,29,24,0.8275862068965517,2.0416666666666665
SITE0218,3,29,6,0.20689655172413793,49,46,0.9387755102040817,2.5217391304347827
SITE0218,4,43,3,0.06976744186046512,75,66,0.88,2.4696969696969697
SITE0218,5,51,6,0.11764705882352941,83,79,0.9518072289156626,1.9113924050632911
SITE0218,6,57,4,0.07017543859649122,89,86,0.9662921348314607,2.2790697674418605
SITE0218,7,52,7,0.1346153846153846,85,78,0.9176470588235294,2.141025641025641
SITE0218,8,51,9,0.17647058823529413,76,68,0.8947368421052632,2.073529411764706
SITE0218,9,50,5,0.1,77,71,0.922077922077922,1.619718309859155
SITE0218,10,52,6,0.11538461538461539,87,85,0.9770114942528736,2.2823529411764705
SITE0218,11,54,6,0.1111111111111111,87,78,0.896551724137931,1.6666666666666667
SITE0218,12,36,13,0.3611111111111111,98,91,0.9285714285714286,2.230769230769231
SITE0219,1,9,3,0.3333333333333333,14,12,0.8571428571428571,2.25
SITE0219,2,19,3,0.15789473684210525,30,30,1.0,2.3
SITE0219,3,38,6,0.15789473684210525,65,61,0.9384615384615385,1.819672131147541
SITE0219,4,49,5,0.10204081632653061,75,66,0.88,1.803030303030303
SITE0219,5,54,6,0.1111111111111111,90,78,0.8666666666666667,2.076923076923077
SITE0219,6,51,5,0.09803921568627451,78,73,0.9358974358974359,2.1506849315068495
SITE0219,7,42,6,0.14285714285714285,68,66,0.9705882352941176,2.272727272727273
SITE0219,8,37,5,0.13513513513513514,60,56,0.9333333333333333,2.0357142857142856
SITE0219,9,39,8,0.20512820512820512,58,54,0.9310344827586207,2.0185185185185186
SITE0219,10,47,15,0.3191489361702128,76,70,0.9210526315789473,2.4285714285714284
SITE0219,11,44,15,0.3409090909090909,70,67,0.9571428571428572,2.0597014925373136
SITE0219,12,31,13,0.41935483870967744,84,74,0.8809523809523809,1.5
SITE0220,1,8,0,0.0,12,11,0.9166666666666666,1.9090909090909092
SITE0220,2,22,2,0.09090909090909091,35,34,0.9714285714285714,1.8235294117647058
SITE0220,3,30,2,0.06666666666666667,49,46,0.9387755102040817,1.3695652173913044
SITE0220,4,40,1,0.025,67,63,0.9402985074626866,2.111111111111111
SITE0220,5,34,3,0.08823529411764706,52,48,0.9230769230769231,2.2083333333333335
SITE0220,6,35,4,0.11428571428571428,58,52,0.896551724137931,1.5384615384615385
SITE0220,7,28,6,0.21428571428571427,43,41,0.9534883720930233,1.2439024390243902
SITE0220,8,26,7,0.2692307692307692,43,39,0.9069767441860465,2.5641025641025643
SITE0220,9,34,8,0.23529411764705882,50,45,0.9,1.511111111111111
SITE0220,10,30,9,0.3,49,45,0.9183673469387755,1.5777777777777777
SITE0220,11,28,7,0.25,46,42,0.9130434782608695,1.9523809523809523
SITE0220,12,22,5,0.22727272727272727,54,47,0.8703703703703703,2.234042553191489
SITE0221,1,17,6,0.35294117647058826,27,25,0.9259259259259259,1.28
SITE0221,2,32,10,0.3125,51,50,0.9803921568627451,2.46
SITE0221,3,39,10,0.2564102564102564,63,57,0.9047619047619048,1.7017543859649122
SITE0221,4,48,7,0.14583333333333334,77,72,0.935064935064935,1.9027777777777777
SITE0221,5,44,2,0.045454545454545456,67,63,0.9402985074626866,1.7142857142857142
SITE0221,6,42,2,0.047619047619047616,68,64,0.9411764705882353,1.65625
SITE0221,7,49,3,0.061224489795918366,73,65,0.8904109589041096,1.876923076923077
SITE0221,8,50,5,0.1,84,78,0.9285714285714286,2.0128205128205128
SITE0221,9,51,7,0.13725490196078433,82,76,0.926829268292683,1.736842105263158
SITE0221,10,56,7,0.125,92,84,0.9130434782608695,2.0595238095238093
SITE0221,11,47,5,0.10638297872340426,80,74,0.925,2.581081081081081
SITE0221,12,33,8,0.24242424242424243,88,76,0.8636363636363636,1.9342105263157894
SITE0222,1,12,4,0.3333333333333333,15,15,1.0,1.4
SITE0222,2,20,7,0.35,36,31,0.8611111111111112,2.064516129032258
SITE0222,3,36,10,0.2777777777777778,59,57,0.9661016949152542,1.736842105263158
SITE0222,4,43,8,0.18604651162790697,69,65,0.9420289855072463,2.169230769230769
SITE0222,5,44,11,0.25,72,67,0.9305555555555556,2.3134328358208953
SITE0222,6,51,17,0.3333333333333333,82,74,0.9024390243902439,2.554054054054054
SITE0222,7,52,20,0.38461538461538464,82,75,0.9146341463414634,2.04
SITE0222,8,56,18,0.32142857142857145,89,83,0.9325842696629213,2.072289156626506
SITE0222,9,49,15,0.30612244897959184,79,77,0.9746835443037974,2.168831168831169
SITE0222,10,50,8,0.16,82,78,0.9512195121951219,2.3846153846153846
SITE0222,11,42,14,0.3333333333333333,73,67,0.9178082191780822,1.626865671641791
SITE0222,12,29,18,0.6206896551724138,84,76,0.9047619047619048,2.1973684210526314
SITE0223,1,14,1,0.07142857142857142,17,17,1.0,1.7647058823529411
SITE0223,2,26,5,0.19230769230769232,43,39,0.9069767441860465,1.794871794871795
SITE0223,3,36,8,0.2222222222222222,56,49,0.875,1.6326530612244898
SITE0223,4,45,10,0.2222222222222222,74,70,0.9459459459459459,2.4714285714285715
SITE0223,5,45,8,0.17777777777777778,69,63,0.9130434782608695,2.0
SITE0223,6,45,5,0.1111111111111111,73,68,0.9315068493150684,2.0294117647058822
SITE0223,7,54,5,0.09259259259259259,88,82,0.9318181818181818,1.8048780487804879
SITE0223,8,56,7,0.125,92,85,0.9239130434782609,2.2470588235294118
SITE0223,9,50,5,0.1,80,76,0.95,2.1842105263157894
SITE0223,10,49,5,0.10204081632653061,76,70,0.9210526315789473,2.0285714285714285
SITE0223,11,45,3,0.06666666666666667,73,68,0.9315068493150684,2.1029411764705883
SITE0223,12,34,10,0.29411764705882354,111,104,0.9369369369369369,2.1346153846153846
SITE0224,1,15,1,0.06666666666666667,23,21,0.9130434782608695,1.5714285714285714
SITE0224,2,25,3,0.12,41,38,0.926829268292683,2.236842105263158
SITE0224,3,36,5,0.1388888888888889,57,51,0.8947368421052632,2.5098039215686274
SITE0224,4,48,4,0.08333333333333333,73,67,0.9178082191780822,2.208955223880597
SITE0224,5,46,7,0.15217391304347827,71,66,0.9295774647887324,2.106060606060606
SITE0224,6,51,7,0.13725490196078433,82,80,0.975609756097561,2.475
SITE0224,7,51,9,0.17647058823529413,81,76,0.9382716049382716,1.986842105263158
SITE0224,8,49,7,0.14285714285714285,83,73,0.8795180722891566,1.8082191780821917
SITE0224,9,49,6,0.12244897959183673,69,58,0.8405797101449275,1.9137931034482758
SITE0224,10,51,10,0.19607843137254902,88,84,0.9545454545454546,1.9642857142857142
SITE0224,11,51,10,0.19607843137254902,78,70,0.8974358974358975,2.0714285714285716
SITE0224,12,36,15,0.4166666666666667,94,90,0.9574468085106383,1.9777777777777779
SITE0225,1,9,0,0.0,14,12,0.8571428571428571,1.3333333333333333
SITE0225,2,18,1,0.05555555555555555,26,24,0.9230769230769231,1.4583333333333333
SITE0225,3,28,4,0.14285714285714285,49,43,0.8775510204081632,2.372093023255814
SITE0225,4,37,4,0.10810810810810811,64,60,0.9375,2.65
SITE0225,5,43,5,0.11627906976744186,70,64,0.9142857142857143,2.125
SITE0225,6,49,3,0.061224489795918366,75,71,0.9466666666666667,1.7605633802816902
SITE0225,7,46,7,0.15217391304347827,76,71,0.9342105263157895,2.3661971830985915
SITE0225,8,47,7,0.14893617021276595,76,68,0.8947368421052632,2.1029411764705883
SITE0225,9,44,13,0.29545454545454547,72,67,0.9305555555555556,1.671641791044776
SITE0225,10,37,11,0.2972972972972973,58,54,0.9310344827586207,2.3518518518518516
SITE0225,11,35,11,0.3142857142857143,53,49,0.9245283018867925,2.0408163265306123
SITE0225,12,21,6,0.2857142857142857,57,55,0.9649122807017544,2.6545454545454548
SITE0226,1,13,0,0.0,20,20,1.0,1.5
SITE0226,2,25,0,0.0,40,36,0.9,1.7777777777777777
SITE0226,3,33,3,0.09090909090909091,57,52,0.9122807017543859,2.1153846153846154
SITE0226,4,41,4,0.0975609756097561,68,65,0.9558823529411765,2.3384615384615386
SITE0226,5,43,3,0.06976744186046512,64,59,0.921875,2.288135593220339
SITE0226,6,34,3,0.08823529411764706,59,56,0.9491525423728814,2.4464285714285716
SITE0226,7,33,2,0.06060606060606061,46,44,0.9565217391304348,1.6590909090909092
SITE0226,8,33,4,0.12121212121212122,54,50,0.9259259259259259,2.14
SITE0226,9,36,4,0.1111111111111111,54,50,0.9259259259259259,2.1
SITE0226,10,43,4,0.09302325581395349,74,65,0.8783783783783784,1.9692307692307693
SITE0226,11,38,4,0.10526315789473684,63,58,0.9206349206349206,2.1724137931034484
SITE0226,12,24,5,0.20833333333333334,61,56,0.9180327868852459,1.8392857142857142
SITE0227,1,12,3,0.25,18,17,0.9444444444444444,1.588235294117647
SITE0227,2,32,10,0.3125,51,49,0.9607843137254902,1.836734693877551
SITE0227,3,43,11,0.2558139534883721,72,63,0.875,1.8888888888888888
SITE0227,4,56,9,0.16071428571428573,92,82,0.8913043478260869,2.1951219512195124
SITE0227,5,49,3,0.061224489795918366,75,65,0.8666666666666667,2.6615384615384614
SITE0227,6,49,0,0.0,77,69,0.8961038961038961,2.1884057971014492
SITE0227,7,53,0,0.0,80,71,0.8875,1.6619718309859155
SITE0227,8,51,5,0.09803921568627451,86,70,0.813953488372093,2.1857142857142855
SITE0227,9,53,5,0.09433962264150944,84,76,0.9047619047619048,2.3947368421052633
SITE0227,10,50,6,0.12,83,72,0.8674698795180723,1.8472222222222223
SITE0227,11,48,5,0.10416666666666667,74,73,0.9864864864864865,2.6027397260273974
SITE0227,12,34,9,0.2647058823529412,96,90,0.9375,2.6222222222222222
SITE0228,1,12,3,0.25,16,16,1.0,2.1875
SITE0228,2,22,3,0.13636363636363635,36,33,0.9166666666666666,1.4242424242424243
SITE0228,3,37,5,0.13513513513513514,58,51,0.8793103448275862,2.196078431372549
SITE0228,4,49,7,0.14285714285714285,77,70,0.9090909090909091,1.5
SITE0228,5,55,6,0.10909090909090909,88,82,0.9318181818181818,1.7560975609756098
SITE0228,6,51,6,0.11764705882352941,80,68,0.85,1.8970588235294117
SITE0228,7,50,10,0.2,80,71,0.8875,1.9577464788732395
SITE0228,8,50,15,0.3,78,67,0.8589743589743589,2.08955223880597
SITE0228,9,51,11,0.21568627450980393,75,67,0.8933333333333333,2.4776119402985075
SITE0228,10,56,13,0.23214285714285715,90,78,0.8666666666666667,2.1153846153846154
SITE0228,11,54,6,0.1111111111111111,93,86,0.9247311827956989,2.2209302325581395
SITE0228,12,43,5,0.11627906976744186,117,109,0.9316239316239316,1.9908256880733946
SITE0229,1,10,3,0.3,15,14,0.9333333333333333,1.0714285714285714
SITE0229,2,17,3,0.17647058823529413,28,28,1.0,2.1785714285714284
SITE0229,3,33,3,0.09090909090909091,51,44,0.8627450980392157,2.159090909090909
SITE0229,4,47,3,0.06382978723404255,76,71,0.9342105263157895,2.23943661971831
SITE0229,5,48,2,0.041666666666666664,79,71,0.8987341772151899,1.8591549295774648
SITE0229,6,50,4,0.08,78,70,0.8974358974358975,2.1285714285714286
SITE0229,7,49,6,0.12244897959183673,80,75,0.9375,2.3466666666666667
SITE0229,8,43,7,0.16279069767441862,70,63,0.9,2.619047619047619
SITE0229,9,41,6,0.14634146341463414,64,58,0.90625,1.9827586206896552
SITE0229,10,44,7,0.1590909090909091,66,60,0.9090909090909091,2.3
SITE0229,11,53,12,0.22641509433962265,84,77,0.9166666666666666,2.3636363636363638
SITE0229,12,42,22,0.5238095238095238,137,121,0.8832116788321168,2.347107438016529
SITE0230,1,12,2,0.16666666666666666,18,17,0.9444444444444444,1.8823529411764706
SITE0230,2,21,3,0.14285714285714285,30,26,0.8666666666666667,2.269230769230769
SITE0230,3,32,3,0.09375,49,45,0.9183673469387755,2.2666666666666666
SITE0230,4,42,7,0.16666666666666666,66,63,0.9545454545454546,2.380952380952381
SITE0230,5,46,12,0.2608695652173913,81,72,0.8888888888888888,2.0277777777777777
SITE0230,6,48,15,0.3125,75,70,0.9333333333333333,2.0
SITE0230,7,54,12,0.2222222222222222,87,79,0.9080459770114943,2.1392405063291138
SITE0230,8,65,16,0.24615384615384617,102,91,0.8921568627450981,2.065934065934066
SITE0230,9,65,14,0.2153846153846154,104,95,0.9134615384615384,2.231578947368421
SITE0230,10,62,15,0.24193548387096775,100,94,0.94,2.127659574468085
SITE0230,11,50,6,0.12,75,72,0.96,2.013888888888889
SITE0230,12,30,3,0.1,77,71,0.922077922077922,1.6901408450704225
SITE0231,1,14,1,0.07142857142857142,22,21,0.9545454545454546,1.6666666666666667
SITE0231,2,25,1,0.04,39,32,0.8205128205128205,1.90625
SITE0231,3,35,3,0.08571428571428572,61,58,0.9508196721311475,2.2758620689655173
SITE0231,4,46,6,0.13043478260869565,72,68,0.9444444444444444,2.161764705882353
SITE0231,5,41,3,0.07317073170731707,61,60,0.9836065573770492,2.466666666666667
SITE0231,6,39,3,0.07692307692307693,69,62,0.8985507246376812,1.6451612903225807
SITE0231,7,38,2,0.05263157894736842,62,59,0.9516129032258065,2.1864406779661016
SITE0231,8,39,4,0.10256410256410256,64,57,0.890625,2.0701754385964914
SITE0231,9,46,5,0.10869565217391304,73,68,0.9315068493150684,1.8529411764705883
SITE0231,10,45,8,0.17777777777777778,79,69,0.8734177215189873,1.9855072463768115
SITE0231,11,41,8,0.1951219512195122,66,64,0.9696969696969697,2.09375
SITE0231,12,30,10,0.3333333333333333,76,69,0.9078947368421053,2.0
SITE0232,1,14,3,0.21428571428571427,19,17,0.8947368421052632,1.8235294117647058
SITE0232,2,25,5,0.2,44,38,0.8636363636363636,3.0789473684210527
SITE0232,3,32,7,0.21875,55,50,0.9090909090909091,1.56
SITE0232,4,42,8,0.19047619047619047,68,65,0.9558823529411765,1.5538461538461539
SITE0232,5,38,4,0.10526315789473684,56,52,0.9285714285714286,2.1538461538461537
SITE0232,6,42,7,0.16666666666666666,72,68,0.9444444444444444,2.5441176470588234
SITE0232,7,51,6,0.11764705882352941,84,76,0.9047619047619048,2.013157894736842
SITE0232,8,49,4,0.08163265306122448,83,74,0.891566265060241,2.4864864864864864
SITE0232,9,45,7,0.15555555555555556,71,68,0.9577464788732394,2.3823529411764706
SITE0232,10,47,5,0.10638297872340426,72,63,0.875,1.380952380952381
SITE0232,11,45,5,0.1111111111111111,72,63,0.875,2.746031746031746
SITE0232,12,35,5,0.14285714285714285,102,91,0.8921568627450981,2.230769230769231
SITE0233,1,7,0,0.0,11,10,0.9090909090909091,2.3
SITE0233,2,17,1,0.058823529411764705,21,21,1.0,1.8095238095238095
SITE0233,3,28,2,0.07142857142857142,48,46,0.9583333333333334,2.282608695652174
SITE0233,4,45,4,0.08888888888888889,69,64,0.927536231884058,1.8125
SITE0233,5,48,4,0.08333333333333333,81,75,0.9259259259259259,2.04
SITE0233,6,43,10,0.23255813953488372,67,62,0.9253731343283582,1.9838709677419355
SITE0233,7,45,13,0.28888888888888886,65,57,0.8769230769230769,2.719298245614035
SITE0233,8,36,14,0.3888888888888889,58,48,0.8275862068965517,2.7916666666666665
SITE0233,9,40,14,0.35,64,58,0.90625,1.9310344827586208
SITE0233,10,39,5,0.1282051282051282,62,52,0.8387096774193549,2.230769230769231
SITE0233,11,40,6,0.15,69,64,0.927536231884058,1.65625
SITE0233,12,29,5,0.1724137931034483,87,84,0.9655172413793104,2.107142857142857
SITE0234,1,5,0,0.0,6,5,0.8333333333333334,1.4
SITE0234,2,20,2,0.1,32,30,0.9375,2.7333333333333334
SITE0234,3,28,3,0.10714285714285714,50,48,0.96,2.0208333333333335
SITE0234,4,34,5,0.14705882352941177,49,48,0.9795918367346939,2.1875
SITE0234,5,33,5,0.15151515151515152,51,48,0.9411764705882353,2.1666666666666665
SITE0234,6,29,8,0.27586206896551724,44,40,0.9090909090909091,2.6
SITE0234,7,34,7,0.20588235294117646,52,46,0.8846153846153846,1.7608695652173914
SITE0234,8,36,8,0.2222222222222222,59,55,0.9322033898305084,2.4363636363636365
SITE0234,9,34,6,0.17647058823529413,53,49,0.9245283018867925,2.5510204081632653
SITE0234,10,33,3,0.09090909090909091,52,47,0.9038461538461539,2.0
SITE0234,11,30,2,0.06666666666666667,53,51,0.9622641509433962,1.7647058823529411
SITE0234,12,22,5,0.22727272727272727,69,63,0.9130434782608695,2.126984126984127
SITE0235,1,17,3,0.17647058823529413,27,23,0.8518518518518519,1.9565217391304348
SITE0235,2,35,6,0.17142857142857143,60,57,0.95,2.2280701754385963
SITE0235,3,45,8,0.17777777777777778,72,65,0.9027777777777778,1.8461538461538463
SITE0235,4,52,10,0.19230769230769232,87,82,0.9425287356321839,1.9024390243902438
SITE0235,5,51,6,0.11764705882352941,73,68,0.9315068493150684,2.411764705882353
SITE0235,6,47,4,0.0851063829787234,78,71,0.9102564102564102,1.9154929577464788
SITE0235,7,46,4,0.08695652173913043,72,64,0.8888888888888888,1.8125
SITE0235,8,49,5,0.10204081632653061,76,68,0.8947368421052632,2.2205882352941178
SITE0235,9,49,8,0.16326530612244897,76,70,0.9210526315789473,2.2
SITE0235,10,52,9,0.17307692307692307,83,80,0.963855421686747,2.275
SITE0235,11,45,9,0.2,77,67,0.8701298701298701,1.7462686567164178
SITE0235,12,33,6,0.18181818181818182,89,79,0.8876404494382022,1.9620253164556962
SITE0236,1,14,3,0.21428571428571427,21,18,0.8571428571428571,2.7222222222222223
SITE0236,2,26,6,0.23076923076923078,40,38,0.95,2.236842105263158
SITE0236,3,37,8,0.21621621621621623,62,57,0.9193548387096774,2.0
SITE0236,4,57,12,0.21052631578947367,86,79,0.9186046511627907,2.3037974683544302
SITE0236,5,53,12,0.22641509433962265,86,78,0.9069767441860465,2.1025641025641026
SITE0236,6,59,15,0.2542372881355932,96,84,0.875,2.488095238095238
SITE0236,7,55,12,0.21818181818181817,87,80,0.9195402298850575,2.0375
SITE0236,8,48,8,0.16666666666666666,75,69,0.92,1.826086956521739
SITE0236,9,47,4,0.0851063829787234,73,69,0.9452054794520548,1.7826086956521738
SITE0236,10,51,3,0.058823529411764705,73,66,0.9041095890410958,1.7727272727272727
SITE0236,11,53,1,0.018867924528301886,84,77,0.9166666666666666,2.4415584415584415
SITE0236,12,39,0,0.0,111,99,0.8918918918918919,1.8888888888888888
SITE0237,1,14,2,0.14285714285714285,19,19,1.0,2.3157894736842106
SITE0237,2,26,3,0.11538461538461539,43,41,0.9534883720930233,2.073170731707317
SITE0237,3,32,4,0.125,54,48,0.8888888888888888,2.4791666666666665
SITE0237,4,40,5,0.125,60,51,0.85,2.784313725490196
SITE0237,5,43,6,0.13953488372093023,66,60,0.9090909090909091,2.183333333333333
SITE0237,6,33,6,0.18181818181818182,55,49,0.8909090909090909,2.0408163265306123
SITE0237,7,36,8,0.2222222222222222,57,51,0.8947368421052632,2.7058823529411766
SITE0237,8,32,7,0.21875,50,50,1.0,2.34
SITE0237,9,29,3,0.10344827586206896,43,39,0.9069767441860465,1.8205128205128205
SITE0237,10,36,5,0.1388888888888889,59,53,0.8983050847457628,2.358490566037736
SITE0237,11,38,2,0.05263157894736842,64,60,0.9375,2.4833333333333334
SITE0237,12,30,3,0.1,78,73,0.9358974358974359,1.917808219178082
SITE0238,1,12,2,0.16666666666666666,15,15,1.0,1.8666666666666667
SITE0238,2,20,1,0.05,32,26,0.8125,1.3846153846153846
SITE0238,3,27,2,0.07407407407407407,44,43,0.9772727272727273,2.5813953488372094
SITE0238,4,37,1,0.02702702702702703,62,56,0.9032258064516129,2.1607142857142856
SITE0238,5,31,1,0.03225806451612903,49,47,0.9591836734693877,1.5106382978723405
SITE0238,6,25,2,0.08,41,39,0.9512195121951219,2.58974358974359
SITE0238,7,27,1,0.037037037037037035,42,39,0.9285714285714286,2.0
SITE0238,8,27,6,0.2222222222222222,40,36,0.9,2.4166666666666665
SITE0238,9,31,5,0.16129032258064516,51,47,0.9215686274509803,1.8936170212765957
SITE0238,10,31,9,0.2903225806451613,53,48,0.9056603773584906,2.2083333333333335
SITE0238,11,33,12,0.36363636363636365,57,53,0.9298245614035088,1.9622641509433962
SITE0238,12,20,12,0.6,60,55,0.9166666666666666,1.8727272727272728
SITE0239,1,9,1,0.1111111111111111,11,11,1.0,2.090909090909091
SITE0239,2,17,1,0.058823529411764705,32,32,1.0,1.9375
SITE0239,3,23,3,0.13043478260869565,40,40,1.0,1.675
SITE0239,4,30,6,0.2,48,45,0.9375,1.7333333333333334
SITE0239,5,25,6,0.24,39,37,0.9487179487179487,2.6216216216216215
SITE0239,6,29,5,0.1724137931034483,45,38,0.8444444444444444,1.9210526315789473
SITE0239,7,28,7,0.25,47,43,0.9148936170212766,1.8604651162790697
SITE0239,8,36,6,0.16666666666666666,53,50,0.9433962264150944,2.32
SITE0239,9,37,5,0.13513513513513514,59,56,0.9491525423728814,2.5357142857142856
SITE0239,10,31,5,0.16129032258064516,52,50,0.9615384615384616,2.42
SITE0239,11,29,3,0.10344827586206896,45,38,0.8444444444444444,2.263157894736842
SITE0239,12,14,0,0.0,27,24,0.8888888888888888,2.25
SITE0240,1,6,0,0.0,10,8,0.8,2.375
SITE0240,2,10,0,0.0,17,15,0.8823529411764706,2.2666666666666666
SITE0240,3,18,0,0.0,30,29,0.9666666666666667,1.793103448275862
SITE0240,4,23,0,0.0,36,33,0.9166666666666666,1.6363636363636365
SITE0240,5,29,0,0.0,46,41,0.8913043478260869,2.2195121951219514
SITE0240,6,28,1,0.03571428571428571,45,41,0.9111111111111111,2.097560975609756
SITE0240,7,30,3,0.1,48,44,0.9166666666666666,2.522727272727273
SITE0240,8,33,5,0.15151515151515152,54,48,0.8888888888888888,1.9166666666666667
SITE0240,9,30,6,0.2,50,44,0.88,1.8863636363636365
SITE0240,10,34,5,0.14705882352941177,51,49,0.9607843137254902,2.0
SITE0240,11,27,6,0.2222222222222222,45,40,0.8888888888888888,2.175
SITE0240,12,18,4,0.2222222222222222,54,48,0.8888888888888888,2.0416666666666665
SITE0241,1,10,1,0.1,14,13,0.9285714285714286,1.7692307692307692
SITE0241,2,20,3,0.15,32,32,1.0,2.1875
SITE0241,3,30,2,0.06666666666666667,48,43,0.8958333333333334,1.7209302325581395
SITE0241,4,46,4,0.08695652173913043,70,67,0.9571428571428572,2.1492537313432836
SITE0241,5,43,6,0.13953488372093023,74,65,0.8783783783783784,1.6307692307692307
SITE0241,6,45,7,0.15555555555555556,72,67,0.9305555555555556,2.1194029850746268
SITE0241,7,39,7,0.1794871794871795,60,53,0.8833333333333333,2.6037735849056602
SITE0241,8,34,6,0.17647058823529413,50,48,0.96,2.4375
SITE0241,9,32,4,0.125,49,48,0.9795918367346939,2.6458333333333335
SITE0241,10,34,3,0.08823529411764706,59,57,0.9661016949152542,1.7719298245614035
SITE0241,11,34,5,0.14705882352941177,55,49,0.8909090909090909,2.2653061224489797
SITE0241,12,26,6,0.23076923076923078,71,64,0.9014084507042254,2.5
SITE0242,1,11,6,0.5454545454545454,16,15,0.9375,0.8666666666666667
SITE0242,2,19,7,0.3684210526315789,31,29,0.9354838709677419,1.8275862068965518
SITE0242,3,29,11,0.3793103448275862,51,45,0.8823529411764706,2.2222222222222223
SITE0242,4,37,8,0.21621621621621623,56,54,0.9642857142857143,1.9444444444444444
SITE0242,5,30,6,0.2,49,46,0.9387755102040817,1.5
SITE0242,6,34,2,0.058823529411764705,51,46,0.9019607843137255,1.7391304347826086
SITE0242,7,38,3,0.07894736842105263,51,49,0.9607843137254902,1.7142857142857142
SITE0242,8,36,4,0.1111111111111111,59,50,0.847457627118644,2.0
SITE0242,9,40,6,0.15,63,58,0.9206349206349206,2.086206896551724
SITE0242,10,34,7,0.20588235294117646,53,47,0.8867924528301887,2.0851063829787235
SITE0242,11,37,8,0.21621621621621623,60,56,0.9333333333333333,2.1607142857142856
SITE0242,12,31,16,0.5161290322580645,96,92,0.9583333333333334,2.119565217391304
SITE0243,1,14,2,0.14285714285714285,17,15,0.8823529411764706,2.6
SITE0243,2,25,4,0.16,41,35,0.8536585365853658,2.6
SITE0243,3,31,5,0.16129032258064516,51,48,0.9411764705882353,1.6666666666666667
SITE0243,4,44,6,0.13636363636363635,68,60,0.8823529411764706,2.4166666666666665
SITE0243,5,37,8,0.21621621621621623,59,56,0.9491525423728814,2.0
SITE0243,6,42,9,0.21428571428571427,67,60,0.8955223880597015,2.45
SITE0243,7,40,7,0.175,65,60,0.9230769230769231,2.2
SITE0243,8,36,4,0.1111111111111111,57,53,0.9298245614035088,1.6603773584905661
SITE0243,9,49,4,0.08163265306122448,77,73,0.948051948051948,2.3835616438356166
SITE0243,10,43,7,0.16279069767441862,72,68,0.9444444444444444,2.5
SITE0243,11,44,5,0.11363636363636363,75,65,0.8666666666666667,2.292307692307692
SITE0243,12,30,5,0.16666666666666666,77,72,0.935064935064935,1.9861111111111112
SITE0244,1,9,1,0.1111111111111111,13,12,0.9230769230769231,0.5833333333333334
SITE0244,2,18,4,0.2222222222222222,26,26,1.0,2.076923076923077
SITE0244,3,27,3,0.1111111111111111,44,41,0.9318181818181818,2.3658536585365852
SITE0244,4,34,4,0.11764705882352941,56,53,0.9464285714285714,2.0754716981132075
SITE0244,5,37,6,0.16216216216216217,62,55,0.8870967741935484,2.1272727272727274
SITE0244,6,38,4,0.10526315789473684,56,52,0.9285714285714286,2.269230769230769
SITE0244,7,36,9,0.25,57,52,0.9122807017543859,2.4423076923076925
SITE0244,8,42,9,0.21428571428571427,65,61,0.9384615384615385,2.442622950819672
SITE0244,9,44,7,0.1590909090909091,73,67,0.9178082191780822,2.298507462686567
SITE0244,10,37,5,0.13513513513513514,60,51,0.85,2.1372549019607843
SITE0244,11,30,2,0.06666666666666667,43,39,0.9069767441860465,2.1025641025641026
SITE0244,12,16,0,0.0,33,28,0.8484848484848485,2.2857142857142856
SITE0245,1,7,4,0.5714285714285714,11,7,0.6363636363636364,2.2857142857142856
SITE0245,2,18,5,0.2777777777777778,26,24,0.9230769230769231,1.1666666666666667
SITE0245,3,26,10,0.38461538461538464,38,37,0.9736842105263158,2.1621621621621623
SITE0245,4,34,7,0.20588235294117646,58,54,0.9310344827586207,2.0185185185185186
SITE0245,5,36,9,0.25,64,53,0.828125,2.018867924528302
SITE0245,6,31,4,0.12903225806451613,48,44,0.9166666666666666,1.7272727272727273
SITE0245,7,33,4,0.12121212121212122,52,49,0.9423076923076923,1.530612244897959
SITE0245,8,28,3,0.10714285714285714,40,34,0.85,1.8529411764705883
SITE0245,9,28,3,0.10714285714285714,45,42,0.9333333333333333,2.6904761904761907
SITE0245,10,35,3,0.08571428571428572,55,53,0.9636363636363636,2.2641509433962264
SITE0245,11,32,7,0.21875,53,47,0.8867924528301887,1.8936170212765957
SITE0245,12,25,13,0.52,74,68,0.918918918918919,2.338235294117647
SITE0246,1,10,1,0.1,14,14,1.0,2.2142857142857144
SITE0246,2,27,5,0.18518518518518517,43,39,0.9069767441860465,2.051282051282051
SITE0246,3,38,11,0.2894736842105263,61,56,0.9180327868852459,2.107142857142857
SITE0246,4,59,12,0.2033898305084746,97,82,0.845360824742268,2.3536585365853657
SITE0246,5,49,9,0.1836734693877551,74,67,0.9054054054054054,2.462686567164179
SITE0246,6,46,4,0.08695652173913043,73,62,0.8493150684931506,2.596774193548387
SITE0246,7,46,3,0.06521739130434782,63,61,0.9682539682539683,2.0655737704918034
SITE0246,8,41,5,0.12195121951219512,70,63,0.9,2.0476190476190474
SITE0246,9,40,5,0.125,60,51,0.85,2.4901960784313726
SITE0246,10,47,5,0.10638297872340426,75,71,0.9466666666666667,2.183098591549296
SITE0246,11,46,8,0.17391304347826086,79,75,0.9493670886075949,1.8533333333333333
SITE0246,12,32,10,0.3125,95,89,0.9368421052631579,2.168539325842697
SITE0247,1,7,0,0.0,10,10,1.0,2.3
SITE0247,2,13,0,0.0,22,20,0.9090909090909091,1.95
SITE0247,3,22,5,0.22727272727272727,34,34,1.0,1.911764705882353
SITE0247,4,33,9,0.2727272727272727,54,53,0.9814814814814815,2.0
SITE0247,5,34,9,0.2647058823529412,56,50,0.8928571428571429,2.66
SITE0247,6,39,7,0.1794871794871795,62,59,0.9516129032258065,2.016949152542373
SITE0247,7,35,3,0.08571428571428572,58,55,0.9482758620689655,1.7272727272727273
SITE0247,8,33,6,0.18181818181818182,48,45,0.9375,1.711111111111111
SITE0247,9,30,8,0.26666666666666666,47,43,0.9148936170212766,2.0
SITE0247,10,27,7,0.25925925925925924,44,44,1.0,2.090909090909091
SITE0247,11,26,5,0.19230769230769232,40,38,0.95,2.0789473684210527
SITE0247,12,20,1,0.05,59,51,0.864406779661017,2.3137254901960786
SITE0248,1,4,3,0.75,6,6,1.0,1.3333333333333333
SITE0248,2,18,5,0.2777777777777778,27,26,0.9629629629629629,1.3461538461538463
SITE0248,3,25,7,0.28,42,38,0.9047619047619048,2.263157894736842
SITE0248,4,29,7,0.2413793103448276,52,46,0.8846153846153846,1.8478260869565217
SITE0248,5,29,3,0.10344827586206896,42,38,0.9047619047619048,2.1315789473684212
SITE0248,6,27,2,0.07407407407407407,37,34,0.918918918918919,1.7352941176470589
SITE0248,7,30,1,0.03333333333333333,52,49,0.9423076923076923,1.9591836734693877
SITE0248,8,35,2,0.05714285714285714,55,50,0.9090909090909091,1.88
SITE0248,9,32,1,0.03125,48,47,0.9791666666666666,2.0425531914893615
SITE0248,10,30,2,0.06666666666666667,49,44,0.8979591836734694,1.9318181818181819
SITE0248,11,30,1,0.03333333333333333,47,39,0.8297872340425532,2.076923076923077
SITE0248,12,23,2,0.08695652173913043,65,62,0.9538461538461539,2.2096774193548385
SITE0249,1,11,2,0.18181818181818182,17,16,0.9411764705882353,1.6875
SITE0249,2,22,2,0.09090909090909091,34,32,0.9411764705882353,2.1875
SITE0249,3,32,5,0.15625,50,42,0.84,1.5
SITE0249,4,44,7,0.1590909090909091,70,60,0.8571428571428571,1.8666666666666667
SITE0249,5,48,7,0.14583333333333334,79,73,0.9240506329113924,1.917808219178082
SITE0249,6,58,9,0.15517241379310345,91,78,0.8571428571428571,2.3205128205128207
SITE0249,7,63,8,0.12698412698412698,99,91,0.9191919191919192,2.2527472527472527
SITE0249,8,62,8,0.12903225806451613,97,87,0.8969072164948454,2.1494252873563218
SITE0249,9,59,6,0.1016949152542373,95,90,0.9473684210526315,2.422222222222222
SITE0249,10,53,6,0.11320754716981132,89,80,0.898876404494382,1.9
SITE0249,11,47,5,0.10638297872340426,82,76,0.926829268292683,2.0526315789473686
SITE0249,12,35,7,0.2,91,78,0.8571428571428571,2.551282051282051
SITE0250,1,11,0,0.0,14,14,1.0,3.0714285714285716
SITE0250,2,25,2,0.08,41,39,0.9512195121951219,1.564102564102564
SITE0250,3,35,4,0.11428571428571428,59,52,0.8813559322033898,2.673076923076923
SITE0250,4,52,5,0.09615384615384616,82,77,0.9390243902439024,1.8831168831168832
SITE0250,5,53,10,0.18867924528301888,84,78,0.9285714285714286,1.7820512820512822
SITE0250,6,52,16,0.3076923076923077,88,83,0.9431818181818182,2.2771084337349397
SITE0250,7,54,16,0.2962962962962963,87,82,0.9425287356321839,2.2195121951219514
SITE0250,8,48,9,0.1875,81,68,0.8395061728395061,2.1323529411764706
SITE0250,9,50,7,0.14,80,74,0.925,2.081081081081081
SITE0250,10,57,6,0.10526315789473684,91,84,0.9230769230769231,1.9761904761904763
SITE0250,11,49,5,0.10204081632653061,78,75,0.9615384615384616,1.92
SITE0250,12,39,4,0.10256410256410256,103,92,0.8932038834951457,1.934782608695652
