site_id,monitoring_period,risk_probability,risk_status,anomaly_score,anomaly_status,missing_data_count,protocol_deviation_count,data_entry_delay_avg,query_resolution_avg,patient_dropout_rate,average_visit_delay_days,total_adverse_events,serious_event_rate,severe_event_rate,priority
SITE0057,8,0.855,High Risk,-0.0492117676911875,Anomaly,7.0,8.0,10.714285714285714,16.0,0.1891891891891892,2.38,17.0,0.0588235294117647,0.0588235294117647,Critical
SITE0229,8,0.855,High Risk,-0.0031600271112142,Anomaly,13.0,6.0,9.75,9.0,0.1627906976744186,2.619047619047619,13.0,0.0769230769230769,0.0769230769230769,Critical
SITE0190,11,0.855,High Risk,-0.0610475841162901,Anomaly,10.0,10.0,4.833333333333333,11.285714285714286,0.1282051282051282,2.193548387096774,7.0,0.0,0.0,Critical
SITE0177,9,0.845,High Risk,-0.0051454626717111,Anomaly,8.0,7.0,8.0,17.0,0.15,2.316666666666667,21.0,0.0476190476190476,0.0476190476190476,Critical
SITE0165,11,0.845,High Risk,-0.0392590853794749,Anomaly,13.0,8.0,7.727272727272727,7.142857142857143,0.2424242424242424,2.5,7.0,0.0,0.0,Critical
SITE0068,8,0.84,High Risk,-0.0672507458719751,Anomaly,20.0,5.0,6.285714285714286,14.0,0.1136363636363636,2.3484848484848486,11.0,0.0909090909090909,0.0909090909090909,Critical
SITE0107,8,0.84,High Risk,-0.127908962587509,Anomaly,17.0,11.0,6.090909090909091,12.0,0.1621621621621621,2.092592592592593,14.0,0.0714285714285714,0.0714285714285714,Critical
SITE0238,8,0.83,High Risk,-0.0482735990719365,Anomaly,8.0,12.0,7.75,12.666666666666666,0.2222222222222222,2.4166666666666665,14.0,0.1428571428571428,0.1428571428571428,Critical
SITE0175,11,0.83,High Risk,-0.0073739541939235,Anomaly,12.0,5.0,11.0,10.0,0.0697674418604651,2.515151515151515,14.0,0.0,0.0,Critical
SITE0177,8,0.82,High Risk,-0.0477718347611054,Anomaly,14.0,8.0,7.142857142857143,13.25,0.054054054054054,1.72,9.0,0.0,0.0,Critical
SITE0053,11,0.82,High Risk,-0.0180872254616426,Anomaly,16.0,4.0,5.333333333333333,13.0,0.1142857142857142,2.22,17.0,0.0588235294117647,0.0588235294117647,Critical
SITE0072,11,0.82,High Risk,-0.0142063618450917,Anomaly,8.0,8.0,3.6666666666666665,12.2,0.0769230769230769,2.0,16.0,0.0,0.0,Critical
SITE0028,10,0.805,High Risk,-0.016342289020647,Anomaly,13.0,7.0,7.666666666666667,6.8,0.1212121212121212,2.519230769230769,9.0,0.2222222222222222,0.2222222222222222,Critical
SITE0216,11,0.795,High Risk,-0.0211105549408359,Anomaly,10.0,7.0,7.857142857142857,17.0,0.1212121212121212,2.313725490196078,12.0,0.0833333333333333,0.0833333333333333,Critical
SITE0099,9,0.79,High Risk,-0.1168398410278509,Anomaly,16.0,11.0,5.75,11.5,0.131578947368421,2.0,16.0,0.0,0.0,Critical
SITE0248,9,0.79,High Risk,-0.0487727532302227,Anomaly,17.0,5.0,6.2,6.666666666666667,0.03125,2.042553191489361,8.0,0.0,0.0,Critical
SITE0050,9,0.78,High Risk,-0.0362160178630162,Anomaly,22.0,3.0,7.875,11.875,0.1842105263157894,2.456140350877193,5.0,0.0,0.0,Critical
SITE0127,9,0.77,High Risk,-0.0177678469227022,Anomaly,6.0,3.0,1.0,18.0,0.2352941176470588,2.075949367088608,8.0,0.0,0.0,Critical
SITE0030,8,0.755,High Risk,-0.0212847417300369,Anomaly,11.0,8.0,9.166666666666666,9.555555555555555,0.2666666666666666,2.298507462686567,24.0,0.0416666666666666,0.0416666666666666,Critical
SITE0221,11,0.755,High Risk,-0.0432573293033478,Anomaly,5.0,9.0,6.75,16.0,0.1063829787234042,2.581081081081081,17.0,0.0,0.0,Critical
SITE0030,9,0.73,High Risk,-0.0743865144098073,Anomaly,7.0,9.0,8.833333333333334,2.0,0.1111111111111111,2.435483870967742,13.0,0.0,0.0,Critical
SITE0083,9,0.71,High Risk,-0.1498429835075913,Anomaly,16.0,17.0,10.555555555555555,6.2727272727272725,0.2558139534883721,2.0847457627118646,19.0,0.0526315789473684,0.0526315789473684,Critical
SITE0042,11,0.69,High Risk,-0.0016497909065128,Anomaly,7.0,2.0,14.0,6.666666666666667,0.1923076923076923,2.3,4.0,0.25,0.25,Critical
SITE0144,9,0.665,High Risk,-0.0619251968095729,Anomaly,7.0,10.0,5.666666666666667,7.666666666666667,0.1515151515151515,2.0,16.0,0.0,0.0,Critical
SITE0227,10,0.645,High Risk,-0.1080107751154275,Anomaly,18.0,9.0,6.375,12.666666666666666,0.12,1.8472222222222223,19.0,0.0,0.0,Critical
SITE0025,9,0.64,High Risk,-0.0154461163953532,Anomaly,14.0,2.0,4.9,14.5,0.1162790697674418,1.90625,7.0,0.0,0.0,Critical
SITE0007,11,0.635,High Risk,-0.0445308801170407,Anomaly,10.0,8.0,6.714285714285714,17.0,0.1515151515151515,1.6938775510204085,17.0,0.0,0.0,Critical
SITE0069,10,0.6,High Risk,-0.0033113361780212,Anomaly,9.0,3.0,11.333333333333334,15.5,0.2972972972972973,2.446428571428572,11.0,0.0,0.0,Critical
SITE0231,9,0.59,High Risk,-0.0518977990464093,Anomaly,20.0,3.0,8.666666666666666,4.0,0.108695652173913,1.8529411764705883,15.0,0.0666666666666666,0.0666666666666666,Critical
SITE0069,11,0.57,High Risk,-0.0044131468386865,Anomaly,7.0,5.0,9.0,20.0,0.25,1.7843137254901962,13.0,0.0,0.0,Critical
SITE0053,10,0.565,High Risk,-0.0273697500236683,Anomaly,5.0,4.0,2.0,19.0,0.1538461538461538,1.793103448275862,12.0,0.0833333333333333,0.0833333333333333,Critical
SITE0140,8,0.56,High Risk,-0.0460805474349651,Anomaly,14.0,8.0,8.5625,8.538461538461538,0.25,1.5,13.0,0.0769230769230769,0.0769230769230769,Critical
SITE0035,9,0.54,High Risk,-0.0141247083339863,Anomaly,7.0,5.0,3.6666666666666665,0.0,0.1428571428571428,2.3783783783783785,13.0,0.0,0.0,Critical
SITE0062,11,0.435,High Risk,-0.0724784442916168,Anomaly,2.0,10.0,5.428571428571429,0.0,0.0476190476190476,2.4833333333333334,14.0,0.0,0.0,Critical
SITE0236,10,0.41,High Risk,-0.0334314487068821,Anomaly,5.0,6.0,0.0,5.333333333333333,0.0588235294117647,1.7727272727272727,20.0,0.0,0.0,Critical
SITE0249,9,0.405,High Risk,-0.1473018738772726,Anomaly,17.0,14.0,10.375,12.5,0.1016949152542373,2.422222222222222,17.0,0.0,0.0,Critical
SITE0144,11,0.965,High Risk,0.1104360991733126,Normal,6.0,5.0,8.0,11.5,0.2051282051282051,1.935483870967742,8.0,0.125,0.125,High
SITE0226,9,0.95,High Risk,0.0288568476309561,Normal,11.0,6.0,7.0,13.833333333333334,0.1111111111111111,2.1,11.0,0.0,0.0,High
SITE0045,8,0.935,High Risk,0.1030814918499313,Normal,6.0,4.0,9.0,8.5,0.1282051282051282,2.3,13.0,0.1538461538461538,0.1538461538461538,High
SITE0007,10,0.925,High Risk,0.0502362883357396,Normal,9.0,5.0,5.3,8.0,0.1388888888888889,2.3448275862068964,14.0,0.0,0.0,High
SITE0231,8,0.92,High Risk,0.1085101883528599,Normal,7.0,5.0,7.555555555555555,12.5,0.1025641025641025,2.0701754385964914,18.0,0.0555555555555555,0.0555555555555555,High
SITE0207,9,0.92,High Risk,0.0561596119725855,Normal,8.0,5.0,4.2,10.25,0.1,2.1475409836065573,10.0,0.0,0.0,High
SITE0226,11,0.915,High Risk,0.0201174547252821,Normal,12.0,4.0,5.5,6.0,0.1052631578947368,2.1724137931034484,11.0,0.0,0.0,High
SITE0231,11,0.915,High Risk,0.0855833326722744,Normal,9.0,4.0,9.0,11.25,0.1951219512195122,2.09375,11.0,0.0,0.0,High
SITE0206,9,0.91,High Risk,0.0580847617727329,Normal,7.0,6.0,9.333333333333334,13.25,0.1666666666666666,2.636363636363636,5.0,0.2,0.2,High
SITE0100,10,0.905,High Risk,0.0931858115322279,Normal,8.0,5.0,6.333333333333333,11.444444444444445,0.0909090909090909,2.0625,12.0,0.0,0.0,High
SITE0161,10,0.905,High Risk,0.0832588613710353,Normal,8.0,5.0,9.1,9.0,0.1176470588235294,1.9361702127659568,12.0,0.0833333333333333,0.0833333333333333,High
SITE0131,11,0.9,High Risk,0.0692124773086682,Normal,9.0,4.0,5.75,7.4,0.1944444444444444,2.5,10.0,0.1,0.1,High
SITE0207,11,0.895,High Risk,0.0442551434139611,Normal,10.0,6.0,8.5,13.6,0.1891891891891892,2.537037037037037,17.0,0.0588235294117647,0.0588235294117647,High
SITE0235,9,0.89,High Risk,0.0362025468350198,Normal,9.0,7.0,9.0,11.0,0.1632653061224489,2.2,18.0,0.1111111111111111,0.1111111111111111,High
SITE0059,9,0.885,High Risk,0.0376665584535195,Normal,7.0,5.0,11.0,8.0,0.1818181818181818,2.360655737704918,19.0,0.1052631578947368,0.1052631578947368,High
SITE0094,11,0.885,High Risk,0.0173107092280563,Normal,8.0,7.0,10.444444444444445,9.0,0.1162790697674418,1.8596491228070176,14.0,0.0714285714285714,0.0714285714285714,High
SITE0003,8,0.875,High Risk,0.0013858343108763,Normal,14.0,5.0,9.75,12.75,0.1063829787234042,2.367647058823529,9.0,0.0,0.0,High
SITE0028,8,0.875,High Risk,0.0767443946063673,Normal,8.0,5.0,5.285714285714286,10.25,0.1025641025641025,1.933333333333333,15.0,0.0666666666666666,0.0666666666666666,High
SITE0235,8,0.875,High Risk,0.0676496417431061,Normal,7.0,5.0,7.714285714285714,15.5,0.1020408163265306,2.2205882352941178,13.0,0.0,0.0,High
SITE0233,10,0.875,High Risk,0.0243426572753393,Normal,6.0,7.0,9.285714285714286,14.0,0.1282051282051282,2.230769230769231,11.0,0.0909090909090909,0.0909090909090909,High
SITE0248,10,0.875,High Risk,0.0364368723706534,Normal,7.0,5.0,10.5,15.0,0.0666666666666666,1.9318181818181817,6.0,0.0,0.0,High
SITE0244,8,0.87,High Risk,0.0616840221343101,Normal,10.0,4.0,8.125,5.6,0.2142857142857142,2.442622950819672,12.0,0.0833333333333333,0.0833333333333333,High
SITE0207,10,0.87,High Risk,0.0671660502584773,Normal,7.0,5.0,5.4,6.833333333333333,0.1,2.370967741935484,9.0,0.0,0.0,High
SITE0229,10,0.87,High Risk,0.0837862149993061,Normal,8.0,4.0,8.0,6.0,0.1590909090909091,2.3,20.0,0.05,0.05,High
SITE0121,11,0.87,High Risk,0.0821325961159678,Normal,9.0,5.0,7.75,7.666666666666667,0.1764705882352941,2.0961538461538463,13.0,0.0769230769230769,0.0769230769230769,High
SITE0203,11,0.865,High Risk,0.0348192344233151,Normal,7.0,5.0,11.333333333333334,11.142857142857142,0.1379310344827586,2.1372549019607843,13.0,0.0,0.0,High
SITE0217,11,0.865,High Risk,0.0708986619486701,Normal,7.0,5.0,8.75,15.0,0.074074074074074,2.069767441860465,10.0,0.1,0.1,High
SITE0007,8,0.86,High Risk,0.0827301764232928,Normal,7.0,4.0,8.25,5.0,0.1351351351351351,2.25,10.0,0.0,0.0,High
SITE0207,8,0.855,High Risk,0.079300138635188,Normal,7.0,6.0,6.571428571428571,9.833333333333334,0.1136363636363636,2.0,11.0,0.0,0.0,High
SITE0182,8,0.85,High Risk,0.0911459828725342,Normal,8.0,5.0,8.571428571428571,13.0,0.1052631578947368,2.5961538461538463,16.0,0.0,0.0,High
SITE0126,10,0.85,High Risk,0.0506118370471908,Normal,7.0,7.0,7.6,13.0,0.1395348837209302,2.117647058823529,21.0,0.0,0.0,High
SITE0191,10,0.85,High Risk,0.0774829847835214,Normal,8.0,6.0,7.333333333333333,8.666666666666666,0.1764705882352941,2.141025641025641,13.0,0.0,0.0,High
SITE0213,10,0.85,High Risk,0.0836653409824625,Normal,10.0,4.0,7.0,12.4,0.2325581395348837,2.378787878787879,16.0,0.125,0.125,High
SITE0068,11,0.85,High Risk,0.0364493886018336,Normal,9.0,5.0,6.5,16.0,0.1666666666666666,1.728813559322034,17.0,0.0,0.0,High
SITE0201,11,0.85,High Risk,0.1183677314238414,Normal,7.0,4.0,7.272727272727272,10.0,0.0303030303030303,1.7551020408163265,8.0,0.125,0.125,High
SITE0191,8,0.845,High Risk,0.0102155797779356,Normal,10.0,6.0,4.111111111111111,9.0,0.1555555555555555,2.476923076923077,15.0,0.0666666666666666,0.0666666666666666,High
SITE0201,9,0.845,High Risk,0.0387249467317409,Normal,13.0,3.0,7.1,11.25,0.0909090909090909,2.6,11.0,0.0909090909090909,0.0909090909090909,High
SITE0025,10,0.845,High Risk,0.0394821388800743,Normal,7.0,6.0,9.333333333333334,14.8,0.119047619047619,1.9838709677419355,11.0,0.0,0.0,High
SITE0182,10,0.845,High Risk,0.0787050152138968,Normal,6.0,6.0,6.6,10.0,0.064516129032258,1.9019607843137247,7.0,0.0,0.0,High
SITE0231,10,0.845,High Risk,0.0835697900592744,Normal,10.0,5.0,7.142857142857143,12.666666666666666,0.1777777777777777,1.9855072463768115,10.0,0.0,0.0,High
SITE0175,9,0.84,High Risk,0.019627139691228,Normal,8.0,4.0,12.0,7.0,0.1666666666666666,2.5,9.0,0.1111111111111111,0.1111111111111111,High
SITE0057,10,0.84,High Risk,0.1255488545588982,Normal,6.0,3.0,8.333333333333334,10.333333333333334,0.2105263157894736,1.9833333333333327,17.0,0.0,0.0,High
SITE0190,10,0.84,High Risk,0.092538069421453,Normal,6.0,5.0,9.142857142857142,11.5,0.1428571428571428,2.309090909090909,12.0,0.0833333333333333,0.0833333333333333,High
SITE0057,11,0.84,High Risk,0.107603345151952,Normal,6.0,4.0,6.5,11.9,0.2368421052631578,2.625,12.0,0.0833333333333333,0.0833333333333333,High
SITE0171,11,0.835,High Risk,0.0688322191838853,Normal,7.0,4.0,9.0,4.0,0.2105263157894736,2.5172413793103448,9.0,0.1111111111111111,0.1111111111111111,High
SITE0161,8,0.83,High Risk,0.0577208655306942,Normal,10.0,4.0,9.0,13.5,0.074074074074074,2.5405405405405403,7.0,0.0,0.0,High
SITE0179,9,0.83,High Risk,0.0870466459793005,Normal,7.0,3.0,5.25,13.5,0.1304347826086956,2.0945945945945947,19.0,0.1052631578947368,0.1052631578947368,High
SITE0087,8,0.825,High Risk,0.0536383371077088,Normal,11.0,4.0,8.8,8.0,0.1379310344827586,1.702127659574468,9.0,0.0,0.0,High
SITE0137,9,0.825,High Risk,0.0577409650172049,Normal,8.0,7.0,7.454545454545454,10.428571428571429,0.1818181818181818,1.9142857142857144,19.0,0.0526315789473684,0.0526315789473684,High
SITE0175,10,0.825,High Risk,0.0307958067566277,Normal,10.0,6.0,10.0,9.75,0.1111111111111111,2.4125,15.0,0.0666666666666666,0.0666666666666666,High
SITE0182,9,0.82,High Risk,0.0229706209690668,Normal,11.0,7.0,7.571428571428571,9.2,0.0625,2.577777777777778,8.0,0.0,0.0,High
SITE0026,10,0.82,High Risk,0.0955689443978478,Normal,7.0,5.0,6.0,12.333333333333334,0.1224489795918367,2.4864864864864864,18.0,0.0,0.0,High
SITE0045,10,0.82,High Risk,0.0234361273128109,Normal,10.0,6.0,9.77777777777778,8.2,0.1714285714285714,1.673469387755102,13.0,0.1538461538461538,0.1538461538461538,High
SITE0176,10,0.82,High Risk,0.1314090893947457,Normal,4.0,3.0,8.5,11.0,0.1666666666666666,1.7704918032786885,16.0,0.0625,0.0625,High
SITE0025,8,0.81,High Risk,0.0178711691360576,Normal,7.0,7.0,6.1,14.666666666666666,0.0625,2.263888888888889,17.0,0.0,0.0,High
SITE0165,8,0.81,High Risk,0.1002214218670941,Normal,7.0,3.0,7.875,5.5,0.1764705882352941,1.6170212765957446,12.0,0.0,0.0,High
SITE0134,10,0.81,High Risk,0.114941403215604,Normal,4.0,4.0,8.285714285714286,9.0,0.1052631578947368,2.1272727272727274,12.0,0.0833333333333333,0.0833333333333333,High
SITE0060,8,0.805,High Risk,0.0264675622768986,Normal,12.0,3.0,5.0,8.666666666666666,0.1132075471698113,2.113924050632912,11.0,0.0,0.0,High
SITE0131,8,0.805,High Risk,0.1201257108511268,Normal,7.0,3.0,7.090909090909091,11.5,0.0384615384615384,2.1842105263157894,12.0,0.0833333333333333,0.0833333333333333,High
SITE0191,9,0.8,High Risk,0.0735827084756022,Normal,10.0,1.0,8.0,10.8,0.1666666666666666,2.4927536231884058,8.0,0.0,0.0,High
SITE0040,11,0.8,High Risk,0.0865745576623858,Normal,9.0,1.0,8.0,11.75,0.1538461538461538,1.7317073170731707,8.0,0.125,0.125,High
SITE0100,8,0.795,High Risk,0.092696388249944,Normal,8.0,5.0,6.25,11.22222222222222,0.1395348837209302,2.359375,19.0,0.0526315789473684,0.0526315789473684,High
SITE0102,8,0.795,High Risk,0.072477338196962,Normal,5.0,6.0,6.8,9.5,0.2,2.408450704225352,14.0,0.0714285714285714,0.0714285714285714,High
SITE0077,9,0.795,High Risk,0.0975834940092754,Normal,5.0,5.0,8.333333333333334,13.333333333333334,0.2,1.7719298245614037,13.0,0.1538461538461538,0.1538461538461538,High
SITE0131,10,0.795,High Risk,0.0558628767360565,Normal,10.0,4.0,10.0,10.0,0.0689655172413793,2.227272727272727,7.0,0.0,0.0,High
SITE0019,11,0.795,High Risk,0.039278833470609,Normal,6.0,6.0,3.5,12.5,0.1860465116279069,1.852459016393443,17.0,0.0,0.0,High
SITE0055,11,0.795,High Risk,0.0651402331190226,Normal,10.0,6.0,7.5,9.25,0.2631578947368421,1.9180327868852456,17.0,0.0,0.0,High
SITE0177,11,0.795,High Risk,0.0931467610563111,Normal,10.0,4.0,8.0,10.666666666666666,0.1818181818181818,1.4782608695652173,10.0,0.0,0.0,High
SITE0244,11,0.795,High Risk,0.1002491935870854,Normal,9.0,3.0,7.25,11.428571428571429,0.0666666666666666,2.102564102564102,9.0,0.1111111111111111,0.1111111111111111,High
SITE0112,10,0.79,High Risk,0.0823962956906698,Normal,5.0,4.0,10.142857142857142,9.0,0.1489361702127659,2.293333333333333,19.0,0.1052631578947368,0.1052631578947368,High
SITE0178,10,0.79,High Risk,0.0598174074641484,Normal,7.0,2.0,11.5,9.0,0.1333333333333333,2.044776119402985,8.0,0.125,0.125,High
SITE0238,10,0.79,High Risk,0.0729766644820557,Normal,7.0,6.0,7.333333333333333,13.75,0.2903225806451613,2.208333333333333,8.0,0.125,0.125,High
SITE0087,9,0.785,High Risk,0.0266020880841971,Normal,8.0,7.0,6.625,7.5,0.1111111111111111,1.8888888888888888,13.0,0.0,0.0,High
SITE0112,9,0.785,High Risk,0.0649977463693405,Normal,7.0,5.0,5.75,6.0,0.0576923076923076,1.5584415584415583,14.0,0.0,0.0,High
SITE0248,11,0.785,High Risk,0.0817263362618828,Normal,6.0,6.0,8.571428571428571,9.333333333333334,0.0333333333333333,2.076923076923077,10.0,0.0,0.0,High
SITE0213,8,0.78,High Risk,0.0117513658136213,Normal,10.0,5.0,10.285714285714286,5.0,0.1956521739130435,2.4393939393939394,11.0,0.0,0.0,High
SITE0007,9,0.78,High Risk,0.0037829401536136,Normal,8.0,8.0,5.714285714285714,12.555555555555555,0.1470588235294117,1.3409090909090908,21.0,0.0476190476190476,0.0476190476190476,High
SITE0216,10,0.78,High Risk,0.0504755838116117,Normal,10.0,2.0,10.142857142857142,12.8,0.1891891891891892,2.185185185185185,6.0,0.1666666666666666,0.1666666666666666,High
SITE0182,11,0.78,High Risk,0.0855781169171844,Normal,9.0,5.0,6.857142857142857,9.0,0.054054054054054,2.679245283018868,10.0,0.0,0.0,High
SITE0229,11,0.78,High Risk,0.0168923999377732,Normal,8.0,7.0,9.8,8.333333333333334,0.2264150943396226,2.363636363636364,11.0,0.0,0.0,High
SITE0217,8,0.775,High Risk,0.0970901522774625,Normal,7.0,2.0,6.142857142857143,12.857142857142858,0.21875,2.0,7.0,0.0,0.0,High
SITE0027,11,0.775,High Risk,0.0788099939380078,Normal,7.0,3.0,10.5,7.5,0.2121212121212121,2.3529411764705883,7.0,0.0,0.0,High
SITE0101,11,0.775,High Risk,0.0817823581670221,Normal,7.0,4.0,5.0,9.0,0.0294117647058823,2.12,18.0,0.0,0.0,High
SITE0226,8,0.77,High Risk,0.0441983203742096,Normal,9.0,3.0,10.75,8.0,0.1212121212121212,2.14,9.0,0.0,0.0,High
SITE0042,8,0.765,High Risk,0.0805351564043274,Normal,8.0,5.0,9.6,10.333333333333334,0.1071428571428571,1.804878048780488,13.0,0.0,0.0,High
SITE0055,8,0.765,High Risk,0.0338246658137471,Normal,4.0,7.0,6.444444444444445,12.571428571428571,0.0638297872340425,1.864864864864865,18.0,0.0,0.0,High
SITE0101,9,0.765,High Risk,0.1063805010976862,Normal,5.0,4.0,6.75,12.8,0.0952380952380952,2.0476190476190474,14.0,0.0,0.0,High
SITE0022,11,0.765,High Risk,0.1045287962933521,Normal,8.0,4.0,7.833333333333333,8.166666666666666,0.0454545454545454,2.734375,10.0,0.1,0.1,High
SITE0248,8,0.76,High Risk,0.0987019166001039,Normal,9.0,3.0,8.4,9.571428571428571,0.0571428571428571,1.88,10.0,0.0,0.0,High
SITE0068,9,0.76,High Risk,0.0536947292989532,Normal,10.0,3.0,7.8,14.833333333333334,0.1304347826086956,2.309859154929577,12.0,0.0,0.0,High
SITE0162,10,0.755,High Risk,0.1186184984409161,Normal,6.0,3.0,9.0,10.166666666666666,0.1304347826086956,2.25,12.0,0.0,0.0,High
SITE0184,10,0.755,High Risk,0.098046916123174,Normal,6.0,5.0,7.0,13.0,0.2075471698113207,1.896103896103896,12.0,0.0,0.0,High
SITE0094,9,0.75,High Risk,0.0212581870033865,Normal,8.0,3.0,11.0,15.333333333333334,0.1627906976744186,2.235294117647059,13.0,0.1538461538461538,0.1538461538461538,High
SITE0104,9,0.75,High Risk,0.0669911209334594,Normal,6.0,4.0,7.25,3.0,0.0454545454545454,1.7575757575757576,7.0,0.0,0.0,High
SITE0161,9,0.75,High Risk,0.0287916621509602,Normal,4.0,6.0,9.11111111111111,15.5,0.1034482758620689,2.2,11.0,0.0909090909090909,0.0909090909090909,High
SITE0030,10,0.75,High Risk,0.0025180360174584,Normal,10.0,8.0,6.333333333333333,9.4,0.1063829787234042,2.6769230769230767,15.0,0.0,0.0,High
SITE0098,10,0.75,High Risk,0.1028774106816723,Normal,5.0,5.0,8.75,11.2,0.2424242424242424,1.8571428571428568,12.0,0.0,0.0,High
SITE0100,11,0.75,High Risk,0.0872049557455472,Normal,5.0,5.0,9.2,9.0,0.0789473684210526,2.351851851851852,17.0,0.0,0.0,High
SITE0224,11,0.75,High Risk,0.0561701484403386,Normal,4.0,6.0,6.666666666666667,14.0,0.196078431372549,2.071428571428572,18.0,0.0555555555555555,0.0555555555555555,High
SITE0050,8,0.745,High Risk,0.0874374418011137,Normal,6.0,3.0,4.0,8.5,0.2222222222222222,1.7636363636363637,10.0,0.1,0.1,High
SITE0131,9,0.745,High Risk,0.0126616715329764,Normal,13.0,6.0,6.888888888888889,12.75,0.0,1.7142857142857142,9.0,0.1111111111111111,0.1111111111111111,High
SITE0133,9,0.745,High Risk,0.0322050691554909,Normal,11.0,3.0,4.0,11.0,0.0769230769230769,1.8928571428571428,14.0,0.0,0.0,High
SITE0100,9,0.74,High Risk,0.0460982602939726,Normal,10.0,4.0,10.333333333333334,9.857142857142858,0.125,2.046875,18.0,0.0,0.0,High
SITE0022,10,0.74,High Risk,0.1058294126920731,Normal,8.0,3.0,8.333333333333334,11.666666666666666,0.0816326530612244,2.320987654320988,20.0,0.05,0.05,High
SITE0226,10,0.74,High Risk,0.0943442035640162,Normal,5.0,5.0,8.75,13.0,0.0930232558139534,1.969230769230769,13.0,0.0,0.0,High
SITE0104,11,0.74,High Risk,0.0557807403626045,Normal,10.0,2.0,8.75,13.5,0.0869565217391304,2.4285714285714284,8.0,0.125,0.125,High
SITE0201,10,0.735,High Risk,0.0510763893422537,Normal,10.0,3.0,4.666666666666667,13.0,0.0,2.169811320754717,11.0,0.1818181818181818,0.1818181818181818,High
SITE0122,11,0.735,High Risk,0.0514122592587632,Normal,10.0,4.0,6.833333333333333,14.75,0.0943396226415094,2.2790697674418605,19.0,0.0526315789473684,0.0526315789473684,High
SITE0235,11,0.735,High Risk,0.0448173825647305,Normal,11.0,6.0,7.333333333333333,8.6,0.2,1.7462686567164178,12.0,0.0833333333333333,0.0833333333333333,High
SITE0095,8,0.73,High Risk,0.1228223137399524,Normal,7.0,3.0,8.0,9.5,0.173076923076923,2.037974683544304,12.0,0.0,0.0,High
SITE0165,9,0.73,High Risk,0.1203695537461692,Normal,6.0,2.0,7.166666666666667,11.181818181818182,0.1621621621621621,2.4482758620689653,7.0,0.0,0.0,High
SITE0095,11,0.73,High Risk,0.0196966776798785,Normal,4.0,7.0,6.25,7.2,0.175,2.4545454545454546,20.0,0.05,0.05,High
SITE0171,8,0.725,High Risk,0.0454987279124347,Normal,7.0,5.0,4.8,5.0,0.2702702702702703,2.019230769230769,11.0,0.0909090909090909,0.0909090909090909,High
SITE0184,8,0.725,High Risk,0.0434680223388074,Normal,9.0,7.0,8.142857142857142,12.8,0.2941176470588235,2.628571428571429,10.0,0.2,0.2,High
SITE0126,9,0.725,High Risk,0.0025052866171256,Normal,11.0,8.0,7.857142857142857,11.2,0.1702127659574468,2.041095890410959,13.0,0.0,0.0,High
SITE0040,10,0.725,High Risk,0.0816918830887943,Normal,7.0,3.0,8.333333333333334,15.333333333333334,0.0909090909090909,2.636363636363636,11.0,0.0,0.0,High
SITE0201,8,0.72,High Risk,0.0791145104644049,Normal,4.0,5.0,6.428571428571429,13.6,0.1379310344827586,2.069767441860465,4.0,0.0,0.0,High
SITE0216,8,0.72,High Risk,0.0981684649682404,Normal,5.0,5.0,5.75,11.0,0.2142857142857142,1.565217391304348,10.0,0.1,0.1,High
SITE0117,11,0.72,High Risk,0.0985519214089148,Normal,8.0,2.0,7.166666666666667,12.857142857142858,0.2333333333333333,1.619047619047619,6.0,0.1666666666666666,0.1666666666666666,High
SITE0162,8,0.715,High Risk,0.0931732096539612,Normal,7.0,2.0,5.5,9.5,0.1162790697674418,1.953125,12.0,0.0,0.0,High
SITE0204,8,0.715,High Risk,0.1171297835451372,Normal,4.0,4.0,8.25,9.75,0.0833333333333333,2.519230769230769,9.0,0.1111111111111111,0.1111111111111111,High
SITE0203,9,0.71,High Risk,0.081511001179269,Normal,6.0,3.0,6.0,15.0,0.08,1.809523809523809,14.0,0.0714285714285714,0.0714285714285714,High
SITE0229,9,0.71,High Risk,0.0440436391155534,Normal,11.0,2.0,5.4,12.25,0.1463414634146341,1.9827586206896552,7.0,0.1428571428571428,0.1428571428571428,High
SITE0096,10,0.71,High Risk,0.0864264575413145,Normal,6.0,5.0,8.6,14.0,0.3571428571428571,2.136363636363636,7.0,0.0,0.0,High
SITE0013,11,0.71,High Risk,0.1057763333073483,Normal,6.0,3.0,9.5,12.0,0.1489361702127659,2.0,17.0,0.0588235294117647,0.0588235294117647,High
SITE0126,11,0.71,High Risk,0.0960587307913306,Normal,4.0,5.0,5.833333333333333,10.0,0.1707317073170731,1.95,17.0,0.0,0.0,High
SITE0170,9,0.705,High Risk,0.1332762721418066,Normal,4.0,3.0,6.0,10.333333333333334,0.1052631578947368,2.290909090909091,16.0,0.0625,0.0625,High
SITE0030,11,0.705,High Risk,0.1050991754395153,Normal,9.0,3.0,7.571428571428571,10.8,0.0851063829787234,2.367647058823529,11.0,0.0,0.0,High
SITE0070,11,0.705,High Risk,0.0815097681011262,Normal,7.0,4.0,10.0,8.0,0.2222222222222222,1.853658536585366,10.0,0.0,0.0,High
SITE0107,11,0.705,High Risk,0.0453595671855412,Normal,7.0,5.0,8.0,17.0,0.2692307692307692,2.225,15.0,0.1333333333333333,0.1333333333333333,High
SITE0171,9,0.7,High Risk,0.1167443672494831,Normal,4.0,4.0,7.9,8.25,0.2162162162162162,2.282608695652174,11.0,0.0,0.0,High
SITE0190,9,0.695,High Risk,0.0690222795649347,Normal,4.0,6.0,9.0,10.0,0.1714285714285714,2.645833333333333,8.0,0.25,0.25,High
SITE0097,10,0.695,High Risk,0.0497962576031081,Normal,7.0,3.0,7.0,1.0,0.2121212121212121,2.571428571428572,13.0,0.0,0.0,High
SITE0246,10,0.695,High Risk,0.0920507103401647,Normal,4.0,3.0,11.0,8.25,0.1063829787234042,2.183098591549296,15.0,0.1333333333333333,0.1333333333333333,High
SITE0090,11,0.695,High Risk,0.0823169451304065,Normal,4.0,5.0,6.25,7.5,0.1290322580645161,2.5217391304347827,11.0,0.0,0.0,High
SITE0098,11,0.695,High Risk,0.1148725284056335,Normal,4.0,4.0,8.0,8.666666666666666,0.125,2.2444444444444445,8.0,0.125,0.125,High
SITE0246,11,0.695,High Risk,0.0886703913281591,Normal,5.0,5.0,6.666666666666667,8.0,0.1739130434782608,1.8533333333333333,11.0,0.0,0.0,High
SITE0117,8,0.69,High Risk,0.1185605640208813,Normal,4.0,4.0,7.0,10.5,0.2,2.224489795918368,9.0,0.0,0.0,High
SITE0059,10,0.69,High Risk,0.0898133231114549,Normal,4.0,4.0,10.0,8.8,0.1395348837209302,2.5873015873015874,18.0,0.0,0.0,High
SITE0077,10,0.69,High Risk,0.0513052448575341,Normal,10.0,1.0,5.6,12.0,0.1219512195121951,1.8615384615384616,14.0,0.0,0.0,High
SITE0213,11,0.69,High Risk,0.0826600685605561,Normal,10.0,3.0,6.666666666666667,11.25,0.1136363636363636,1.8125,12.0,0.0,0.0,High
SITE0058,10,0.685,High Risk,0.092961735565028,Normal,7.0,1.0,8.0,13.5,0.119047619047619,1.75,9.0,0.1111111111111111,0.1111111111111111,High
SITE0221,10,0.685,High Risk,0.1025879364574884,Normal,4.0,4.0,7.8,6.6,0.125,2.0595238095238093,19.0,0.1052631578947368,0.1052631578947368,High
SITE0230,10,0.685,High Risk,0.0923367520788522,Normal,3.0,3.0,7.25,17.0,0.2419354838709677,2.127659574468085,13.0,0.0769230769230769,0.0769230769230769,High
SITE0026,11,0.685,High Risk,0.0845429307849975,Normal,10.0,2.0,7.75,11.666666666666666,0.2291666666666666,2.1066666666666665,16.0,0.1875,0.1875,High
SITE0058,11,0.685,High Risk,0.0927083765995728,Normal,7.0,2.0,7.5,15.0,0.2127659574468085,2.1538461538461537,9.0,0.1111111111111111,0.1111111111111111,High
SITE0203,8,0.68,High Risk,0.0630963143431646,Normal,5.0,5.0,8.666666666666666,15.5,0.05,1.7428571428571429,10.0,0.0,0.0,High
SITE0236,8,0.68,High Risk,0.0882746234722697,Normal,4.0,4.0,5.5,5.0,0.1666666666666666,1.826086956521739,18.0,0.1111111111111111,0.1111111111111111,High
SITE0184,9,0.68,High Risk,0.0546176137444496,Normal,8.0,3.0,5.75,15.5,0.2291666666666666,2.046153846153846,24.0,0.0,0.0,High
SITE0094,10,0.68,High Risk,0.0979752318464654,Normal,7.0,1.0,9.0,8.25,0.1578947368421052,2.0,12.0,0.0833333333333333,0.0833333333333333,High
SITE0010,11,0.68,High Risk,0.0447468263411843,Normal,7.0,5.0,3.5,8.142857142857142,0.2413793103448276,1.5217391304347827,9.0,0.2222222222222222,0.2222222222222222,High
SITE0060,11,0.68,High Risk,0.0492858659354689,Normal,9.0,4.0,8.5,15.5,0.1525423728813559,2.1123595505617976,16.0,0.125,0.125,High
SITE0157,8,0.675,High Risk,0.0975842903085332,Normal,5.0,3.0,10.333333333333334,7.5,0.1621621621621621,2.25,9.0,0.1111111111111111,0.1111111111111111,High
SITE0204,10,0.675,High Risk,0.01232219147733,Normal,9.0,7.0,10.25,10.8,0.3142857142857143,2.727272727272727,12.0,0.0,0.0,High
SITE0235,10,0.675,High Risk,0.0679164137554947,Normal,4.0,4.0,11.0,12.5,0.173076923076923,2.275,13.0,0.0769230769230769,0.0769230769230769,High
SITE0040,8,0.67,High Risk,0.0979236412749425,Normal,4.0,4.0,5.0,9.666666666666666,0.12,2.125,11.0,0.0909090909090909,0.0909090909090909,High
SITE0069,8,0.67,High Risk,0.1012850200846786,Normal,7.0,1.0,8.833333333333334,10.7,0.1428571428571428,1.2741935483870968,13.0,0.0,0.0,High
SITE0221,8,0.67,High Risk,0.1284644976421839,Normal,5.0,3.0,7.666666666666667,12.666666666666666,0.1,2.0128205128205128,20.0,0.0,0.0,High
SITE0084,9,0.67,High Risk,0.1060984418967497,Normal,5.0,2.0,9.0,4.0,0.0666666666666666,2.2666666666666666,11.0,0.0,0.0,High
SITE0144,10,0.67,High Risk,0.0478902123775629,Normal,7.0,4.0,9.2,2.6666666666666665,0.1142857142857142,2.2777777777777777,11.0,0.0,0.0,High
SITE0191,11,0.67,High Risk,0.1088153006080276,Normal,5.0,4.0,7.5,7.4,0.2,2.109756097560976,25.0,0.08,0.08,High
SITE0058,8,0.665,High Risk,0.1040968091513108,Normal,5.0,3.0,10.0,11.75,0.05,2.314814814814815,10.0,0.1,0.1,High
SITE0005,9,0.66,High Risk,0.1070728761911108,Normal,7.0,3.0,6.5,13.0,0.2830188679245283,1.4102564102564104,11.0,0.0,0.0,High
SITE0121,9,0.66,High Risk,0.1095772700262036,Normal,4.0,4.0,5.333333333333333,11.0,0.05,2.321428571428572,14.0,0.0,0.0,High
SITE0157,10,0.66,High Risk,0.0330101287738463,Normal,7.0,2.0,12.0,5.0,0.2142857142857142,2.0,8.0,0.125,0.125,High
SITE0238,11,0.66,High Risk,0.0559949235457435,Normal,12.0,5.0,7.5,10.25,0.3636363636363636,1.962264150943396,9.0,0.1111111111111111,0.1111111111111111,High
SITE0099,10,0.655,High Risk,0.0810888146295891,Normal,7.0,1.0,10.0,9.0,0.1951219512195122,1.8,15.0,0.0666666666666666,0.0666666666666666,High
SITE0101,10,0.655,High Risk,0.1037276317481278,Normal,6.0,3.0,5.0,11.0,0.05,1.896551724137931,13.0,0.0,0.0,High
SITE0192,11,0.655,High Risk,0.0435133467597329,Normal,4.0,5.0,5.0,3.333333333333333,0.1041666666666666,2.236111111111111,18.0,0.0555555555555555,0.0555555555555555,High
SITE0213,9,0.65,High Risk,0.0588209488557343,Normal,8.0,2.0,9.833333333333334,14.5,0.25,2.391891891891892,17.0,0.1176470588235294,0.1176470588235294,High
SITE0083,10,0.65,High Risk,0.0935436058366697,Normal,6.0,1.0,6.75,5.333333333333333,0.2,1.9411764705882355,14.0,0.1428571428571428,0.1428571428571428,High
SITE0053,8,0.645,High Risk,0.1010776043257106,Normal,6.0,2.0,5.666666666666667,13.0,0.2075471698113207,1.7721518987341771,13.0,0.0769230769230769,0.0769230769230769,High
SITE0047,9,0.645,High Risk,0.0989733847906074,Normal,5.0,5.0,8.5,13.0,0.2,1.9367088607594936,12.0,0.0,0.0,High
SITE0176,9,0.645,High Risk,0.0891400773709848,Normal,5.0,5.0,5.8,9.333333333333334,0.0612244897959183,2.2285714285714286,15.0,0.0,0.0,High
SITE0028,11,0.64,High Risk,0.0964730113411902,Normal,5.0,5.0,7.0,13.0,0.074074074074074,1.1282051282051282,11.0,0.1818181818181818,0.1818181818181818,High
SITE0035,11,0.64,High Risk,0.002023011162533,Normal,8.0,6.0,6.333333333333333,17.666666666666668,0.2666666666666666,2.4285714285714284,6.0,0.0,0.0,High
SITE0236,11,0.64,High Risk,0.0356138838929016,Normal,5.0,6.0,4.25,8.166666666666666,0.0188679245283018,2.441558441558441,26.0,0.0384615384615384,0.0384615384615384,High
SITE0116,8,0.635,High Risk,0.1265599934821651,Normal,5.0,3.0,7.0,8.5,0.0754716981132075,2.0921052631578947,14.0,0.1428571428571428,0.1428571428571428,High
SITE0244,9,0.635,High Risk,0.1087943184925958,Normal,7.0,1.0,8.0,12.166666666666666,0.1590909090909091,2.298507462686567,13.0,0.0,0.0,High
SITE0047,10,0.635,High Risk,0.0784525561085348,Normal,4.0,3.0,11.333333333333334,7.666666666666667,0.2307692307692307,2.6582278481012658,19.0,0.0526315789473684,0.0526315789473684,High
SITE0117,10,0.635,High Risk,0.0957436504412562,Normal,4.0,3.0,3.6666666666666665,13.166666666666666,0.1,2.0638297872340425,6.0,0.0,0.0,High
SITE0087,11,0.635,High Risk,0.0016111049997631,Normal,7.0,5.0,3.1666666666666665,17.0,0.1052631578947368,1.6140350877192982,11.0,0.0,0.0,High
SITE0137,8,0.63,High Risk,0.0425125876888807,Normal,12.0,2.0,8.777777777777779,9.2,0.1458333333333333,2.1095890410958904,19.0,0.0,0.0,High
SITE0174,9,0.63,High Risk,0.0364730517312302,Normal,6.0,3.0,7.666666666666667,19.0,0.1944444444444444,2.037037037037037,13.0,0.0,0.0,High
SITE0019,10,0.63,High Risk,0.1284075203589544,Normal,5.0,2.0,7.0,12.5,0.1627906976744186,1.5303030303030305,11.0,0.0909090909090909,0.0909090909090909,High
SITE0045,11,0.63,High Risk,0.0875867578037327,Normal,9.0,2.0,6.333333333333333,12.0,0.0666666666666666,2.707317073170732,9.0,0.0,0.0,High
SITE0055,10,0.625,High Risk,0.0700998547451635,Normal,4.0,3.0,11.5,6.25,0.1956521739130435,2.2063492063492065,12.0,0.0,0.0,High
SITE0068,10,0.625,High Risk,0.1344988580607835,Normal,4.0,2.0,8.5,12.285714285714286,0.1777777777777777,2.235294117647059,14.0,0.0,0.0,High
SITE0126,8,0.62,High Risk,0.1037100263766676,Normal,5.0,3.0,10.0,12.0,0.2075471698113207,2.2133333333333334,28.0,0.0714285714285714,0.0714285714285714,High
SITE0246,8,0.62,High Risk,0.0136960492392483,Normal,5.0,3.0,11.333333333333334,18.0,0.1219512195121951,2.0476190476190474,14.0,0.0714285714285714,0.0714285714285714,High
SITE0245,9,0.62,High Risk,0.0887420250219835,Normal,4.0,3.0,7.25,16.0,0.1071428571428571,2.6904761904761907,5.0,0.0,0.0,High
SITE0010,10,0.62,High Risk,0.0425205927111422,Normal,4.0,7.0,6.636363636363637,12.333333333333334,0.0967741935483871,1.9,13.0,0.1538461538461538,0.1538461538461538,High
SITE0177,10,0.62,High Risk,0.1033748493513762,Normal,7.0,2.0,6.4,12.6,0.2105263157894736,1.5689655172413792,15.0,0.0,0.0,High
SITE0025,11,0.62,High Risk,0.0464995908154429,Normal,10.0,0.0,7.0,9.77777777777778,0.0975609756097561,2.1475409836065573,10.0,0.1,0.1,High
SITE0059,11,0.62,High Risk,0.1010143402710339,Normal,7.0,1.0,9.0,10.0,0.1320754716981132,2.158536585365854,12.0,0.0,0.0,High
SITE0077,11,0.62,High Risk,0.0705959093391649,Normal,8.0,2.0,5.333333333333333,7.0,0.1956521739130435,1.9253731343283584,10.0,0.2,0.2,High
SITE0094,8,0.605,High Risk,0.0832760284189771,Normal,6.0,1.0,5.666666666666667,5.0,0.1666666666666666,1.8676470588235288,14.0,0.0714285714285714,0.0714285714285714,High
SITE0184,11,0.605,High Risk,0.1068900032332614,Normal,5.0,5.0,7.125,10.6,0.2142857142857142,2.025,14.0,0.0,0.0,High
SITE0055,9,0.6,High Risk,0.1050465104940687,Normal,6.0,1.0,8.0,6.25,0.0851063829787234,1.7536231884057971,23.0,0.0,0.0,High
SITE0236,9,0.6,High Risk,0.1288135744564983,Normal,5.0,2.0,6.833333333333333,9.875,0.0851063829787234,1.7826086956521738,12.0,0.0,0.0,High
SITE0013,8,0.595,High Risk,0.0976095671524243,Normal,6.0,1.0,10.0,11.0,0.2,1.9452054794520548,10.0,0.0,0.0,High
SITE0091,11,0.595,High Risk,0.1278538683037317,Normal,4.0,2.0,7.5,5.0,0.1481481481481481,2.365853658536585,17.0,0.0,0.0,High
SITE0062,8,0.59,High Risk,0.0991930334254665,Normal,6.0,2.0,4.5,12.0,0.0925925925925925,2.324675324675325,21.0,0.0476190476190476,0.0476190476190476,High
SITE0098,8,0.59,High Risk,0.0635284579902994,Normal,8.0,2.0,4.0,9.0,0.1290322580645161,2.1219512195121952,3.0,0.0,0.0,High
SITE0097,9,0.59,High Risk,0.0769466270014689,Normal,6.0,1.0,11.0,11.5,0.1142857142857142,1.6170212765957446,10.0,0.0,0.0,High
SITE0018,10,0.59,High Risk,0.0494893748614407,Normal,10.0,1.0,7.0,5.0,0.15625,2.5681818181818183,9.0,0.0,0.0,High
SITE0227,8,0.585,High Risk,0.0410418580035008,Normal,4.0,0.0,4.5,18.0,0.0980392156862745,2.185714285714285,20.0,0.15,0.15,High
SITE0224,9,0.585,High Risk,0.0967265929439514,Normal,4.0,1.0,5.0,16.0,0.1224489795918367,1.913793103448276,13.0,0.0769230769230769,0.0769230769230769,High
SITE0022,8,0.58,High Risk,0.0609241521106806,Normal,4.0,2.0,13.0,9.666666666666666,0.1702127659574468,2.2432432432432434,15.0,0.0666666666666666,0.0666666666666666,High
SITE0153,9,0.58,High Risk,0.083019089466987,Normal,3.0,5.0,8.0,14.0,0.0769230769230769,2.6,15.0,0.0,0.0,High
SITE0117,9,0.575,High Risk,0.0824140997178627,Normal,6.0,2.0,11.0,11.0,0.1176470588235294,2.3404255319148937,14.0,0.0714285714285714,0.0714285714285714,High
SITE0060,10,0.575,High Risk,0.0097218306408091,Normal,13.0,6.0,6.0,11.25,0.1290322580645161,1.875,10.0,0.1,0.1,High
SITE0204,11,0.575,High Risk,0.098211916251165,Normal,4.0,4.0,9.5,11.75,0.3243243243243243,1.7037037037037035,15.0,0.0,0.0,High
SITE0059,8,0.57,High Risk,0.1013048465118922,Normal,3.0,4.0,5.666666666666667,9.4,0.1875,2.1323529411764706,13.0,0.0769230769230769,0.0769230769230769,High
SITE0181,9,0.57,High Risk,0.1064950985345967,Normal,5.0,1.0,9.0,14.0,0.2424242424242424,2.25,13.0,0.0769230769230769,0.0769230769230769,High
SITE0070,10,0.57,High Risk,0.1267461941779977,Normal,5.0,1.0,6.0,12.0,0.1428571428571428,2.2857142857142856,13.0,0.1538461538461538,0.1538461538461538,High
SITE0128,10,0.57,High Risk,0.1243867294884056,Normal,1.0,1.0,0.0,0.0,0.0701754385964912,2.0217391304347827,15.0,0.0,0.0,High
SITE0003,11,0.57,High Risk,0.0703001921934108,Normal,9.0,5.0,9.333333333333334,11.333333333333334,0.1896551724137931,2.159090909090909,13.0,0.0769230769230769,0.0769230769230769,High
SITE0018,11,0.57,High Risk,0.1275992658546721,Normal,4.0,2.0,8.625,13.0,0.2333333333333333,2.152173913043478,6.0,0.0,0.0,High
SITE0206,11,0.57,High Risk,0.021410335042685,Normal,4.0,8.0,7.545454545454546,9.75,0.3333333333333333,2.05,14.0,0.0,0.0,High
SITE0120,9,0.56,High Risk,0.1273382172341865,Normal,4.0,2.0,6.0,13.0,0.1923076923076923,2.090909090909091,9.0,0.0,0.0,High
SITE0189,9,0.56,High Risk,0.0906084680423469,Normal,5.0,4.0,10.0,10.0,0.1777777777777777,1.984126984126984,12.0,0.0,0.0,High
SITE0247,11,0.56,High Risk,0.1134877143489758,Normal,4.0,0.0,8.0,12.0,0.1923076923076923,2.0789473684210527,9.0,0.2222222222222222,0.2222222222222222,High
SITE0019,9,0.55,High Risk,0.0468578976428791,Normal,9.0,0.0,8.666666666666666,12.0,0.15,2.169491525423729,4.0,0.0,0.0,High
SITE0165,10,0.55,High Risk,0.0794017901005295,Normal,7.0,1.0,6.888888888888889,4.333333333333333,0.1176470588235294,2.150943396226415,13.0,0.0,0.0,High
SITE0093,11,0.55,High Risk,0.0626431460860689,Normal,3.0,6.0,8.666666666666666,9.0,0.05,2.017857142857143,14.0,0.0714285714285714,0.0714285714285714,High
SITE0104,8,0.545,High Risk,0.1129254960303575,Normal,4.0,3.0,10.0,9.0,0.0909090909090909,1.8928571428571428,12.0,0.0833333333333333,0.0833333333333333,High
SITE0144,8,0.545,High Risk,0.096786596338362,Normal,6.0,2.0,4.833333333333333,8.8,0.15625,2.25,14.0,0.0,0.0,High
SITE0192,8,0.545,High Risk,0.0829831713046967,Normal,7.0,1.0,7.0,5.5,0.2045454545454545,2.180327868852459,20.0,0.05,0.05,High
SITE0133,11,0.545,High Risk,0.0484631798535317,Normal,3.0,6.0,4.5,12.0,0.1666666666666666,1.829268292682927,13.0,0.0,0.0,High
SITE0178,11,0.545,High Risk,0.1195854974617646,Normal,4.0,2.0,5.2,13.25,0.1136363636363636,2.129032258064516,12.0,0.0,0.0,High
SITE0072,8,0.54,High Risk,0.0176526550330069,Normal,12.0,3.0,10.5,8.25,0.0416666666666666,1.8088235294117647,12.0,0.0,0.0,High
SITE0116,10,0.54,High Risk,0.122587251907352,Normal,6.0,2.0,7.5,9.0,0.1739130434782608,2.1904761904761907,24.0,0.0,0.0,High
SITE0192,10,0.54,High Risk,0.058255265593657,Normal,5.0,3.0,3.0,14.666666666666666,0.1296296296296296,2.556962025316456,22.0,0.0,0.0,High
SITE0112,11,0.54,High Risk,0.129370611773721,Normal,5.0,2.0,8.555555555555555,10.666666666666666,0.1707317073170731,2.278688524590164,11.0,0.0,0.0,High
SITE0175,8,0.535,High Risk,0.0540792432993056,Normal,10.0,3.0,5.666666666666667,6.0,0.2037037037037037,1.9655172413793105,15.0,0.2,0.2,High
SITE0069,9,0.535,High Risk,0.0501628416759377,Normal,2.0,5.0,9.142857142857142,5.0,0.2093023255813953,1.7878787878787878,12.0,0.1666666666666666,0.1666666666666666,High
SITE0193,9,0.535,High Risk,0.0168359920805798,Normal,5.0,4.0,0.0,11.0,0.1304347826086956,2.142857142857143,12.0,0.0,0.0,High
SITE0204,9,0.535,High Risk,0.1222817733753992,Normal,5.0,2.0,5.4,11.8,0.2121212121212121,2.3877551020408165,9.0,0.0,0.0,High
SITE0221,9,0.535,High Risk,0.0667057619761457,Normal,6.0,1.0,4.666666666666667,15.8,0.1372549019607843,1.736842105263158,13.0,0.1538461538461538,0.1538461538461538,High
SITE0170,8,0.53,High Risk,0.0943261758471073,Normal,5.0,1.0,10.666666666666666,12.0,0.1578947368421052,2.1481481481481484,11.0,0.0909090909090909,0.0909090909090909,High
SITE0060,9,0.53,High Risk,0.031847825389304,Normal,10.0,3.0,6.6,16.333333333333332,0.1333333333333333,2.6222222222222222,16.0,0.0,0.0,High
SITE0244,10,0.53,High Risk,0.1248034738219769,Normal,5.0,2.0,8.8,8.666666666666666,0.1351351351351351,2.1372549019607843,10.0,0.0,0.0,High
SITE0090,10,0.525,High Risk,0.0168333926972976,Normal,8.0,1.0,10.0,17.6,0.15625,2.16,10.0,0.0,0.0,High
SITE0128,11,0.525,High Risk,0.0551749791233535,Normal,5.0,3.0,10.0,0.0,0.1206896551724138,2.0,24.0,0.0,0.0,High
SITE0176,11,0.525,High Risk,0.0698031198640222,Normal,7.0,2.0,7.666666666666667,2.333333333333333,0.1707317073170731,2.015625,14.0,0.1428571428571428,0.1428571428571428,High
SITE0249,11,0.525,High Risk,0.1020693917029103,Normal,6.0,1.0,9.666666666666666,9.5,0.1063829787234042,2.0526315789473686,18.0,0.0,0.0,High
SITE0057,9,0.52,High Risk,0.0913317360589164,Normal,8.0,1.0,8.454545454545455,12.25,0.1290322580645161,2.2790697674418605,14.0,0.0,0.0,High
SITE0062,9,0.52,High Risk,0.0814922977724638,Normal,6.0,2.0,3.333333333333333,11.5,0.0869565217391304,1.6285714285714286,23.0,0.0,0.0,High
SITE0200,9,0.515,High Risk,0.0991529655289357,Normal,3.0,4.0,9.5,11.0,0.2105263157894736,1.7901234567901234,10.0,0.1,0.1,High
SITE0206,10,0.515,High Risk,0.124121066993005,Normal,5.0,3.0,8.857142857142858,10.0,0.2413793103448276,1.9361702127659568,1.0,0.0,0.0,High
SITE0067,8,0.51,High Risk,0.1388894756748616,Normal,4.0,2.0,8.0,9.0,0.1489361702127659,1.7808219178082192,19.0,0.0,0.0,High
SITE0157,9,0.51,High Risk,0.073245955020467,Normal,5.0,3.0,8.0,0.0,0.1666666666666666,1.82,9.0,0.2222222222222222,0.2222222222222222,High
SITE0222,8,0.505,High Risk,0.1256077064985214,Normal,3.0,3.0,6.0,7.0,0.3214285714285714,2.072289156626506,23.0,0.0434782608695652,0.0434782608695652,High
SITE0121,10,0.505,High Risk,0.0874632818127642,Normal,6.0,1.0,7.333333333333333,4.0,0.1282051282051282,2.5245901639344264,21.0,0.0,0.0,High
SITE0137,11,0.505,High Risk,0.1099419162836399,Normal,7.0,1.0,7.2,10.5,0.2631578947368421,2.254237288135593,19.0,0.0526315789473684,0.0526315789473684,High
SITE0233,11,0.505,High Risk,0.1292082785911206,Normal,4.0,2.0,7.75,6.0,0.15,1.65625,14.0,0.0,0.0,High
SITE0070,8,0.5,High Risk,0.0877347919785082,Normal,5.0,3.0,7.0,2.5,0.1212121212121212,1.6346153846153846,13.0,0.0769230769230769,0.0769230769230769,High
SITE0112,8,0.5,High Risk,0.1401207507617979,Normal,4.0,2.0,7.0,12.0,0.0625,2.328767123287671,14.0,0.0,0.0,High
SITE0089,10,0.5,High Risk,0.0419249466205521,Normal,1.0,6.0,9.166666666666666,10.4,0.1621621621621621,2.26,10.0,0.0,0.0,High
SITE0163,11,0.5,High Risk,0.0830292780031774,Normal,1.0,2.0,0.0,2.0,0.0363636363636363,1.6666666666666667,22.0,0.0,0.0,High
SITE0206,8,0.495,High Risk,0.0050133909399989,Normal,12.0,1.0,7.0,2.0,0.28,1.8571428571428568,10.0,0.1,0.1,High
SITE0014,8,0.49,High Risk,0.0108829367037804,Normal,5.0,0.0,5.0,19.0,0.0888888888888888,1.7462686567164178,22.0,0.0454545454545454,0.0454545454545454,High
SITE0179,8,0.485,High Risk,0.05964900443886,Normal,7.0,2.0,4.0,4.0,0.1777777777777777,2.389830508474576,20.0,0.1,0.1,High
SITE0216,9,0.485,High Risk,0.1319000127579325,Normal,5.0,1.0,8.25,10.0,0.1470588235294117,2.127659574468085,9.0,0.0,0.0,High
SITE0053,9,0.48,High Risk,0.0933586501140401,Normal,6.0,1.0,7.25,14.5,0.1904761904761904,1.4,22.0,0.0,0.0,High
SITE0095,10,0.48,High Risk,0.0512248694718692,Normal,2.0,6.0,6.5,9.0,0.0930232558139534,1.7076923076923076,14.0,0.0,0.0,High
SITE0090,9,0.475,High Risk,0.0662828199669131,Normal,7.0,1.0,5.571428571428571,5.6,0.2439024390243902,1.8305084745762712,9.0,0.1111111111111111,0.1111111111111111,High
SITE0003,10,0.47,High Risk,0.101427927938124,Normal,5.0,3.0,10.11111111111111,12.142857142857142,0.175438596491228,1.844155844155844,11.0,0.0,0.0,High
SITE0049,9,0.465,High Risk,0.0190295132101795,Normal,5.0,5.0,5.0,0.0,0.087719298245614,2.0853658536585367,24.0,0.0833333333333333,0.0833333333333333,High
SITE0085,10,0.465,High Risk,0.0586183117024879,Normal,4.0,0.0,12.0,13.0,0.1282051282051282,1.9824561403508767,14.0,0.0714285714285714,0.0714285714285714,High
SITE0140,11,0.465,High Risk,0.0437068709712037,Normal,3.0,5.0,11.333333333333334,11.666666666666666,0.2222222222222222,2.345454545454545,13.0,0.0769230769230769,0.0769230769230769,High
SITE0157,11,0.465,High Risk,0.0994265223002116,Normal,5.0,2.0,5.583333333333333,14.5,0.1,1.6428571428571428,14.0,0.0714285714285714,0.0714285714285714,High
SITE0047,8,0.46,High Risk,0.1128860773339284,Normal,5.0,2.0,10.0,7.0,0.2142857142857142,1.858974358974359,19.0,0.0,0.0,High
SITE0192,9,0.46,High Risk,0.0790848528397034,Normal,2.0,4.0,4.75,13.428571428571429,0.2115384615384615,1.7297297297297298,21.0,0.0,0.0,High
SITE0005,10,0.46,High Risk,0.0992694587015307,Normal,8.0,1.0,7.333333333333333,10.5,0.2666666666666666,2.1846153846153844,16.0,0.0,0.0,High
SITE0083,11,0.46,High Risk,0.0184021391424098,Normal,6.0,1.0,12.5,3.0,0.1276595744680851,1.9444444444444444,13.0,0.0,0.0,High
SITE0098,9,0.455,High Risk,0.129306052571582,Normal,5.0,1.0,8.142857142857142,12.25,0.2758620689655172,2.5384615384615383,6.0,0.0,0.0,High
SITE0224,10,0.455,High Risk,0.1107734252406946,Normal,4.0,2.0,5.0,14.333333333333334,0.196078431372549,1.9642857142857144,17.0,0.1176470588235294,0.1176470588235294,High
SITE0096,11,0.455,High Risk,0.1257651310796394,Normal,4.0,2.0,4.5,10.666666666666666,0.2692307692307692,2.35,6.0,0.0,0.0,High
SITE0027,9,0.45,High Risk,0.0503826934081504,Normal,1.0,6.0,7.5,11.0,0.1176470588235294,1.74,13.0,0.0769230769230769,0.0769230769230769,High
SITE0021,10,0.45,High Risk,0.0585229088372122,Normal,4.0,2.0,0.0,0.0,0.2586206896551724,2.2298850574712645,30.0,0.0666666666666666,0.0666666666666666,High
SITE0012,8,0.445,High Risk,0.0420380425465456,Normal,2.0,3.0,13.0,13.5,0.1896551724137931,2.271604938271605,16.0,0.125,0.125,High
SITE0064,8,0.445,High Risk,0.0686818607618048,Normal,1.0,4.0,8.0,15.0,0.2340425531914893,1.5066666666666666,24.0,0.0,0.0,High
SITE0077,8,0.445,High Risk,0.1403122407428627,Normal,4.0,1.0,5.5,10.833333333333334,0.275,2.2142857142857144,11.0,0.2727272727272727,0.2727272727272727,High
SITE0223,8,0.445,High Risk,0.0468363810459706,Normal,4.0,3.0,0.0,5.0,0.125,2.247058823529412,18.0,0.0555555555555555,0.0555555555555555,High
SITE0249,8,0.445,High Risk,0.1081479978880921,Normal,4.0,3.0,4.0,8.5,0.1290322580645161,2.1494252873563218,16.0,0.0,0.0,High
SITE0174,10,0.445,High Risk,0.0622116630084251,Normal,1.0,5.0,6.0,7.0,0.1578947368421052,2.206896551724138,10.0,0.1,0.1,High
SITE0005,8,0.44,High Risk,0.0404451758107685,Normal,3.0,4.0,3.5,0.0,0.25,1.8205128205128205,19.0,0.0526315789473684,0.0526315789473684,High
SITE0028,9,0.44,High Risk,0.0220111706986192,Normal,11.0,0.0,8.571428571428571,8.625,0.0857142857142857,2.347826086956522,11.0,0.0,0.0,High
SITE0219,11,0.44,High Risk,0.0761122095069599,Normal,4.0,1.0,0.0,0.0,0.3409090909090909,2.0597014925373136,19.0,0.0526315789473684,0.0526315789473684,High
SITE0003,9,0.435,High Risk,0.132029478619553,Normal,5.0,2.0,7.25,8.125,0.1607142857142857,2.4831460674157304,18.0,0.0,0.0,High
SITE0233,9,0.435,High Risk,0.0228703512878402,Normal,6.0,3.0,0.0,8.5,0.35,1.9310344827586208,12.0,0.1666666666666666,0.1666666666666666,High
SITE0137,10,0.435,High Risk,0.0457011668930394,Normal,2.0,4.0,11.8,7.6,0.2888888888888888,1.9206349206349207,19.0,0.0526315789473684,0.0526315789473684,High
SITE0079,11,0.435,High Risk,0.0950348450264066,Normal,4.0,3.0,3.0,10.0,0.4571428571428571,2.8135593220338984,13.0,0.0,0.0,High
SITE0110,8,0.43,High Risk,0.1101070293401147,Normal,4.0,2.0,4.666666666666667,14.0,0.1666666666666666,2.0638297872340425,15.0,0.1333333333333333,0.1333333333333333,High
SITE0227,9,0.43,High Risk,0.0286398809824369,Normal,4.0,2.0,0.0,16.0,0.0943396226415094,2.394736842105264,18.0,0.0555555555555555,0.0555555555555555,High
SITE0035,10,0.43,High Risk,0.1305700007255615,Normal,3.0,3.0,8.6,11.0,0.1666666666666666,2.216216216216216,10.0,0.0,0.0,High
SITE0087,10,0.43,High Risk,0.0863696715079327,Normal,2.0,5.0,8.333333333333334,12.166666666666666,0.0769230769230769,2.0357142857142856,10.0,0.1,0.1,High
SITE0102,10,0.43,High Risk,0.0592587201858889,Normal,2.0,5.0,10.0,13.0,0.125,1.8333333333333333,16.0,0.125,0.125,High
SITE0042,9,0.425,High Risk,0.0979732483355396,Normal,5.0,0.0,8.4,12.25,0.08,2.810810810810811,8.0,0.0,0.0,High
SITE0093,10,0.425,High Risk,0.1252215198336582,Normal,4.0,2.0,6.0,6.0,0.1590909090909091,1.6666666666666667,13.0,0.0,0.0,High
SITE0005,11,0.425,High Risk,0.0949333546032116,Normal,5.0,0.0,8.6,11.333333333333334,0.2682926829268293,2.1311475409836067,16.0,0.0625,0.0625,High
SITE0200,11,0.425,High Risk,0.0208858054431647,Normal,7.0,1.0,0.0,12.25,0.1166666666666666,2.182795698924731,18.0,0.1111111111111111,0.1111111111111111,High
SITE0008,10,0.42,High Risk,0.1171190203333831,Normal,2.0,2.0,4.0,0.0,0.0181818181818181,1.8783783783783785,15.0,0.0666666666666666,0.0666666666666666,High
SITE0062,10,0.42,High Risk,0.0908719028954401,Normal,6.0,2.0,10.0,5.0,0.0444444444444444,2.3582089552238807,10.0,0.0,0.0,High
SITE0113,11,0.42,High Risk,0.0917887657318027,Normal,4.0,0.0,7.0,0.0,0.2045454545454545,2.0307692307692307,8.0,0.125,0.125,High
SITE0161,11,0.42,High Risk,0.1137747960218421,Normal,3.0,4.0,7.875,12.25,0.1428571428571428,2.098360655737705,13.0,0.0,0.0,High
SITE0067,10,0.415,High Risk,0.0528557290283201,Normal,0.0,3.0,9.5,0.0,0.1607142857142857,1.9113924050632911,15.0,0.0666666666666666,0.0666666666666666,High
SITE0047,11,0.415,High Risk,0.0564696327510314,Normal,4.0,1.0,12.5,0.0,0.1458333333333333,2.068493150684932,19.0,0.1052631578947368,0.1052631578947368,High
SITE0049,11,0.415,High Risk,0.0209577761537693,Normal,0.0,3.0,13.0,11.0,0.3023255813953488,1.911764705882353,16.0,0.125,0.125,High
SITE0018,8,0.41,High Risk,0.0684239421825276,Normal,4.0,0.0,9.6,15.0,0.1351351351351351,1.7272727272727273,14.0,0.0714285714285714,0.0714285714285714,High
SITE0122,8,0.41,High Risk,0.1035793255036226,Normal,3.0,3.0,3.6666666666666665,12.5,0.0476190476190476,2.534482758620689,17.0,0.0,0.0,High
SITE0145,10,0.41,High Risk,0.0423102273377455,Normal,0.0,3.0,5.0,16.5,0.25,2.462686567164179,14.0,0.0,0.0,High
SITE0185,10,0.41,High Risk,0.0580193692931276,Normal,1.0,0.0,13.0,0.0,0.2545454545454545,2.125,9.0,0.2222222222222222,0.2222222222222222,High
SITE0093,8,0.405,High Risk,0.0465363960587575,Normal,5.0,2.0,2.5,16.0,0.2,2.442622950819672,15.0,0.0666666666666666,0.0666666666666666,High
SITE0095,9,0.405,High Risk,0.0074532039986862,Normal,9.0,2.0,3.0,0.0,0.1041666666666666,2.681159420289855,18.0,0.0,0.0,High
SITE0009,11,0.405,High Risk,0.1413594139648208,Normal,3.0,2.0,7.0,10.25,0.3953488372093023,1.7183098591549295,16.0,0.25,0.25,High
SITE0115,8,0.4,High Risk,0.0999586892082095,Normal,4.0,2.0,9.0,0.0,0.1891891891891892,1.9387755102040816,16.0,0.0625,0.0625,High
SITE0045,9,0.4,High Risk,0.0430424908312141,Normal,8.0,0.0,5.888888888888889,13.444444444444445,0.1428571428571428,1.9836065573770487,11.0,0.0,0.0,High
SITE0133,10,0.4,High Risk,0.0637026175121233,Normal,3.0,3.0,0.0,6.4,0.2333333333333333,2.142857142857143,11.0,0.0909090909090909,0.0909090909090909,High
SITE0063,11,0.37,Low Risk,-0.0527124343993427,Anomaly,0.0,4.0,0.0,19.0,0.3023255813953488,2.1875,19.0,0.0526315789473684,0.0526315789473684,Medium
SITE0223,11,0.355,Low Risk,-0.0014766289500148,Anomaly,0.0,3.0,11.0,19.0,0.0666666666666666,2.1029411764705883,15.0,0.0666666666666666,0.0666666666666666,Medium
SITE0088,11,0.35,Low Risk,-0.0117191193971649,Anomaly,2.0,3.0,12.5,20.0,0.2439024390243902,1.907692307692308,12.0,0.0,0.0,Medium
SITE0079,10,0.31,Low Risk,-0.0147432115975912,Anomaly,2.0,1.0,14.0,19.0,0.2790697674418604,1.903225806451613,8.0,0.0,0.0,Medium
SITE0002,8,0.285,Low Risk,-0.0406337641516507,Anomaly,0.0,0.0,13.0,20.0,0.0681818181818181,2.048387096774193,13.0,0.1538461538461538,0.1538461538461538,Medium
SITE0209,11,0.285,Low Risk,-0.0629312396667584,Anomaly,1.0,5.0,14.0,0.0,0.125,2.020833333333333,10.0,0.0,0.0,Medium
SITE0173,11,0.275,Low Risk,-0.0198283862030267,Anomaly,1.0,4.0,13.0,0.0,0.1025641025641025,1.9833333333333327,9.0,0.0,0.0,Medium
SITE0039,10,0.27,Low Risk,-0.0065024138751778,Anomaly,4.0,2.0,0.0,19.0,0.108695652173913,2.8115942028985508,11.0,0.0909090909090909,0.0909090909090909,Medium
SITE0078,10,0.27,Low Risk,-0.0006931937452868,Anomaly,2.0,5.0,1.0,15.0,0.1379310344827586,2.6341463414634148,3.0,0.0,0.0,Medium
SITE0239,11,0.23,Low Risk,-0.0243454376663645,Anomaly,2.0,5.0,14.0,7.0,0.1034482758620689,2.263157894736842,8.0,0.125,0.125,Medium
SITE0218,11,0.215,Low Risk,-0.0579711795129084,Anomaly,0.0,0.0,14.0,20.0,0.1111111111111111,1.6666666666666667,20.0,0.05,0.05,Medium
SITE0125,8,0.195,Low Risk,-0.0050503466401009,Anomaly,3.0,1.0,14.0,18.0,0.06,2.1944444444444446,14.0,0.0,0.0,Medium
SITE0086,8,0.185,Low Risk,-0.0003463371010007,Anomaly,0.0,0.0,1.0,19.0,0.1489361702127659,2.3529411764705883,9.0,0.1111111111111111,0.1111111111111111,Medium
SITE0085,9,0.155,Low Risk,-0.0104064675574957,Anomaly,0.0,0.0,13.5,16.0,0.2926829268292683,1.9047619047619049,15.0,0.0666666666666666,0.0666666666666666,Medium
SITE0037,11,0.125,Low Risk,-0.0254765208996992,Anomaly,1.0,1.0,13.5,20.0,0.1724137931034483,1.9777777777777776,13.0,0.0769230769230769,0.0769230769230769,Medium
SITE0247,8,0.1,Low Risk,-0.0084135763067501,Anomaly,1.0,1.0,13.0,20.0,0.1818181818181818,1.711111111111111,12.0,0.0833333333333333,0.0833333333333333,Medium
SITE0233,8,0.395,Low Risk,0.0721537737070284,Normal,9.0,1.0,9.0,7.25,0.3888888888888889,2.7916666666666665,7.0,0.1428571428571428,0.1428571428571428,Low
SITE0009,9,0.395,Low Risk,0.004948442930052,Normal,6.0,0.0,8.0,18.5,0.16,2.1791044776119404,12.0,0.0,0.0,Low
SITE0232,9,0.395,Low Risk,0.1121671286220036,Normal,3.0,3.0,4.0,9.0,0.1555555555555555,2.3823529411764706,14.0,0.0714285714285714,0.0714285714285714,Low
SITE0071,8,0.39,Low Risk,0.0794234953595569,Normal,5.0,0.0,10.0,10.0,0.0909090909090909,2.3389830508474576,15.0,0.0,0.0,Low
SITE0018,9,0.39,Low Risk,0.1436352967534851,Normal,4.0,1.0,7.0,11.75,0.09375,1.9090909090909087,7.0,0.1428571428571428,0.1428571428571428,Low
SITE0022,9,0.39,Low Risk,0.0504371418682207,Normal,3.0,4.0,9.666666666666666,2.0,0.0638297872340425,1.9047619047619049,19.0,0.1052631578947368,0.1052631578947368,Low
SITE0136,11,0.39,Low Risk,0.0313212992009334,Normal,3.0,5.0,7.0,0.0,0.048780487804878,1.9264705882352944,11.0,0.0909090909090909,0.0909090909090909,Low
SITE0149,11,0.39,Low Risk,0.0674821557345286,Normal,4.0,2.0,2.0,0.0,0.2083333333333333,2.3194444444444446,17.0,0.0,0.0,Low
SITE0026,8,0.385,Low Risk,0.0705711465935625,Normal,4.0,4.0,3.0,10.0,0.0476190476190476,2.0476190476190474,9.0,0.0,0.0,Low
SITE0210,11,0.385,Low Risk,0.0095024366834417,Normal,3.0,5.0,10.0,0.0,0.2352941176470588,1.9215686274509804,12.0,0.0833333333333333,0.0833333333333333,Low
SITE0176,8,0.38,Low Risk,0.1262867239766792,Normal,3.0,2.0,8.0,4.0,0.0980392156862745,2.35,21.0,0.0476190476190476,0.0476190476190476,Low
SITE0162,9,0.38,Low Risk,0.1018899844823445,Normal,5.0,2.0,9.666666666666666,4.0,0.0666666666666666,1.625,12.0,0.0833333333333333,0.0833333333333333,Low
SITE0228,10,0.38,Low Risk,0.0753402561916729,Normal,1.0,3.0,2.6666666666666665,12.0,0.2321428571428571,2.1153846153846154,15.0,0.0,0.0,Low
SITE0024,11,0.38,Low Risk,0.1065174904942715,Normal,4.0,1.0,9.0,0.0,0.1428571428571428,2.1463414634146343,10.0,0.2,0.2,Low
SITE0096,8,0.375,Low Risk,0.0230813687645825,Normal,3.0,5.0,4.5,0.0,0.25,1.9428571428571428,6.0,0.0,0.0,Low
SITE0246,9,0.375,Low Risk,0.1087082743580412,Normal,3.0,4.0,8.857142857142858,11.0,0.125,2.4901960784313726,15.0,0.0,0.0,Low
SITE0006,11,0.375,Low Risk,0.1082613199610991,Normal,3.0,2.0,7.0,16.0,0.1372549019607843,2.272727272727273,13.0,0.0769230769230769,0.0769230769230769,Low
SITE0029,11,0.375,Low Risk,0.0684578460191428,Normal,2.0,3.0,0.0,5.5,0.2954545454545454,2.1166666666666667,23.0,0.0,0.0,Low
SITE0075,11,0.375,Low Risk,0.0810923169960027,Normal,3.0,0.0,0.0,13.5,0.1833333333333333,2.5324675324675323,21.0,0.0,0.0,Low
SITE0097,8,0.37,Low Risk,0.080922102309498,Normal,2.0,3.0,5.333333333333333,17.0,0.15,2.1607142857142856,18.0,0.0555555555555555,0.0555555555555555,Low
SITE0208,10,0.37,Low Risk,0.1207484558469899,Normal,2.0,2.0,8.0,14.666666666666666,0.217391304347826,2.03125,14.0,0.0,0.0,Low
SITE0096,9,0.365,Low Risk,0.0531722413481776,Normal,3.0,5.0,3.0,10.0,0.4074074074074074,2.5,9.0,0.0,0.0,Low
SITE0128,9,0.365,Low Risk,0.0024363838853351,Normal,2.0,3.0,14.0,0.0,0.0612244897959183,1.7820512820512822,10.0,0.0,0.0,Low
SITE0178,9,0.365,Low Risk,0.1333078925271483,Normal,3.0,3.0,6.0,12.0,0.1555555555555555,1.8615384615384616,12.0,0.0,0.0,Low
SITE0238,9,0.365,Low Risk,0.1414887825964052,Normal,4.0,1.0,7.875,11.0,0.1612903225806451,1.893617021276596,10.0,0.0,0.0,Low
SITE0211,10,0.365,Low Risk,0.0876968261945351,Normal,1.0,4.0,6.0,12.0,0.125,1.8833333333333333,13.0,0.1538461538461538,0.1538461538461538,Low
SITE0250,10,0.365,Low Risk,0.1195294256845229,Normal,1.0,2.0,9.0,6.5,0.1052631578947368,1.9761904761904765,15.0,0.2,0.2,Low
SITE0145,8,0.36,Low Risk,0.1143690635189648,Normal,4.0,1.0,3.0,10.0,0.2291666666666666,2.289855072463768,16.0,0.0,0.0,Low
SITE0010,9,0.36,Low Risk,0.0282861680818289,Normal,4.0,0.0,0.0,17.0,0.1212121212121212,1.7169811320754718,16.0,0.1875,0.1875,Low
SITE0052,10,0.36,Low Risk,0.1032743504438959,Normal,2.0,2.0,8.0,16.0,0.0612244897959183,1.4177215189873418,21.0,0.0476190476190476,0.0476190476190476,Low
SITE0063,10,0.36,Low Risk,0.1402976437673756,Normal,2.0,1.0,8.0,4.5,0.3777777777777777,1.957142857142857,22.0,0.0454545454545454,0.0454545454545454,Low
SITE0200,10,0.36,Low Risk,0.1324931710149711,Normal,1.0,2.0,8.0,10.0,0.1875,2.425287356321839,20.0,0.0,0.0,Low
SITE0179,11,0.36,Low Risk,0.0778816743964388,Normal,5.0,1.0,9.25,1.0,0.2307692307692307,1.7413793103448276,12.0,0.0833333333333333,0.0833333333333333,Low
SITE0185,11,0.36,Low Risk,0.103767300843003,Normal,3.0,1.0,11.0,0.0,0.1290322580645161,1.8888888888888888,18.0,0.0,0.0,Low
SITE0035,8,0.355,Low Risk,0.0069524629463409,Normal,1.0,5.0,8.2,19.0,0.0909090909090909,2.433333333333333,12.0,0.0,0.0,Low
SITE0054,8,0.355,Low Risk,0.0821680378337346,Normal,4.0,3.0,6.666666666666667,0.0,0.1333333333333333,2.0,10.0,0.2,0.2,Low
SITE0013,9,0.355,Low Risk,0.0757567458616926,Normal,3.0,3.0,3.0,15.0,0.1153846153846153,1.7123287671232876,20.0,0.05,0.05,Low
SITE0033,9,0.355,Low Risk,0.0435049088322531,Normal,3.0,0.0,11.0,18.0,0.1724137931034483,2.6,7.0,0.0,0.0,Low
SITE0040,9,0.355,Low Risk,0.0469032226256748,Normal,5.0,4.0,7.0,0.0,0.1363636363636363,1.6206896551724137,11.0,0.0,0.0,Low
SITE0058,9,0.355,Low Risk,0.0992307387079838,Normal,5.0,1.0,4.666666666666667,4.0,0.0888888888888888,2.485294117647059,16.0,0.3125,0.3125,Low
SITE0063,9,0.355,Low Risk,0.0793657649250736,Normal,2.0,1.0,5.5,19.0,0.38,2.0405405405405403,15.0,0.1333333333333333,0.1333333333333333,Low
SITE0072,9,0.355,Low Risk,0.100768572059488,Normal,2.0,3.0,8.0,15.0,0.0833333333333333,1.8028169014084507,8.0,0.25,0.25,Low
SITE0194,9,0.355,Low Risk,0.0948781515668852,Normal,2.0,2.0,2.0,5.0,0.2127659574468085,2.1066666666666665,21.0,0.0,0.0,Low
SITE0243,9,0.355,Low Risk,0.0523019957608503,Normal,0.0,0.0,12.0,6.0,0.0816326530612244,2.3835616438356166,10.0,0.0,0.0,Low
SITE0102,11,0.355,Low Risk,0.0065827476498947,Normal,7.0,0.0,1.0,12.5,0.0789473684210526,2.4107142857142856,12.0,0.25,0.25,Low
SITE0116,11,0.35,Low Risk,0.140627190504828,Normal,3.0,2.0,7.333333333333333,7.666666666666667,0.2407407407407407,1.7160493827160497,12.0,0.0833333333333333,0.0833333333333333,Low
SITE0205,11,0.35,Low Risk,0.1077525691050299,Normal,4.0,0.0,5.0,11.5,0.0666666666666666,1.7083333333333333,10.0,0.1,0.1,Low
SITE0250,8,0.345,Low Risk,0.0888555964975278,Normal,3.0,0.0,0.0,0.0,0.1875,2.1323529411764706,20.0,0.0,0.0,Low
SITE0102,9,0.345,Low Risk,0.085773099427491,Normal,5.0,0.0,4.5,8.8,0.2340425531914893,2.057142857142857,15.0,0.1333333333333333,0.1333333333333333,Low
SITE0179,10,0.345,Low Risk,0.0643749956018955,Normal,2.0,4.0,10.666666666666666,8.666666666666666,0.1860465116279069,1.824561403508772,10.0,0.1,0.1,Low
SITE0008,11,0.345,Low Risk,0.1152425698283153,Normal,2.0,2.0,10.0,14.0,0.0576923076923076,1.902439024390244,11.0,0.0909090909090909,0.0909090909090909,Low
SITE0017,8,0.34,Low Risk,0.117804984392588,Normal,1.0,0.0,7.666666666666667,0.0,0.3461538461538461,2.0,16.0,0.125,0.125,Low
SITE0121,8,0.34,Low Risk,0.0418551549124506,Normal,5.0,1.0,13.0,11.333333333333334,0.075,2.067796610169492,7.0,0.0,0.0,Low
SITE0143,8,0.34,Low Risk,0.120744091240006,Normal,2.0,0.0,5.5,0.0,0.2758620689655172,2.042553191489361,8.0,0.0,0.0,Low
SITE0174,8,0.34,Low Risk,0.1410130456422778,Normal,2.0,2.0,6.0,12.5,0.2631578947368421,2.0727272727272728,16.0,0.0625,0.0625,Low
SITE0189,8,0.34,Low Risk,0.0087739909562345,Normal,3.0,5.0,2.333333333333333,16.0,0.1489361702127659,2.4788732394366195,11.0,0.0,0.0,Low
SITE0187,9,0.34,Low Risk,0.0640435115583504,Normal,4.0,0.0,10.666666666666666,3.0,0.1904761904761904,1.7017543859649122,13.0,0.1538461538461538,0.1538461538461538,Low
SITE0230,9,0.34,Low Risk,0.1077426049581681,Normal,1.0,1.0,8.666666666666666,16.0,0.2153846153846154,2.231578947368421,19.0,0.1052631578947368,0.1052631578947368,Low
SITE0036,10,0.34,Low Risk,0.1119797393046061,Normal,2.0,1.0,5.5,17.0,0.3269230769230769,2.1875,19.0,0.0,0.0,Low
SITE0148,10,0.34,Low Risk,0.0960953965928787,Normal,0.0,2.0,9.5,7.666666666666667,0.1785714285714285,2.5783132530120483,16.0,0.0,0.0,Low
SITE0067,11,0.34,Low Risk,0.0974986363029951,Normal,2.0,1.0,12.0,6.0,0.2272727272727272,1.582089552238806,18.0,0.0,0.0,Low
SITE0188,8,0.335,Low Risk,0.1142158419605609,Normal,2.0,0.0,4.0,6.0,0.1269841269841269,1.9325842696629207,15.0,0.0,0.0,Low
SITE0190,8,0.335,Low Risk,0.0642715761731671,Normal,3.0,5.0,5.25,6.0,0.2121212121212121,1.8979591836734693,16.0,0.0625,0.0625,Low
SITE0088,9,0.335,Low Risk,0.0418098747383293,Normal,6.0,1.0,5.333333333333333,18.0,0.225,1.8823529411764703,13.0,0.0,0.0,Low
SITE0214,9,0.335,Low Risk,0.0730877071015644,Normal,0.0,0.0,8.333333333333334,15.0,0.3157894736842105,2.310344827586207,13.0,0.0,0.0,Low
SITE0037,10,0.335,Low Risk,0.0920087190237216,Normal,5.0,0.0,8.666666666666666,11.0,0.2580645161290322,1.8125,8.0,0.0,0.0,Low
SITE0021,8,0.33,Low Risk,0.0555937050956965,Normal,4.0,0.0,0.0,0.0,0.1864406779661017,1.6451612903225807,18.0,0.0,0.0,Low
SITE0064,9,0.33,Low Risk,0.071675126078252,Normal,1.0,2.0,12.0,0.0,0.2708333333333333,2.4805194805194803,12.0,0.0833333333333333,0.0833333333333333,Low
SITE0044,10,0.33,Low Risk,0.0533029824863904,Normal,2.0,3.0,0.0,14.0,0.2272727272727272,2.106060606060606,13.0,0.0,0.0,Low
SITE0203,10,0.33,Low Risk,0.0578517126671459,Normal,5.0,3.0,9.666666666666666,0.0,0.04,1.5757575757575757,7.0,0.0,0.0,Low
SITE0247,10,0.33,Low Risk,0.0393579649105269,Normal,5.0,0.0,0.0,11.0,0.2592592592592592,2.090909090909091,13.0,0.0,0.0,Low
SITE0110,11,0.33,Low Risk,0.1022501484391685,Normal,3.0,3.0,10.666666666666666,10.0,0.1666666666666666,1.945454545454545,8.0,0.125,0.125,Low
SITE0169,11,0.33,Low Risk,0.0858896163924339,Normal,4.0,1.0,11.0,0.0,0.125,2.234042553191489,11.0,0.0,0.0,Low
SITE0089,8,0.325,Low Risk,0.1103787527289224,Normal,1.0,2.0,6.75,3.0,0.2619047619047619,2.436619718309859,10.0,0.1,0.1,Low
SITE0124,8,0.325,Low Risk,0.1010990097381685,Normal,3.0,1.0,2.0,0.0,0.25,2.3157894736842106,16.0,0.0625,0.0625,Low
SITE0017,9,0.325,Low Risk,0.1132965517045954,Normal,2.0,0.0,9.5,0.0,0.3617021276595745,1.92,17.0,0.0,0.0,Low
SITE0049,10,0.325,Low Risk,0.0541593731976554,Normal,3.0,3.0,0.0,0.0,0.18,2.3013698630136985,16.0,0.0,0.0,Low
SITE0163,10,0.325,Low Risk,0.1131048930547825,Normal,2.0,0.0,4.0,0.0,0.074074074074074,1.7662337662337662,22.0,0.0,0.0,Low
SITE0006,8,0.32,Low Risk,0.1171190203333831,Normal,2.0,2.0,4.0,0.0,0.1020408163265306,2.2133333333333334,20.0,0.05,0.05,Low
SITE0021,9,0.32,Low Risk,0.0485255147843606,Normal,0.0,1.0,13.0,0.0,0.2542372881355932,2.6931818181818183,21.0,0.0952380952380952,0.0952380952380952,Low
SITE0032,9,0.32,Low Risk,0.0795911482802782,Normal,0.0,3.0,5.0,8.0,0.2571428571428571,2.0416666666666665,24.0,0.0416666666666666,0.0416666666666666,Low
SITE0151,9,0.32,Low Risk,0.1155013619703895,Normal,0.0,1.0,5.5,11.0,0.0909090909090909,2.2745098039215685,12.0,0.0,0.0,Low
SITE0180,9,0.32,Low Risk,0.1032848209205931,Normal,5.0,1.0,10.0,5.0,0.303030303030303,1.679245283018868,12.0,0.0,0.0,Low
SITE0188,9,0.32,Low Risk,0.0484164548777937,Normal,1.0,0.0,0.0,18.0,0.087719298245614,2.6265060240963853,19.0,0.0526315789473684,0.0526315789473684,Low
SITE0099,11,0.32,Low Risk,0.0890036927507985,Normal,3.0,2.0,0.0,10.0,0.3,2.0357142857142856,20.0,0.1,0.1,Low
SITE0152,11,0.32,Low Risk,0.1125441683648133,Normal,1.0,0.0,10.0,12.5,0.1111111111111111,1.8333333333333333,14.0,0.0,0.0,Low
SITE0250,11,0.32,Low Risk,0.0716659452787981,Normal,3.0,1.0,0.0,16.0,0.1020408163265306,1.92,22.0,0.1818181818181818,0.1818181818181818,Low
SITE0010,8,0.315,Low Risk,0.0631839674964617,Normal,6.0,0.0,4.0,9.0,0.054054054054054,2.0727272727272728,10.0,0.0,0.0,Low
SITE0224,8,0.315,Low Risk,0.1034522774548172,Normal,2.0,2.0,7.5,16.0,0.1428571428571428,1.808219178082192,18.0,0.0,0.0,Low
SITE0026,9,0.315,Low Risk,0.1028813747679774,Normal,2.0,2.0,6.0,17.0,0.1333333333333333,2.136986301369863,19.0,0.0,0.0,Low
SITE0039,9,0.315,Low Risk,0.0704896484845217,Normal,4.0,0.0,0.0,10.5,0.1702127659574468,1.7272727272727273,11.0,0.2727272727272727,0.2727272727272727,Low
SITE0185,9,0.315,Low Risk,0.0791177841506305,Normal,2.0,2.0,2.0,2.0,0.2363636363636363,1.8571428571428568,13.0,0.0,0.0,Low
SITE0202,9,0.315,Low Risk,0.0741311456846354,Normal,0.0,3.0,10.5,9.5,0.2826086956521739,1.619047619047619,12.0,0.0,0.0,Low
SITE0006,10,0.315,Low Risk,0.0888555964975278,Normal,3.0,0.0,0.0,0.0,0.0555555555555555,2.0,15.0,0.0,0.0,Low
SITE0023,10,0.315,Low Risk,0.1406794039625059,Normal,2.0,0.0,7.0,12.0,0.025,1.9661016949152543,19.0,0.0,0.0,Low
SITE0122,10,0.315,Low Risk,0.1075842416887876,Normal,4.0,2.0,6.25,2.6666666666666665,0.0545454545454545,2.1463414634146343,16.0,0.0,0.0,Low
SITE0249,10,0.315,Low Risk,0.0962642907180488,Normal,1.0,2.0,11.0,14.0,0.1132075471698113,1.9,18.0,0.0,0.0,Low
SITE0230,11,0.315,Low Risk,0.0599274532285192,Normal,2.0,3.0,0.0,0.0,0.12,2.013888888888889,11.0,0.0,0.0,Low
SITE0019,8,0.31,Low Risk,0.0273538246088967,Normal,3.0,5.0,12.0,9.0,0.125,1.45,8.0,0.0,0.0,Low
SITE0120,8,0.31,Low Risk,0.012816792717037,Normal,4.0,2.0,2.0,19.0,0.1290322580645161,1.8297872340425527,6.0,0.1666666666666666,0.1666666666666666,Low
SITE0134,8,0.31,Low Risk,0.1129108581603575,Normal,2.0,3.0,5.0,5.0,0.2972972972972973,1.7454545454545454,9.0,0.2222222222222222,0.2222222222222222,Low
SITE0014,9,0.31,Low Risk,0.1194208248501527,Normal,2.0,1.0,0.0,0.0,0.125,1.8,9.0,0.1111111111111111,0.1111111111111111,Low
SITE0212,9,0.31,Low Risk,0.0631407580126062,Normal,4.0,0.0,0.0,6.0,0.3076923076923077,2.333333333333333,10.0,0.0,0.0,Low
SITE0056,10,0.31,Low Risk,0.0334650823660899,Normal,2.0,3.0,0.0,16.0,0.0181818181818181,2.012987012987013,12.0,0.0,0.0,Low
SITE0160,10,0.31,Low Risk,0.1049088527435654,Normal,4.0,0.0,4.5,11.5,0.1914893617021276,2.353846153846154,17.0,0.0,0.0,Low
SITE0012,11,0.31,Low Risk,0.1060434438463067,Normal,1.0,0.0,0.0,8.0,0.3018867924528302,2.0,15.0,0.1333333333333333,0.1333333333333333,Low
SITE0148,8,0.305,Low Risk,0.0690456445114295,Normal,4.0,0.0,0.0,9.666666666666666,0.1333333333333333,1.887323943661972,17.0,0.0588235294117647,0.0588235294117647,Low
SITE0228,8,0.305,Low Risk,0.0997019422793069,Normal,1.0,0.0,11.0,12.0,0.3,2.08955223880597,16.0,0.0625,0.0625,Low
SITE0050,10,0.305,Low Risk,0.1037326321538391,Normal,4.0,0.0,6.0,13.333333333333334,0.2571428571428571,2.0576923076923075,18.0,0.0555555555555555,0.0555555555555555,Low
SITE0034,11,0.305,Low Risk,0.0982388981213025,Normal,1.0,1.0,0.0,14.0,0.0294117647058823,2.0727272727272728,16.0,0.0625,0.0625,Low
SITE0106,11,0.305,Low Risk,0.1122548172986344,Normal,3.0,2.0,11.0,11.5,0.2162162162162162,2.2363636363636363,13.0,0.0,0.0,Low
SITE0108,11,0.305,Low Risk,0.1170343950275903,Normal,4.0,1.0,5.75,3.6666666666666665,0.0857142857142857,2.2115384615384617,15.0,0.0,0.0,Low
SITE0189,11,0.305,Low Risk,0.0895016516782723,Normal,0.0,3.0,6.333333333333333,9.666666666666666,0.1578947368421052,1.6415094339622642,15.0,0.0,0.0,Low
SITE0240,11,0.305,Low Risk,0.1455919907620461,Normal,1.0,1.0,8.0,10.0,0.2222222222222222,2.175,8.0,0.0,0.0,Low
SITE0036,8,0.3,Low Risk,0.1029283748026096,Normal,4.0,1.0,4.0,0.0,0.2291666666666666,1.9295774647887325,13.0,0.0,0.0,Low
SITE0041,8,0.3,Low Risk,0.0751246368957535,Normal,3.0,2.0,2.0,1.0,0.2040816326530612,2.2222222222222223,9.0,0.0,0.0,Low
SITE0073,8,0.3,Low Risk,0.0515071490881012,Normal,0.0,2.0,5.5,18.0,0.0816326530612244,1.68,14.0,0.0,0.0,Low
SITE0134,9,0.3,Low Risk,0.0143023018722289,Normal,2.0,5.0,1.0,7.333333333333333,0.1666666666666666,1.9615384615384608,10.0,0.0,0.0,Low
SITE0149,8,0.295,Low Risk,0.1227716434276572,Normal,1.0,1.0,6.0,2.0,0.2745098039215686,2.3375,25.0,0.2,0.2,Low
SITE0105,9,0.295,Low Risk,0.1046761292015731,Normal,2.0,0.0,0.0,0.0,0.1923076923076923,1.6493506493506491,21.0,0.0,0.0,Low
SITE0167,9,0.295,Low Risk,0.1417775746554717,Normal,3.0,2.0,7.666666666666667,11.5,0.0666666666666666,2.0681818181818183,11.0,0.0,0.0,Low
SITE0119,10,0.295,Low Risk,0.0992444950307266,Normal,0.0,2.0,5.0,7.5,0.1153846153846153,2.050632911392405,11.0,0.0,0.0,Low
SITE0038,11,0.295,Low Risk,0.0378243994109701,Normal,6.0,0.0,4.0,15.0,0.28,2.246575342465753,23.0,0.0,0.0,Low
SITE0089,11,0.295,Low Risk,0.0901564821916997,Normal,2.0,4.0,7.0,13.666666666666666,0.1724137931034483,2.022727272727273,8.0,0.125,0.125,Low
SITE0130,11,0.295,Low Risk,0.0894114041223132,Normal,0.0,1.0,0.0,9.5,0.2558139534883721,2.3125,8.0,0.0,0.0,Low
SITE0113,8,0.29,Low Risk,0.1144041126579115,Normal,2.0,0.0,9.5,6.0,0.1276595744680851,2.25,14.0,0.0,0.0,Low
SITE0139,8,0.29,Low Risk,0.1334982595037577,Normal,1.0,1.0,6.5,0.0,0.15,1.875,18.0,0.1111111111111111,0.1111111111111111,Low
SITE0024,9,0.29,Low Risk,0.0939062452764152,Normal,1.0,0.0,2.0,11.0,0.2941176470588235,2.311111111111111,16.0,0.125,0.125,Low
SITE0089,9,0.29,Low Risk,0.0694251746507002,Normal,2.0,4.0,10.75,10.0,0.1904761904761904,1.7627118644067796,12.0,0.0,0.0,Low
SITE0009,10,0.29,Low Risk,0.1286051635569207,Normal,3.0,1.0,8.0,15.0,0.2444444444444444,1.8571428571428568,15.0,0.0666666666666666,0.0666666666666666,Low
SITE0013,10,0.29,Low Risk,0.0442694888952672,Normal,0.0,2.0,13.0,9.5,0.1555555555555555,2.5072463768115942,13.0,0.0,0.0,Low
SITE0143,11,0.29,Low Risk,0.1357947885654044,Normal,1.0,1.0,8.0,0.0,0.2608695652173913,2.057142857142857,13.0,0.0,0.0,Low
SITE0243,11,0.29,Low Risk,0.0714101343356374,Normal,4.0,0.0,10.5,0.0,0.1136363636363636,2.292307692307692,13.0,0.0,0.0,Low
SITE0230,8,0.285,Low Risk,0.1243867294884056,Normal,1.0,1.0,0.0,0.0,0.2461538461538461,2.065934065934066,15.0,0.0,0.0,Low
SITE0123,9,0.285,Low Risk,0.1125929242543562,Normal,1.0,2.0,9.0,0.0,0.0851063829787234,2.323943661971831,7.0,0.1428571428571428,0.1428571428571428,Low
SITE0152,9,0.285,Low Risk,0.1232320933618075,Normal,2.0,0.0,6.5,13.5,0.22,2.710526315789474,14.0,0.0714285714285714,0.0714285714285714,Low
SITE0088,10,0.285,Low Risk,0.0114486334160518,Normal,3.0,4.0,0.0,0.0,0.2051282051282051,2.2033898305084745,15.0,0.1333333333333333,0.1333333333333333,Low
SITE0149,10,0.285,Low Risk,0.0718183166757607,Normal,2.0,0.0,0.0,16.0,0.2280701754385964,1.938271604938272,19.0,0.0526315789473684,0.0526315789473684,Low
SITE0027,8,0.28,Low Risk,0.1003358409601934,Normal,5.0,0.0,6.25,10.75,0.0526315789473684,2.358490566037736,12.0,0.0,0.0,Low
SITE0063,8,0.28,Low Risk,0.0788246477481635,Normal,0.0,0.0,0.0,7.666666666666667,0.2448979591836734,1.9240506329113924,19.0,0.0,0.0,Low
SITE0225,8,0.28,Low Risk,0.0974033435649885,Normal,1.0,2.0,11.5,8.0,0.1489361702127659,2.1029411764705883,18.0,0.0555555555555555,0.0555555555555555,Low
SITE0150,9,0.28,Low Risk,0.112396428623279,Normal,1.0,1.0,7.0,16.0,0.2,2.238095238095238,11.0,0.0,0.0,Low
SITE0188,10,0.28,Low Risk,0.0106391486304912,Normal,1.0,0.0,0.0,20.0,0.0833333333333333,1.68,18.0,0.0,0.0,Low
SITE0078,11,0.28,Low Risk,0.1101045847649747,Normal,1.0,1.0,2.0,0.0,0.1666666666666666,1.7333333333333334,11.0,0.0,0.0,Low
SITE0138,11,0.28,Low Risk,0.0031249913645932,Normal,0.0,0.0,0.0,19.0,0.1714285714285714,1.7017543859649122,15.0,0.0666666666666666,0.0666666666666666,Low
SITE0195,11,0.28,Low Risk,0.1405913864795226,Normal,1.0,1.0,5.5,10.0,0.1142857142857142,2.586206896551724,11.0,0.0909090909090909,0.0909090909090909,Low
SITE0242,11,0.28,Low Risk,0.08161590449087,Normal,4.0,0.0,3.0,6.0,0.2162162162162162,2.1607142857142856,9.0,0.1111111111111111,0.1111111111111111,Low
SITE0008,8,0.275,Low Risk,0.1343216034996034,Normal,2.0,2.0,7.0,6.666666666666667,0.0,1.4603174603174602,15.0,0.0,0.0,Low
SITE0023,8,0.275,Low Risk,0.1237896741249898,Normal,1.0,1.0,5.0,3.5,0.1929824561403508,2.3068181818181817,10.0,0.0,0.0,Low
SITE0106,8,0.275,Low Risk,0.1124389142217029,Normal,4.0,0.0,7.0,7.0,0.1578947368421052,2.4074074074074074,11.0,0.0,0.0,Low
SITE0172,8,0.275,Low Risk,0.0226750492958455,Normal,0.0,2.0,14.0,9.5,0.1041666666666666,2.242424242424242,10.0,0.1,0.1,Low
SITE0041,9,0.275,Low Risk,0.1112974612287978,Normal,1.0,1.0,11.333333333333334,10.0,0.0227272727272727,2.034482758620689,18.0,0.0,0.0,Low
SITE0066,9,0.275,Low Risk,0.1170002019085215,Normal,2.0,1.0,10.333333333333334,4.0,0.108695652173913,2.1864406779661016,9.0,0.1111111111111111,0.1111111111111111,Low
SITE0116,9,0.275,Low Risk,0.127321451264904,Normal,3.0,0.0,7.666666666666667,9.25,0.1521739130434782,2.3181818181818183,13.0,0.0,0.0,Low
SITE0017,10,0.275,Low Risk,0.1103126548482543,Normal,1.0,0.0,0.0,10.5,0.3076923076923077,1.819672131147541,18.0,0.0555555555555555,0.0555555555555555,Low
SITE0032,11,0.275,Low Risk,0.0967791321879387,Normal,0.0,2.0,6.5,5.0,0.1904761904761904,2.546875,15.0,0.0666666666666666,0.0666666666666666,Low
SITE0036,11,0.275,Low Risk,0.0395478473702943,Normal,0.0,0.0,13.0,0.0,0.2941176470588235,1.7066666666666668,12.0,0.0833333333333333,0.0833333333333333,Low
SITE0085,11,0.275,Low Risk,0.129004565794467,Normal,3.0,0.0,8.333333333333334,11.666666666666666,0.0333333333333333,1.7727272727272727,11.0,0.0909090909090909,0.0909090909090909,Low
SITE0151,11,0.275,Low Risk,0.0504236287712761,Normal,1.0,1.0,3.0,19.0,0.2222222222222222,1.542857142857143,12.0,0.0,0.0,Low
SITE0119,8,0.27,Low Risk,0.1263464743380514,Normal,3.0,0.0,7.0,7.0,0.1851851851851851,2.3157894736842106,23.0,0.0869565217391304,0.0869565217391304,Low
SITE0141,8,0.27,Low Risk,0.0778596517814201,Normal,0.0,1.0,8.5,17.0,0.04,2.0921052631578947,23.0,0.0434782608695652,0.0434782608695652,Low
SITE0178,8,0.27,Low Risk,0.1193158917435879,Normal,1.0,1.0,10.666666666666666,10.0,0.275,1.7903225806451613,26.0,0.0,0.0,Low
SITE0168,9,0.27,Low Risk,0.1260608581608968,Normal,2.0,0.0,6.0,0.0,0.2,1.3571428571428572,11.0,0.0909090909090909,0.0909090909090909,Low
SITE0146,10,0.27,Low Risk,0.1277981955764003,Normal,2.0,1.0,9.0,15.0,0.25,2.3157894736842106,14.0,0.1428571428571428,0.1428571428571428,Low
SITE0189,10,0.27,Low Risk,0.1368185456058028,Normal,2.0,1.0,6.4,14.0,0.2195121951219512,1.9838709677419355,16.0,0.0,0.0,Low
SITE0052,11,0.27,Low Risk,0.1243867294884056,Normal,1.0,1.0,0.0,0.0,0.0384615384615384,2.073170731707317,16.0,0.1875,0.1875,Low
SITE0125,11,0.27,Low Risk,0.10113254362993,Normal,3.0,0.0,10.5,9.25,0.05,1.8363636363636364,15.0,0.0,0.0,Low
SITE0029,8,0.265,Low Risk,0.040224435227238,Normal,2.0,1.0,0.0,19.0,0.1296296296296296,2.5875,17.0,0.1176470588235294,0.1176470588235294,Low
SITE0038,8,0.265,Low Risk,0.0261390415066936,Normal,0.0,0.0,13.5,11.666666666666666,0.2272727272727272,1.876923076923077,16.0,0.125,0.125,Low
SITE0169,8,0.265,Low Risk,0.073500096467177,Normal,4.0,1.0,6.5,18.0,0.1379310344827586,1.5121951219512195,6.0,0.0,0.0,Low
SITE0185,8,0.265,Low Risk,0.1180348527595762,Normal,2.0,0.0,5.0,0.0,0.2075471698113207,2.27027027027027,18.0,0.0,0.0,Low
SITE0029,9,0.265,Low Risk,0.1004034608569414,Normal,0.0,0.0,6.0,0.0,0.1956521739130435,2.486111111111111,17.0,0.0588235294117647,0.0588235294117647,Low
SITE0073,9,0.265,Low Risk,0.0378198725203982,Normal,0.0,0.0,0.0,16.5,0.2040816326530612,1.8611111111111112,7.0,0.2857142857142857,0.2857142857142857,Low
SITE0110,9,0.265,Low Risk,0.0722359048519563,Normal,1.0,1.0,5.0,19.0,0.1290322580645161,2.409090909090909,12.0,0.0833333333333333,0.0833333333333333,Low
SITE0222,9,0.265,Low Risk,0.0837893654484306,Normal,2.0,0.0,0.0,15.0,0.3061224489795918,2.168831168831169,11.0,0.0,0.0,Low
SITE0215,10,0.265,Low Risk,0.0002450054874155,Normal,6.0,0.0,0.0,0.0,0.2,2.520833333333333,3.0,0.0,0.0,Low
SITE0061,11,0.265,Low Risk,0.0890599465742287,Normal,0.0,1.0,11.0,8.5,0.1521739130434782,1.953125,13.0,0.0769230769230769,0.0769230769230769,Low
SITE0222,11,0.265,Low Risk,0.1034357739308119,Normal,2.0,0.0,9.0,15.0,0.3333333333333333,1.626865671641791,16.0,0.0,0.0,Low
SITE0138,9,0.26,Low Risk,0.087254407509446,Normal,1.0,2.0,5.0,17.0,0.0697674418604651,2.56140350877193,13.0,0.2307692307692307,0.2307692307692307,Low
SITE0014,10,0.26,Low Risk,0.0463856383543931,Normal,1.0,0.0,4.333333333333333,19.0,0.2452830188679245,1.6341463414634143,16.0,0.125,0.125,Low
SITE0081,11,0.26,Low Risk,0.034301142249008,Normal,5.0,2.0,0.0,0.0,0.15625,2.282608695652174,19.0,0.1052631578947368,0.1052631578947368,Low
SITE0183,8,0.255,Low Risk,0.0729272180395819,Normal,5.0,1.0,3.0,0.0,0.1142857142857142,1.28,7.0,0.0,0.0,Low
SITE0114,9,0.255,Low Risk,0.1520319216068541,Normal,2.0,1.0,8.0,11.333333333333334,0.2,2.2142857142857144,9.0,0.1111111111111111,0.1111111111111111,Low
SITE0141,9,0.255,Low Risk,0.0557405107691084,Normal,0.0,2.0,0.0,13.0,0.08,1.8115942028985508,22.0,0.0454545454545454,0.0454545454545454,Low
SITE0145,9,0.255,Low Risk,0.096259290139789,Normal,0.0,0.0,8.0,7.333333333333333,0.2325581395348837,2.098360655737705,11.0,0.0,0.0,Low
SITE0031,10,0.255,Low Risk,0.0312087094554558,Normal,1.0,0.0,13.0,16.0,0.1891891891891892,1.896551724137931,9.0,0.0,0.0,Low
SITE0066,10,0.255,Low Risk,0.0923264269857511,Normal,3.0,0.0,4.0,15.0,0.1111111111111111,2.3766233766233764,13.0,0.2307692307692307,0.2307692307692307,Low
SITE0136,10,0.255,Low Risk,0.0637705393327127,Normal,0.0,2.0,0.0,9.0,0.0238095238095238,1.984615384615385,23.0,0.0869565217391304,0.0869565217391304,Low
SITE0150,10,0.255,Low Risk,0.1194460933813995,Normal,2.0,0.0,6.5,4.0,0.196078431372549,1.6933333333333334,15.0,0.0666666666666666,0.0666666666666666,Low
SITE0151,10,0.255,Low Risk,0.0359410546122297,Normal,3.0,2.0,0.0,18.0,0.0588235294117647,2.1702127659574466,24.0,0.0833333333333333,0.0833333333333333,Low
SITE0183,10,0.255,Low Risk,0.0930123309503873,Normal,3.0,0.0,11.0,11.0,0.048780487804878,1.5593220338983051,9.0,0.0,0.0,Low
SITE0097,11,0.255,Low Risk,0.1285657229133877,Normal,3.0,2.0,9.8,8.833333333333334,0.2307692307692307,1.912280701754386,22.0,0.0909090909090909,0.0909090909090909,Low
SITE0174,11,0.255,Low Risk,0.1065174904942715,Normal,4.0,1.0,9.0,0.0,0.1463414634146341,1.9838709677419355,13.0,0.0,0.0,Low
SITE0044,8,0.25,Low Risk,0.0274267362919052,Normal,0.0,0.0,3.0,18.0,0.0681818181818181,1.71875,22.0,0.0454545454545454,0.0454545454545454,Low
SITE0160,8,0.25,Low Risk,0.018542469082793,Normal,0.0,1.0,14.0,6.5,0.1224489795918367,2.347826086956522,18.0,0.0555555555555555,0.0555555555555555,Low
SITE0036,9,0.25,Low Risk,0.0956624462990109,Normal,1.0,2.0,0.0,9.5,0.25,1.579710144927536,16.0,0.0,0.0,Low
SITE0125,9,0.25,Low Risk,0.040545335861738,Normal,5.0,0.0,0.0,6.5,0.0666666666666666,2.1129032258064515,14.0,0.0714285714285714,0.0714285714285714,Low
SITE0103,10,0.25,Low Risk,0.0805763056856898,Normal,4.0,0.0,5.0,3.0,0.1851851851851851,2.769230769230769,9.0,0.0,0.0,Low
SITE0113,10,0.25,Low Risk,0.1143718279973732,Normal,3.0,0.0,8.0,0.0,0.2558139534883721,1.7666666666666666,17.0,0.0588235294117647,0.0588235294117647,Low
SITE0170,10,0.25,Low Risk,0.112679859518478,Normal,3.0,1.0,6.0,17.0,0.0909090909090909,2.037037037037037,9.0,0.0,0.0,Low
SITE0031,11,0.25,Low Risk,0.1362771946036107,Normal,3.0,1.0,5.0,8.0,0.2580645161290322,2.32,15.0,0.0666666666666666,0.0666666666666666,Low
SITE0056,11,0.25,Low Risk,0.072970205728775,Normal,1.0,0.0,12.0,6.0,0.0377358490566037,2.381578947368421,19.0,0.1052631578947368,0.1052631578947368,Low
SITE0167,11,0.25,Low Risk,0.0569572805109752,Normal,4.0,2.0,1.0,0.0,0.24,2.0,11.0,0.3636363636363636,0.3636363636363636,Low
SITE0044,9,0.245,Low Risk,0.046749980455382,Normal,1.0,2.0,8.0,20.0,0.15,2.0892857142857144,12.0,0.1666666666666666,0.1666666666666666,Low
SITE0107,9,0.245,Low Risk,0.1106734181359954,Normal,3.0,0.0,9.0,4.5,0.21875,1.6521739130434785,10.0,0.0,0.0,Low
SITE0113,9,0.245,Low Risk,0.149308678145725,Normal,2.0,1.0,9.0,10.0,0.1363636363636363,1.4615384615384617,20.0,0.0,0.0,Low
SITE0139,10,0.245,Low Risk,0.0513076021811426,Normal,0.0,1.0,11.0,17.0,0.2884615384615384,2.1265822784810124,10.0,0.0,0.0,Low
SITE0147,10,0.245,Low Risk,0.0359410546122297,Normal,3.0,2.0,0.0,18.0,0.1944444444444444,1.5490196078431373,9.0,0.1111111111111111,0.1111111111111111,Low
SITE0197,10,0.245,Low Risk,0.0786441653563906,Normal,3.0,0.0,5.0,17.0,0.15625,1.74,17.0,0.0,0.0,Low
SITE0237,10,0.245,Low Risk,0.1276119467043752,Normal,4.0,1.0,4.0,9.0,0.1388888888888889,2.358490566037736,12.0,0.0,0.0,Low
SITE0065,11,0.245,Low Risk,0.1353311573027598,Normal,2.0,1.0,9.666666666666666,13.0,0.1764705882352941,1.851851851851852,10.0,0.0,0.0,Low
SITE0208,11,0.245,Low Risk,0.0958182983373095,Normal,0.0,0.0,8.5,11.5,0.25,2.298507462686567,9.0,0.0,0.0,Low
SITE0065,8,0.24,Low Risk,0.1077339362553161,Normal,3.0,1.0,0.0,9.5,0.4,1.92,18.0,0.0,0.0,Low
SITE0195,8,0.24,Low Risk,0.0912756013324183,Normal,2.0,2.0,2.0,0.0,0.1923076923076923,2.230769230769231,14.0,0.1428571428571428,0.1428571428571428,Low
SITE0016,9,0.24,Low Risk,0.0600119170306414,Normal,0.0,0.0,0.0,14.0,0.4782608695652174,2.4705882352941178,12.0,0.0833333333333333,0.0833333333333333,Low
SITE0067,9,0.24,Low Risk,0.0945443521023822,Normal,2.0,1.0,3.0,16.0,0.1666666666666666,2.075949367088608,18.0,0.1111111111111111,0.1111111111111111,Low
SITE0078,9,0.24,Low Risk,0.0753591928925609,Normal,0.0,2.0,6.0,15.5,0.1612903225806451,2.3125,10.0,0.1,0.1,Low
SITE0135,9,0.24,Low Risk,0.0110645219795858,Normal,0.0,2.0,0.0,18.0,0.2121212121212121,1.4074074074074074,11.0,0.0,0.0,Low
SITE0120,10,0.24,Low Risk,0.0596726477669961,Normal,1.0,2.0,12.0,1.0,0.3333333333333333,2.03125,7.0,0.1428571428571428,0.1428571428571428,Low
SITE0166,10,0.24,Low Risk,0.0389590179213932,Normal,0.0,2.0,13.0,11.333333333333334,0.0975609756097561,2.1666666666666665,14.0,0.0714285714285714,0.0714285714285714,Low
SITE0209,10,0.24,Low Risk,0.1171489824330651,Normal,2.0,2.0,9.5,4.0,0.21875,2.42,12.0,0.0,0.0,Low
SITE0170,11,0.24,Low Risk,0.1404318627344836,Normal,3.0,1.0,5.2,11.0,0.1666666666666666,2.5789473684210527,12.0,0.0,0.0,Low
SITE0124,9,0.235,Low Risk,0.1132835321416467,Normal,2.0,2.0,11.0,10.5,0.2244897959183673,1.8285714285714283,21.0,0.0476190476190476,0.0476190476190476,Low
SITE0208,9,0.235,Low Risk,0.0887051528676725,Normal,2.0,0.0,1.0,7.0,0.0961538461538461,2.2054794520547945,15.0,0.0,0.0,Low
SITE0074,10,0.235,Low Risk,0.1172033313938436,Normal,0.0,1.0,7.5,7.0,0.1081081081081081,1.827586206896552,11.0,0.0909090909090909,0.0909090909090909,Low
SITE0091,10,0.235,Low Risk,0.1056436255447552,Normal,1.0,0.0,0.0,11.0,0.1176470588235294,1.9803921568627447,22.0,0.1363636363636363,0.1363636363636363,Low
SITE0105,10,0.235,Low Risk,0.0023638134305119,Normal,2.0,2.0,0.0,20.0,0.1132075471698113,2.131578947368421,11.0,0.1818181818181818,0.1818181818181818,Low
SITE0066,11,0.235,Low Risk,0.123899068216083,Normal,1.0,0.0,7.0,0.0,0.0625,1.962962962962963,13.0,0.0,0.0,Low
SITE0147,11,0.235,Low Risk,0.0534764309740178,Normal,0.0,0.0,12.0,0.0,0.064516129032258,2.325,12.0,0.0,0.0,Low
SITE0228,11,0.235,Low Risk,0.1196641187540178,Normal,1.0,0.0,9.0,9.0,0.1111111111111111,2.2209302325581395,24.0,0.0833333333333333,0.0833333333333333,Low
SITE0074,8,0.23,Low Risk,0.0436876330338245,Normal,4.0,0.0,0.0,14.0,0.2045454545454545,2.272727272727273,8.0,0.125,0.125,Low
SITE0090,8,0.23,Low Risk,0.1155756440469122,Normal,4.0,0.0,7.8,10.5,0.3157894736842105,2.1746031746031744,3.0,0.0,0.0,Low
SITE0002,9,0.23,Low Risk,0.0505127535999583,Normal,0.0,0.0,0.0,15.0,0.1282051282051282,2.017543859649123,19.0,0.0526315789473684,0.0526315789473684,Low
SITE0219,9,0.23,Low Risk,0.1405913864795226,Normal,1.0,1.0,5.5,10.0,0.2051282051282051,2.0185185185185186,15.0,0.0,0.0,Low
SITE0012,10,0.23,Low Risk,0.0828458338792278,Normal,0.0,0.0,0.0,10.0,0.2641509433962264,2.2278481012658227,12.0,0.0,0.0,Low
SITE0064,10,0.23,Low Risk,0.0701995087715668,Normal,0.0,0.0,0.0,0.0,0.1914893617021276,2.5,14.0,0.2142857142857142,0.2142857142857142,Low
SITE0073,10,0.23,Low Risk,0.0195203878617947,Normal,0.0,1.0,14.0,0.0,0.1851851851851851,2.155844155844156,14.0,0.1428571428571428,0.1428571428571428,Low
SITE0153,10,0.23,Low Risk,0.0253729975951625,Normal,5.0,0.0,0.0,0.0,0.1111111111111111,2.357142857142857,6.0,0.1666666666666666,0.1666666666666666,Low
SITE0011,11,0.23,Low Risk,0.0983041620271816,Normal,0.0,2.0,4.5,7.5,0.0526315789473684,1.7872340425531914,14.0,0.0714285714285714,0.0714285714285714,Low
SITE0044,11,0.23,Low Risk,0.1126580629293394,Normal,2.0,2.0,3.0,5.0,0.1590909090909091,2.296875,18.0,0.0555555555555555,0.0555555555555555,Low
SITE0141,11,0.23,Low Risk,0.0631604909287041,Normal,0.0,0.0,1.0,0.0,0.2448979591836734,2.085714285714286,16.0,0.1875,0.1875,Low
SITE0164,8,0.225,Low Risk,0.0997086697098303,Normal,2.0,1.0,8.0,18.0,0.131578947368421,1.46875,11.0,0.0,0.0,Low
SITE0219,8,0.225,Low Risk,0.0641524293899195,Normal,2.0,0.0,0.0,17.0,0.1351351351351351,2.0357142857142856,15.0,0.2,0.2,Low
SITE0241,8,0.225,Low Risk,0.0586342305596156,Normal,2.0,2.0,0.0,16.0,0.1764705882352941,2.4375,13.0,0.1538461538461538,0.1538461538461538,Low
SITE0061,9,0.225,Low Risk,0.1076733488191705,Normal,1.0,0.0,10.5,11.5,0.125,1.6666666666666667,11.0,0.0,0.0,Low
SITE0136,9,0.225,Low Risk,0.0478105250131066,Normal,0.0,0.0,2.5,15.666666666666666,0.0,1.8679245283018868,13.0,0.0,0.0,Low
SITE0011,10,0.225,Low Risk,0.0828685985141855,Normal,0.0,2.0,8.0,15.0,0.0789473684210526,1.9649122807017545,13.0,0.1538461538461538,0.1538461538461538,Low
SITE0130,10,0.225,Low Risk,0.1168404026319247,Normal,1.0,1.0,3.0,12.5,0.217391304347826,2.0625,13.0,0.0769230769230769,0.0769230769230769,Low
SITE0212,10,0.225,Low Risk,0.1288585787892391,Normal,4.0,1.0,4.5,7.5,0.4,2.0,9.0,0.0,0.0,Low
SITE0223,10,0.225,Low Risk,0.1194208248501527,Normal,2.0,1.0,0.0,0.0,0.1020408163265306,2.0285714285714285,20.0,0.1,0.1,Low
SITE0243,10,0.225,Low Risk,0.0940291999220935,Normal,3.0,0.0,3.0,13.0,0.1627906976744186,2.5,11.0,0.0,0.0,Low
SITE0215,11,0.225,Low Risk,0.0483662516542833,Normal,1.0,1.0,14.0,12.0,0.1935483870967742,2.450980392156863,16.0,0.0,0.0,Low
SITE0020,8,0.22,Low Risk,0.1141605918613363,Normal,1.0,2.0,10.5,8.0,0.1219512195121951,2.4754098360655736,17.0,0.0588235294117647,0.0588235294117647,Low
SITE0052,8,0.22,Low Risk,0.0639118025568079,Normal,0.0,1.0,12.0,14.0,0.2439024390243902,1.9344262295081969,16.0,0.0,0.0,Low
SITE0127,8,0.22,Low Risk,0.1469643833846932,Normal,2.0,1.0,7.666666666666667,13.0,0.2307692307692307,1.8641975308641976,15.0,0.0,0.0,Low
SITE0150,8,0.22,Low Risk,0.1004019412342823,Normal,1.0,2.0,0.0,0.0,0.2608695652173913,2.0,16.0,0.0625,0.0625,Low
SITE0139,9,0.22,Low Risk,0.1046761292015731,Normal,2.0,0.0,0.0,0.0,0.2413793103448276,1.9534883720930232,14.0,0.0714285714285714,0.0714285714285714,Low
SITE0196,9,0.22,Low Risk,0.1010765833698604,Normal,1.0,0.0,0.0,12.666666666666666,0.0689655172413793,2.071428571428572,11.0,0.0,0.0,Low
SITE0225,9,0.22,Low Risk,0.1194208248501527,Normal,2.0,1.0,0.0,0.0,0.2954545454545454,1.671641791044776,17.0,0.0588235294117647,0.0588235294117647,Low
SITE0141,10,0.22,Low Risk,0.0847968727231939,Normal,0.0,1.0,0.0,11.0,0.1224489795918367,2.1780821917808217,19.0,0.0526315789473684,0.0526315789473684,Low
SITE0023,11,0.22,Low Risk,0.0701995087715668,Normal,0.0,0.0,0.0,0.0,0.1052631578947368,1.8305084745762712,17.0,0.0588235294117647,0.0588235294117647,Low
SITE0105,11,0.22,Low Risk,0.1004019412342823,Normal,1.0,2.0,0.0,0.0,0.1333333333333333,2.5277777777777777,17.0,0.1764705882352941,0.1764705882352941,Low
SITE0111,11,0.22,Low Risk,0.1124654478166527,Normal,1.0,2.0,8.0,3.0,0.0285714285714285,1.5689655172413792,15.0,0.0666666666666666,0.0666666666666666,Low
SITE0135,8,0.215,Low Risk,0.1051378871118552,Normal,3.0,0.0,4.0,0.0,0.2,2.559322033898305,9.0,0.0,0.0,Low
SITE0122,9,0.215,Low Risk,0.1320893524621169,Normal,3.0,1.0,5.6,6.25,0.0227272727272727,2.7058823529411766,16.0,0.0,0.0,Low
SITE0029,10,0.215,Low Risk,0.1260608581608968,Normal,2.0,0.0,6.0,0.0,0.24,1.807692307692308,18.0,0.0555555555555555,0.0555555555555555,Low
SITE0038,10,0.215,Low Risk,0.1194208248501527,Normal,2.0,1.0,0.0,0.0,0.2127659574468085,2.0434782608695654,9.0,0.0,0.0,Low
SITE0042,10,0.215,Low Risk,0.132637940231616,Normal,3.0,2.0,7.857142857142857,5.833333333333333,0.1481481481481481,2.710526315789474,11.0,0.0,0.0,Low
SITE0081,10,0.215,Low Risk,0.0931018837548883,Normal,2.0,3.0,5.666666666666667,0.0,0.2,1.375,8.0,0.0,0.0,Low
SITE0114,10,0.215,Low Risk,0.094305145745156,Normal,0.0,0.0,9.0,8.0,0.0571428571428571,1.5517241379310345,19.0,0.0,0.0,Low
SITE0138,10,0.215,Low Risk,0.0976561559024721,Normal,3.0,0.0,0.0,11.0,0.1538461538461538,2.39622641509434,23.0,0.0,0.0,Low
SITE0151,8,0.21,Low Risk,0.0847214695236245,Normal,0.0,0.0,5.666666666666667,1.0,0.1463414634146341,2.015625,18.0,0.0,0.0,Low
SITE0080,9,0.21,Low Risk,0.1203738108856269,Normal,2.0,3.0,7.0,6.5,0.1212121212121212,1.816326530612245,15.0,0.0666666666666666,0.0666666666666666,Low
SITE0148,9,0.21,Low Risk,0.1126961640181211,Normal,1.0,0.0,0.0,0.0,0.1851851851851851,1.9240506329113924,9.0,0.1111111111111111,0.1111111111111111,Low
SITE0024,10,0.21,Low Risk,0.016043901138591,Normal,1.0,4.0,0.0,0.0,0.1470588235294117,2.3684210526315788,14.0,0.0,0.0,Low
SITE0072,10,0.21,Low Risk,0.1321178918780007,Normal,3.0,2.0,6.0,4.5,0.0909090909090909,2.1666666666666665,12.0,0.0,0.0,Low
SITE0124,10,0.21,Low Risk,0.1348626468699879,Normal,2.0,1.0,5.0,0.0,0.1914893617021276,2.1044776119402986,12.0,0.0,0.0,Low
SITE0127,10,0.21,Low Risk,0.0656860327101687,Normal,4.0,0.0,0.0,7.0,0.1020408163265306,2.2222222222222223,13.0,0.0,0.0,Low
SITE0164,10,0.21,Low Risk,0.1090311512944488,Normal,0.0,1.0,8.0,0.0,0.0434782608695652,2.03125,12.0,0.0833333333333333,0.0833333333333333,Low
SITE0181,11,0.21,Low Risk,0.0871313281693982,Normal,2.0,0.0,0.0,14.5,0.2258064516129032,2.1707317073170733,11.0,0.0,0.0,Low
SITE0188,11,0.21,Low Risk,0.1243867294884056,Normal,1.0,1.0,0.0,0.0,0.2045454545454545,1.8571428571428568,24.0,0.0,0.0,Low
SITE0193,11,0.21,Low Risk,0.1174991908453068,Normal,1.0,0.0,8.666666666666666,8.666666666666666,0.1162790697674418,2.0,15.0,0.0666666666666666,0.0666666666666666,Low
SITE0225,11,0.21,Low Risk,0.132347511866897,Normal,3.0,2.0,8.0,14.0,0.3142857142857143,2.0408163265306123,14.0,0.0,0.0,Low
SITE0015,8,0.205,Low Risk,0.0674565996395559,Normal,4.0,2.0,0.0,9.0,0.1379310344827586,2.282608695652174,13.0,0.2307692307692307,0.2307692307692307,Low
SITE0079,8,0.205,Low Risk,0.1214687092070637,Normal,1.0,0.0,7.5,7.0,0.048780487804878,1.661764705882353,18.0,0.0,0.0,Low
SITE0088,8,0.205,Low Risk,0.0918491849171862,Normal,3.0,2.0,4.5,16.666666666666668,0.2727272727272727,1.7358490566037736,10.0,0.1,0.1,Low
SITE0114,8,0.205,Low Risk,0.0846742749510195,Normal,3.0,1.0,12.0,0.0,0.1944444444444444,2.074074074074074,10.0,0.1,0.1,Low
SITE0196,8,0.205,Low Risk,0.1261441485820115,Normal,3.0,2.0,5.0,8.0,0.0588235294117647,1.72,8.0,0.125,0.125,Low
SITE0205,8,0.205,Low Risk,0.119623356873158,Normal,3.0,2.0,8.333333333333334,0.0,0.1935483870967742,2.108695652173913,11.0,0.0,0.0,Low
SITE0228,9,0.205,Low Risk,0.0555937050956965,Normal,4.0,0.0,0.0,0.0,0.2156862745098039,2.4776119402985075,10.0,0.0,0.0,Low
SITE0167,10,0.205,Low Risk,0.1366565459115173,Normal,2.0,2.0,6.0,8.0,0.2142857142857142,2.090909090909091,2.0,0.0,0.0,Low
SITE0017,11,0.205,Low Risk,0.0314348653991524,Normal,1.0,1.0,14.0,14.0,0.3142857142857143,1.8867924528301887,12.0,0.0,0.0,Low
SITE0076,11,0.205,Low Risk,0.1039292283357974,Normal,1.0,0.0,0.0,12.0,0.0909090909090909,1.4411764705882353,6.0,0.1666666666666666,0.1666666666666666,Low
SITE0162,11,0.205,Low Risk,0.1234525703585594,Normal,1.0,0.0,7.666666666666667,9.2,0.1272727272727272,2.369047619047619,15.0,0.0666666666666666,0.0666666666666666,Low
SITE0202,11,0.205,Low Risk,0.1064623615820252,Normal,3.0,1.0,0.0,7.0,0.2083333333333333,1.9142857142857144,18.0,0.0,0.0,Low
SITE0034,8,0.2,Low Risk,0.0848244163828048,Normal,4.0,1.0,0.0,9.0,0.1764705882352941,1.8958333333333333,12.0,0.0833333333333333,0.0833333333333333,Low
SITE0239,8,0.2,Low Risk,0.013940508883368,Normal,1.0,2.0,0.0,19.0,0.1666666666666666,2.32,9.0,0.1111111111111111,0.1111111111111111,Low
SITE0012,9,0.2,Low Risk,0.1308786711046433,Normal,3.0,0.0,6.0,11.0,0.1538461538461538,2.289473684210526,16.0,0.0,0.0,Low
SITE0160,9,0.2,Low Risk,0.1526316456598385,Normal,2.0,1.0,7.0,9.5,0.2127659574468085,2.072463768115942,16.0,0.0,0.0,Low
SITE0164,9,0.2,Low Risk,0.0907234799103394,Normal,1.0,2.0,2.0,12.0,0.0769230769230769,1.824561403508772,17.0,0.0,0.0,Low
SITE0172,9,0.2,Low Risk,0.0607731237563884,Normal,0.0,2.0,11.0,0.0,0.1282051282051282,2.491228070175439,10.0,0.0,0.0,Low
SITE0061,10,0.2,Low Risk,0.0902034705488551,Normal,2.0,1.0,10.666666666666666,16.0,0.1764705882352941,2.0246913580246915,18.0,0.1111111111111111,0.1111111111111111,Low
SITE0110,10,0.2,Low Risk,0.1285722528411588,Normal,2.0,2.0,7.0,14.0,0.2058823529411764,2.125,11.0,0.0,0.0,Low
SITE0172,10,0.2,Low Risk,0.137682029715566,Normal,1.0,1.0,5.5,8.333333333333334,0.225,2.2222222222222223,18.0,0.1111111111111111,0.1111111111111111,Low
SITE0218,10,0.2,Low Risk,0.0961736425602157,Normal,2.0,2.0,0.0,0.0,0.1153846153846153,2.2823529411764705,15.0,0.1333333333333333,0.1333333333333333,Low
SITE0021,11,0.2,Low Risk,0.0811359377259625,Normal,0.0,1.0,0.0,0.0,0.3170731707317073,1.894736842105263,15.0,0.1333333333333333,0.1333333333333333,Low
SITE0071,11,0.2,Low Risk,0.1222532747445559,Normal,1.0,1.0,10.0,0.0,0.1515151515151515,2.5454545454545454,15.0,0.0666666666666666,0.0666666666666666,Low
SITE0214,11,0.2,Low Risk,0.0799448888000289,Normal,1.0,1.0,0.0,16.0,0.4333333333333333,2.108695652173913,12.0,0.0833333333333333,0.0833333333333333,Low
SITE0032,8,0.195,Low Risk,0.0958727579618637,Normal,0.0,1.0,10.0,0.0,0.25,2.14,16.0,0.0,0.0,Low
SITE0085,8,0.195,Low Risk,0.109624086667086,Normal,1.0,0.0,8.0,4.0,0.3181818181818182,1.8,15.0,0.0666666666666666,0.0666666666666666,Low
SITE0152,8,0.195,Low Risk,0.0766776008083099,Normal,0.0,0.0,0.0,12.0,0.1636363636363636,2.423076923076923,18.0,0.1111111111111111,0.1111111111111111,Low
SITE0006,9,0.195,Low Risk,0.1106398840065002,Normal,1.0,1.0,9.25,1.0,0.0961538461538461,2.680555555555556,19.0,0.1052631578947368,0.1052631578947368,Low
SITE0031,9,0.195,Low Risk,0.10724534846784,Normal,3.0,0.0,5.0,0.0,0.1621621621621621,1.690909090909091,16.0,0.0625,0.0625,Low
SITE0056,9,0.195,Low Risk,0.1338039951161508,Normal,2.0,0.0,6.5,9.5,0.12,2.0632911392405062,19.0,0.1052631578947368,0.1052631578947368,Low
SITE0195,9,0.195,Low Risk,0.1046761292015731,Normal,2.0,0.0,0.0,0.0,0.1632653061224489,1.808219178082192,13.0,0.0,0.0,Low
SITE0217,9,0.195,Low Risk,0.1080106266793243,Normal,3.0,2.0,4.5,14.666666666666666,0.1333333333333333,2.5681818181818183,12.0,0.0,0.0,Low
SITE0111,10,0.195,Low Risk,0.1364252602144667,Normal,2.0,1.0,10.0,10.333333333333334,0.1363636363636363,2.017543859649123,15.0,0.0,0.0,Low
SITE0073,11,0.195,Low Risk,0.0835486322248045,Normal,0.0,1.0,2.5,0.0,0.2826086956521739,2.2794117647058822,14.0,0.0714285714285714,0.0714285714285714,Low
SITE0194,11,0.195,Low Risk,0.1030917380331454,Normal,0.0,1.0,10.0,11.5,0.3076923076923077,2.0535714285714284,15.0,0.0,0.0,Low
SITE0193,8,0.19,Low Risk,0.1039292283357974,Normal,1.0,0.0,0.0,12.0,0.32,2.25,12.0,0.1666666666666666,0.1666666666666666,Low
SITE0008,9,0.19,Low Risk,0.0671201475346912,Normal,1.0,3.0,0.0,7.5,0.0408163265306122,1.7571428571428571,14.0,0.1428571428571428,0.1428571428571428,Low
SITE0079,9,0.19,Low Risk,0.1046761292015731,Normal,2.0,0.0,0.0,0.0,0.131578947368421,1.8909090909090909,16.0,0.0,0.0,Low
SITE0093,9,0.19,Low Risk,0.1348630553731377,Normal,3.0,1.0,4.5,7.666666666666667,0.1578947368421052,1.8596491228070176,12.0,0.0833333333333333,0.0833333333333333,Low
SITE0140,9,0.19,Low Risk,0.1074351412542143,Normal,3.0,3.0,10.0,5.0,0.1304347826086956,2.64,7.0,0.0,0.0,Low
SITE0075,10,0.19,Low Risk,0.1466169483704781,Normal,2.0,1.0,8.5,12.75,0.2352941176470588,1.9066666666666667,15.0,0.0,0.0,Low
SITE0109,10,0.19,Low Risk,0.1073932304054411,Normal,1.0,1.0,0.0,13.0,0.3103448275862069,2.2790697674418605,7.0,0.0,0.0,Low
SITE0220,10,0.19,Low Risk,0.1327479825750427,Normal,2.0,1.0,3.5,11.0,0.3,1.5777777777777775,10.0,0.1,0.1,Low
SITE0015,11,0.19,Low Risk,0.0742984142065013,Normal,0.0,1.0,4.5,17.0,0.1176470588235294,1.82,17.0,0.1176470588235294,0.1176470588235294,Low
SITE0086,11,0.19,Low Risk,0.0722007172017508,Normal,0.0,0.0,7.0,15.0,0.1428571428571428,2.46,11.0,0.0909090909090909,0.0909090909090909,Low
SITE0103,11,0.19,Low Risk,0.0921298420641521,Normal,2.0,2.0,7.0,18.0,0.2580645161290322,2.042553191489361,9.0,0.0,0.0,Low
SITE0119,11,0.19,Low Risk,0.0982388981213025,Normal,1.0,1.0,0.0,14.0,0.1489361702127659,2.0694444444444446,12.0,0.0,0.0,Low
SITE0134,11,0.19,Low Risk,0.0707981292345455,Normal,3.0,3.0,0.0,9.8,0.1111111111111111,2.3157894736842106,9.0,0.1111111111111111,0.1111111111111111,Low
SITE0148,11,0.19,Low Risk,0.0760377914482671,Normal,1.0,0.0,11.0,15.0,0.2448979591836734,2.2816901408450705,16.0,0.0,0.0,Low
SITE0211,11,0.19,Low Risk,0.1293122435570228,Normal,2.0,0.0,5.0,10.0,0.1025641025641025,1.8363636363636364,5.0,0.0,0.0,Low
SITE0033,8,0.185,Low Risk,0.1064605620412266,Normal,2.0,1.0,0.0,1.0,0.1212121212121212,1.96078431372549,14.0,0.0,0.0,Low
SITE0091,8,0.185,Low Risk,0.1036071832731415,Normal,2.0,0.0,3.0,5.0,0.3333333333333333,1.8297872340425527,11.0,0.0,0.0,Low
SITE0173,8,0.185,Low Risk,0.1102709980986942,Normal,1.0,1.0,0.0,12.0,0.1282051282051282,2.1403508771929824,9.0,0.0,0.0,Low
SITE0187,8,0.185,Low Risk,0.1264559095967624,Normal,1.0,1.0,10.5,10.0,0.2619047619047619,2.161290322580645,15.0,0.0,0.0,Low
SITE0232,8,0.185,Low Risk,0.0939920669976241,Normal,2.0,0.0,0.0,13.5,0.0816326530612244,2.4864864864864864,16.0,0.0,0.0,Low
SITE0075,9,0.185,Low Risk,0.0761122095069599,Normal,4.0,1.0,0.0,0.0,0.1818181818181818,2.611940298507463,10.0,0.1,0.1,Low
SITE0149,9,0.185,Low Risk,0.079404783444652,Normal,0.0,0.0,10.5,0.0,0.26,2.2054794520547945,14.0,0.0,0.0,Low
SITE0158,10,0.185,Low Risk,0.131277735993778,Normal,1.0,1.0,9.5,12.5,0.0,1.7878787878787878,10.0,0.1,0.1,Low
SITE0241,10,0.185,Low Risk,0.1468977991785027,Normal,2.0,1.0,9.0,9.0,0.088235294117647,1.7719298245614037,10.0,0.1,0.1,Low
SITE0242,10,0.185,Low Risk,0.0872750634405271,Normal,3.0,2.0,0.0,0.0,0.2058823529411764,2.0851063829787235,12.0,0.0,0.0,Low
SITE0082,11,0.185,Low Risk,0.1145542182819445,Normal,2.0,2.0,7.75,2.0,0.0769230769230769,2.125,9.0,0.1111111111111111,0.1111111111111111,Low
SITE0150,11,0.185,Low Risk,0.1054065879808358,Normal,1.0,0.0,3.6666666666666665,8.0,0.2,1.9113924050632911,14.0,0.0,0.0,Low
SITE0166,11,0.185,Low Risk,0.118554680703649,Normal,3.0,0.0,4.5,10.0,0.1621621621621621,2.1607142857142856,11.0,0.0,0.0,Low
SITE0197,11,0.185,Low Risk,0.0999294584728506,Normal,0.0,1.0,6.0,1.0,0.0714285714285714,2.097560975609756,9.0,0.0,0.0,Low
SITE0198,11,0.185,Low Risk,0.1064605620412266,Normal,2.0,1.0,0.0,1.0,0.1470588235294117,2.290909090909091,6.0,0.0,0.0,Low
SITE0056,8,0.18,Low Risk,0.1247635512734366,Normal,2.0,0.0,6.5,0.0,0.0943396226415094,2.2,16.0,0.125,0.125,Low
SITE0061,8,0.18,Low Risk,0.1111730991440176,Normal,3.0,0.0,5.0,13.0,0.1568627450980392,1.9342105263157887,13.0,0.1538461538461538,0.1538461538461538,Low
SITE0076,8,0.18,Low Risk,0.1078929067401425,Normal,0.0,1.0,6.666666666666667,0.0,0.25,2.1956521739130435,14.0,0.0,0.0,Low
SITE0132,8,0.18,Low Risk,0.1350174343512964,Normal,2.0,1.0,5.5,0.0,0.0789473684210526,1.6666666666666667,17.0,0.0,0.0,Low
SITE0237,8,0.18,Low Risk,0.0682760780651686,Normal,0.0,0.0,0.0,4.666666666666667,0.21875,2.34,8.0,0.0,0.0,Low
SITE0054,9,0.18,Low Risk,0.1299146818363274,Normal,3.0,2.0,9.25,6.5,0.1290322580645161,2.311111111111111,7.0,0.0,0.0,Low
SITE0250,9,0.18,Low Risk,0.1243867294884056,Normal,1.0,1.0,0.0,0.0,0.14,2.081081081081081,16.0,0.0625,0.0625,Low
SITE0194,10,0.18,Low Risk,0.0943182426150492,Normal,1.0,0.0,0.0,13.333333333333334,0.2340425531914893,2.117647058823529,20.0,0.0,0.0,Low
SITE0225,10,0.18,Low Risk,0.1084204858965303,Normal,0.0,1.0,9.5,9.5,0.2972972972972973,2.351851851851852,12.0,0.0833333333333333,0.0833333333333333,Low
SITE0168,11,0.18,Low Risk,0.144124566865646,Normal,2.0,2.0,8.0,12.0,0.16,2.3714285714285714,12.0,0.0,0.0,Low
SITE0108,8,0.175,Low Risk,0.0174999942266502,Normal,2.0,4.0,0.0,0.0,0.075,2.305084745762712,15.0,0.1333333333333333,0.1333333333333333,Low
SITE0202,8,0.175,Low Risk,0.0800470598034854,Normal,3.0,0.0,1.0,8.0,0.2558139534883721,2.5806451612903225,15.0,0.0,0.0,Low
SITE0071,9,0.175,Low Risk,0.1087640875186501,Normal,0.0,1.0,7.0,0.0,0.1951219512195122,2.4827586206896552,13.0,0.2307692307692307,0.2307692307692307,Low
SITE0108,9,0.175,Low Risk,0.1154816875067765,Normal,0.0,1.0,4.0,10.0,0.081081081081081,2.269230769230769,14.0,0.0,0.0,Low
SITE0209,9,0.175,Low Risk,0.1409201373961028,Normal,2.0,2.0,6.0,9.333333333333334,0.2941176470588235,1.8235294117647056,9.0,0.0,0.0,Low
SITE0210,9,0.175,Low Risk,0.074529930858262,Normal,0.0,3.0,4.0,8.0,0.075,1.7966101694915255,6.0,0.1666666666666666,0.1666666666666666,Low
SITE0104,10,0.175,Low Risk,0.1398237202599115,Normal,3.0,1.0,8.333333333333334,13.75,0.0952380952380952,2.171428571428572,9.0,0.1111111111111111,0.1111111111111111,Low
SITE0219,10,0.175,Low Risk,0.1263085937324591,Normal,2.0,0.0,7.0,0.0,0.3191489361702128,2.4285714285714284,11.0,0.0,0.0,Low
SITE0239,10,0.175,Low Risk,0.0749643830338087,Normal,2.0,0.0,12.0,0.0,0.1612903225806451,2.42,10.0,0.1,0.1,Low
SITE0051,11,0.175,Low Risk,0.0608195636287972,Normal,2.0,1.0,0.0,18.0,0.0333333333333333,2.765957446808511,8.0,0.0,0.0,Low
SITE0049,8,0.17,Low Risk,0.1304582667780916,Normal,2.0,0.0,8.0,13.0,0.1698113207547169,1.951219512195122,13.0,0.0769230769230769,0.0769230769230769,Low
SITE0109,8,0.17,Low Risk,0.1195728842841541,Normal,2.0,1.0,6.5,16.0,0.1764705882352941,1.6,5.0,0.0,0.0,Low
SITE0129,8,0.17,Low Risk,0.1046761292015731,Normal,2.0,0.0,0.0,0.0,0.2352941176470588,2.431372549019608,14.0,0.0714285714285714,0.0714285714285714,Low
SITE0245,8,0.17,Low Risk,0.0753963839593113,Normal,2.0,1.0,13.0,0.0,0.1071428571428571,1.8529411764705883,9.0,0.0,0.0,Low
SITE0070,9,0.17,Low Risk,0.0552681640828459,Normal,3.0,2.0,9.6,19.0,0.1212121212121212,1.7692307692307692,12.0,0.0,0.0,Low
SITE0086,9,0.17,Low Risk,0.1172737354703237,Normal,1.0,2.0,6.5,0.0,0.1219512195121951,2.4754098360655736,13.0,0.0769230769230769,0.0769230769230769,Low
SITE0159,9,0.17,Low Risk,0.0716164870484379,Normal,0.0,0.0,2.0,12.0,0.1136363636363636,2.0454545454545454,14.0,0.0,0.0,Low
SITE0033,10,0.17,Low Risk,0.1377536415482837,Normal,2.0,0.0,6.0,11.0,0.1612903225806451,2.3260869565217392,8.0,0.0,0.0,Low
SITE0152,10,0.17,Low Risk,0.1411674355049313,Normal,1.0,1.0,8.0,12.5,0.18,2.0,15.0,0.2,0.2,Low
SITE0171,10,0.17,Low Risk,0.1331507449115447,Normal,3.0,1.0,4.25,7.0,0.2432432432432432,2.1818181818181817,15.0,0.0,0.0,Low
SITE0002,11,0.17,Low Risk,0.110427725398584,Normal,1.0,0.0,0.0,10.0,0.15,1.7727272727272727,15.0,0.0,0.0,Low
SITE0212,11,0.17,Low Risk,0.1125783124395763,Normal,1.0,1.0,11.0,11.0,0.4137931034482758,1.9069767441860463,10.0,0.0,0.0,Low
SITE0048,8,0.165,Low Risk,0.0576252253858068,Normal,3.0,4.0,6.0,0.0,0.0967741935483871,1.75,11.0,0.0,0.0,Low
SITE0051,8,0.165,Low Risk,0.114199497365187,Normal,3.0,0.0,4.0,9.0,0.0638297872340425,2.305555555555556,17.0,0.0,0.0,Low
SITE0181,8,0.165,Low Risk,0.1217294130718825,Normal,1.0,1.0,6.666666666666667,15.0,0.2068965517241379,2.05,14.0,0.0,0.0,Low
SITE0243,8,0.165,Low Risk,0.1218857005963454,Normal,2.0,1.0,5.0,1.0,0.1111111111111111,1.660377358490566,8.0,0.125,0.125,Low
SITE0081,9,0.165,Low Risk,0.1243867294884056,Normal,1.0,1.0,0.0,0.0,0.25,2.595744680851064,14.0,0.0,0.0,Low
SITE0166,9,0.165,Low Risk,0.0848325272175663,Normal,2.0,2.0,0.0,1.0,0.1578947368421052,2.43859649122807,17.0,0.0,0.0,Low
SITE0234,9,0.165,Low Risk,0.1077553902867722,Normal,2.0,1.0,12.0,11.0,0.1764705882352941,2.5510204081632653,6.0,0.0,0.0,Low
SITE0125,10,0.165,Low Risk,0.1178491866620387,Normal,3.0,2.0,5.0,0.0,0.0652173913043478,2.046875,16.0,0.0,0.0,Low
SITE0193,10,0.165,Low Risk,0.087095443231306,Normal,2.0,0.0,4.0,16.0,0.1176470588235294,2.0,6.0,0.0,0.0,Low
SITE0214,10,0.165,Low Risk,0.0861444483011777,Normal,0.0,0.0,3.333333333333333,8.75,0.3783783783783784,2.457627118644068,14.0,0.0,0.0,Low
SITE0232,10,0.165,Low Risk,0.0699387279671852,Normal,5.0,0.0,6.0,0.0,0.1063829787234042,1.380952380952381,18.0,0.0,0.0,Low
SITE0153,11,0.165,Low Risk,0.0872750634405271,Normal,3.0,2.0,0.0,0.0,0.1212121212121212,1.9545454545454544,15.0,0.2,0.2,Low
SITE0164,11,0.165,Low Risk,0.1357947885654044,Normal,1.0,1.0,8.0,0.0,0.05,2.015151515151515,17.0,0.0588235294117647,0.0588235294117647,Low
SITE0156,8,0.16,Low Risk,0.1061143390068405,Normal,1.0,1.0,0.0,2.0,0.0689655172413793,2.395348837209302,10.0,0.0,0.0,Low
SITE0023,9,0.16,Low Risk,0.1049102964983016,Normal,2.0,0.0,0.0,12.5,0.0816326530612244,1.565217391304348,6.0,0.0,0.0,Low
SITE0156,9,0.16,Low Risk,0.0034372760025785,Normal,0.0,2.0,14.0,0.0,0.0571428571428571,2.036363636363636,12.0,0.0,0.0,Low
SITE0071,10,0.16,Low Risk,0.0637705393327127,Normal,0.0,2.0,0.0,9.0,0.1025641025641025,2.333333333333333,15.0,0.0666666666666666,0.0666666666666666,Low
SITE0155,10,0.16,Low Risk,0.1194208248501527,Normal,2.0,1.0,0.0,0.0,0.2352941176470588,2.074074074074074,9.0,0.0,0.0,Low
SITE0186,10,0.16,Low Risk,0.0331823479762504,Normal,0.0,1.0,6.666666666666667,20.0,0.1142857142857142,1.5769230769230769,12.0,0.0833333333333333,0.0833333333333333,Low
SITE0039,11,0.16,Low Risk,0.1333768773531979,Normal,1.0,1.0,8.333333333333334,0.0,0.1860465116279069,2.380281690140845,15.0,0.0666666666666666,0.0666666666666666,Low
SITE0180,11,0.16,Low Risk,0.0206749571461999,Normal,0.0,0.0,10.0,18.5,0.1176470588235294,1.9056603773584904,10.0,0.0,0.0,Low
SITE0183,11,0.16,Low Risk,0.0963850739590463,Normal,0.0,1.0,8.5,4.0,0.0588235294117647,2.196428571428572,15.0,0.0666666666666666,0.0666666666666666,Low
SITE0001,10,0.155,Low Risk,0.122370370106248,Normal,1.0,0.0,5.666666666666667,0.0,0.0857142857142857,1.680851063829787,16.0,0.1875,0.1875,Low
SITE0027,10,0.155,Low Risk,0.1403386932606207,Normal,2.0,1.0,8.333333333333334,13.666666666666666,0.2285714285714285,2.06,13.0,0.0,0.0,Low
SITE0076,10,0.155,Low Risk,0.093476264213247,Normal,2.0,2.0,0.0,6.0,0.1071428571428571,1.813953488372093,16.0,0.0625,0.0625,Low
SITE0199,10,0.155,Low Risk,0.0822578340135833,Normal,4.0,0.0,4.333333333333333,0.0,0.1379310344827586,2.0217391304347827,13.0,0.0,0.0,Low
SITE0050,11,0.155,Low Risk,0.0981682266199742,Normal,3.0,1.0,11.333333333333334,4.0,0.2121212121212121,1.64,19.0,0.0526315789473684,0.0526315789473684,Low
SITE0064,11,0.155,Low Risk,0.0930123309503873,Normal,3.0,0.0,11.0,11.0,0.196078431372549,2.391891891891892,11.0,0.1818181818181818,0.1818181818181818,Low
SITE0114,11,0.155,Low Risk,0.1341382089799601,Normal,2.0,1.0,7.5,0.0,0.0833333333333333,2.018867924528302,13.0,0.0,0.0,Low
SITE0142,11,0.155,Low Risk,0.0961736425602157,Normal,2.0,2.0,0.0,0.0,0.1666666666666666,2.5454545454545454,6.0,0.1666666666666666,0.1666666666666666,Low
SITE0234,11,0.155,Low Risk,0.0968735290976804,Normal,0.0,0.0,7.0,0.0,0.0666666666666666,1.7647058823529411,20.0,0.05,0.05,Low
SITE0024,8,0.15,Low Risk,0.066612503456102,Normal,3.0,0.0,12.0,0.0,0.2702702702702703,2.2115384615384617,14.0,0.0714285714285714,0.0714285714285714,Low
SITE0081,8,0.15,Low Risk,0.1303413801526302,Normal,1.0,1.0,8.666666666666666,0.0,0.28,1.8571428571428568,9.0,0.0,0.0,Low
SITE0105,8,0.15,Low Risk,0.1142102772833894,Normal,1.0,0.0,8.0,6.0,0.2040816326530612,1.7142857142857142,19.0,0.0526315789473684,0.0526315789473684,Low
SITE0218,9,0.15,Low Risk,0.0814736952715367,Normal,0.0,0.0,5.5,3.0,0.1,1.619718309859155,26.0,0.0769230769230769,0.0769230769230769,Low
SITE0223,9,0.15,Low Risk,0.0962634330084151,Normal,0.0,0.0,6.5,0.0,0.1,2.1842105263157894,20.0,0.0,0.0,Low
SITE0106,10,0.15,Low Risk,0.0395478473702943,Normal,0.0,0.0,13.0,0.0,0.1621621621621621,2.215686274509804,7.0,0.0,0.0,Low
SITE0115,10,0.15,Low Risk,0.1374509398072005,Normal,2.0,0.0,7.6,12.0,0.0833333333333333,1.849056603773585,13.0,0.0,0.0,Low
SITE0118,10,0.15,Low Risk,0.1238276201427392,Normal,2.0,0.0,7.0,5.0,0.15,2.1311475409836067,8.0,0.0,0.0,Low
SITE0159,10,0.15,Low Risk,0.1046761292015731,Normal,2.0,0.0,0.0,0.0,0.1136363636363636,1.971830985915493,14.0,0.0,0.0,Low
SITE0245,10,0.15,Low Risk,0.1014870858806715,Normal,1.0,1.0,0.0,3.0,0.0857142857142857,2.2641509433962264,12.0,0.0,0.0,Low
SITE0014,11,0.15,Low Risk,0.1046761292015731,Normal,2.0,0.0,0.0,0.0,0.25,1.935483870967742,12.0,0.0833333333333333,0.0833333333333333,Low
SITE0146,11,0.15,Low Risk,0.1204301601386982,Normal,2.0,0.0,8.333333333333334,5.5,0.2272727272727272,1.9428571428571428,9.0,0.1111111111111111,0.1111111111111111,Low
SITE0154,11,0.15,Low Risk,0.1316017852620423,Normal,2.0,0.0,7.5,7.0,0.3529411764705882,2.4038461538461537,9.0,0.1111111111111111,0.1111111111111111,Low
SITE0155,11,0.15,Low Risk,0.112097771411985,Normal,0.0,1.0,4.0,12.0,0.28125,2.020408163265306,5.0,0.2,0.2,Low
SITE0187,11,0.15,Low Risk,0.106187715923629,Normal,1.0,1.0,1.0,9.333333333333334,0.2093023255813953,2.086206896551724,13.0,0.0769230769230769,0.0769230769230769,Low
SITE0196,11,0.15,Low Risk,0.0753963839593113,Normal,2.0,1.0,13.0,0.0,0.1333333333333333,2.4878048780487805,16.0,0.1875,0.1875,Low
SITE0001,8,0.145,Low Risk,0.0999336452174974,Normal,1.0,0.0,8.6,2.0,0.054054054054054,1.9827586206896552,8.0,0.0,0.0,Low
SITE0083,8,0.145,Low Risk,0.1312915608503023,Normal,2.0,0.0,9.0,11.333333333333334,0.18,2.375,10.0,0.0,0.0,Low
SITE0099,8,0.145,Low Risk,0.1042888569066688,Normal,0.0,1.0,5.0,14.25,0.1777777777777777,2.253731343283582,11.0,0.0,0.0,Low
SITE0197,8,0.145,Low Risk,0.1236951888994422,Normal,2.0,1.0,10.0,0.0,0.2051282051282051,2.372881355932204,9.0,0.0,0.0,Low
SITE0209,8,0.145,Low Risk,0.1148179754647001,Normal,3.0,1.0,11.0,11.0,0.3939393939393939,2.0,15.0,0.1333333333333333,0.1333333333333333,Low
SITE0038,9,0.145,Low Risk,0.0701995087715668,Normal,0.0,0.0,0.0,0.0,0.2340425531914893,1.9130434782608696,14.0,0.0714285714285714,0.0714285714285714,Low
SITE0052,9,0.145,Low Risk,0.0872750634405271,Normal,3.0,2.0,0.0,0.0,0.1590909090909091,2.546875,16.0,0.125,0.125,Low
SITE0111,9,0.145,Low Risk,0.0868065836121979,Normal,0.0,0.0,3.5,6.5,0.125,2.157142857142857,14.0,0.0,0.0,Low
SITE0143,9,0.145,Low Risk,0.0888555964975278,Normal,3.0,0.0,0.0,0.0,0.3076923076923077,1.8125,7.0,0.1428571428571428,0.1428571428571428,Low
SITE0107,10,0.145,Low Risk,0.1137622661434568,Normal,3.0,2.0,4.0,0.0,0.2592592592592592,1.7105263157894737,9.0,0.1111111111111111,0.1111111111111111,Low
SITE0135,10,0.145,Low Risk,0.128406466321448,Normal,2.0,0.0,6.5,8.0,0.2258064516129032,1.9411764705882355,10.0,0.1,0.1,Low
SITE0009,8,0.14,Low Risk,0.1437143054346608,Normal,3.0,1.0,6.0,7.5,0.1923076923076923,2.1875,12.0,0.0,0.0,Low
SITE0240,8,0.14,Low Risk,0.1064041508718005,Normal,0.0,2.0,8.0,10.0,0.1515151515151515,1.9166666666666667,10.0,0.2,0.2,Low
SITE0043,9,0.14,Low Risk,0.1216336072322308,Normal,2.0,0.0,7.75,6.0,0.25,1.88,10.0,0.0,0.0,Low
SITE0051,9,0.14,Low Risk,0.1004034608569414,Normal,0.0,0.0,6.0,0.0,0.0851063829787234,1.8412698412698407,9.0,0.0,0.0,Low
SITE0132,9,0.14,Low Risk,0.0571582094650191,Normal,2.0,0.0,13.0,0.0,0.1428571428571428,2.647058823529412,14.0,0.0,0.0,Low
SITE0146,9,0.14,Low Risk,0.1174000723341451,Normal,1.0,2.0,6.666666666666667,0.0,0.2,2.3777777777777778,11.0,0.0,0.0,Low
SITE0147,9,0.14,Low Risk,0.1181787699215374,Normal,2.0,2.0,9.0,0.0,0.2,1.4655172413793105,16.0,0.125,0.125,Low
SITE0196,10,0.14,Low Risk,0.0842457531496512,Normal,3.0,1.0,1.5,15.0,0.125,2.061224489795918,16.0,0.125,0.125,Low
SITE0222,10,0.14,Low Risk,0.1174287331294421,Normal,2.0,1.0,6.0,17.0,0.16,2.3846153846153846,17.0,0.0588235294117647,0.0588235294117647,Low
SITE0160,11,0.14,Low Risk,0.0604509202260248,Normal,2.0,1.0,13.5,11.0,0.3,2.4166666666666665,13.0,0.0,0.0,Low
SITE0011,8,0.135,Low Risk,0.1073596582465321,Normal,2.0,0.0,7.666666666666667,15.0,0.2325581395348837,2.39344262295082,10.0,0.0,0.0,Low
SITE0016,8,0.135,Low Risk,0.0672754818336291,Normal,0.0,0.0,0.0,4.5,0.3928571428571428,2.1,6.0,0.0,0.0,Low
SITE0046,8,0.135,Low Risk,0.1408008475683368,Normal,1.0,1.0,8.0,11.0,0.2142857142857142,2.1627906976744184,8.0,0.125,0.125,Low
SITE0136,8,0.135,Low Risk,0.0371855279679653,Normal,1.0,0.0,5.5,20.0,0.0,2.0444444444444443,16.0,0.0,0.0,Low
SITE0146,8,0.135,Low Risk,0.0744351777096833,Normal,0.0,0.0,9.0,2.5,0.0666666666666666,2.571428571428572,10.0,0.0,0.0,Low
SITE0166,8,0.135,Low Risk,0.121463390751511,Normal,0.0,1.0,6.0,9.666666666666666,0.1290322580645161,1.702127659574468,14.0,0.0714285714285714,0.0714285714285714,Low
SITE0211,8,0.135,Low Risk,0.0807434030188877,Normal,3.0,2.0,1.0,0.0,0.0769230769230769,1.7037037037037035,13.0,0.0769230769230769,0.0769230769230769,Low
SITE0020,9,0.135,Low Risk,0.0856742119433275,Normal,2.0,0.0,1.0,0.0,0.1842105263157894,2.382978723404255,10.0,0.1,0.1,Low
SITE0169,10,0.135,Low Risk,0.1149199167707366,Normal,2.0,1.0,0.0,8.0,0.1666666666666666,1.7916666666666667,3.0,0.0,0.0,Low
SITE0187,10,0.135,Low Risk,0.0991507500431561,Normal,2.0,1.0,0.0,3.0,0.3181818181818182,1.9428571428571428,10.0,0.0,0.0,Low
SITE0202,10,0.135,Low Risk,0.1192094710255496,Normal,1.0,1.0,10.5,0.0,0.2244897959183673,2.4029850746268657,16.0,0.0625,0.0625,Low
SITE0080,11,0.135,Low Risk,0.0916012714034862,Normal,3.0,0.0,2.5,6.0,0.25,2.710526315789474,7.0,0.0,0.0,Low
SITE0039,8,0.13,Low Risk,0.1022105951943231,Normal,0.0,1.0,3.6666666666666665,0.0,0.0888888888888888,1.9130434782608696,14.0,0.0714285714285714,0.0714285714285714,Low
SITE0075,8,0.13,Low Risk,0.1145383705713967,Normal,2.0,0.0,4.5,0.0,0.1702127659574468,3.0422535211267605,8.0,0.0,0.0,Low
SITE0130,8,0.13,Low Risk,0.0872750634405271,Normal,3.0,2.0,0.0,0.0,0.1304347826086956,2.586206896551724,7.0,0.0,0.0,Low
SITE0153,8,0.13,Low Risk,0.0757743174399393,Normal,3.0,0.0,1.0,0.0,0.081081081081081,2.1020408163265305,7.0,0.0,0.0,Low
SITE0154,8,0.13,Low Risk,0.1034963088614687,Normal,1.0,1.0,11.0,14.0,0.1428571428571428,2.055555555555556,9.0,0.0,0.0,Low
SITE0163,8,0.13,Low Risk,0.0946710440959243,Normal,2.0,2.0,3.0,2.0,0.1162790697674418,2.0,15.0,0.0,0.0,Low
SITE0199,8,0.13,Low Risk,0.076182388184006,Normal,3.0,0.0,11.0,2.0,0.2647058823529412,1.8409090909090908,8.0,0.0,0.0,Low
SITE0200,8,0.13,Low Risk,0.1320989178689878,Normal,3.0,0.0,6.0,12.0,0.1666666666666666,1.8860759493670889,17.0,0.0,0.0,Low
SITE0119,9,0.13,Low Risk,0.0430222017918486,Normal,0.0,0.0,13.0,12.0,0.2037037037037037,2.074074074074074,24.0,0.0,0.0,Low
SITE0129,9,0.13,Low Risk,0.018428476996946,Normal,1.0,0.0,1.0,19.0,0.2121212121212121,2.1702127659574466,6.0,0.0,0.0,Low
SITE0123,10,0.13,Low Risk,0.1027949230155799,Normal,2.0,0.0,8.333333333333334,1.0,0.06,2.287671232876712,15.0,0.0666666666666666,0.0666666666666666,Low
SITE0132,10,0.13,Low Risk,0.0795730239785448,Normal,3.0,0.0,0.0,14.0,0.0909090909090909,1.7777777777777777,7.0,0.0,0.0,Low
SITE0217,10,0.13,Low Risk,0.1123544569339122,Normal,3.0,2.0,3.0,9.333333333333334,0.1470588235294117,2.14,14.0,0.2142857142857142,0.2142857142857142,Low
SITE0123,11,0.13,Low Risk,0.0455498696775651,Normal,0.0,1.0,0.0,17.0,0.1063829787234042,2.107692307692308,14.0,0.0,0.0,Low
SITE0124,11,0.13,Low Risk,0.0338380626539294,Normal,0.0,0.0,1.0,16.0,0.1351351351351351,2.135593220338983,17.0,0.0,0.0,Low
SITE0199,11,0.13,Low Risk,0.0583077604929408,Normal,3.0,0.0,3.5,18.0,0.1,2.3181818181818183,13.0,0.0,0.0,Low
SITE0241,11,0.13,Low Risk,0.1359653791459898,Normal,1.0,1.0,9.0,7.0,0.1470588235294117,2.26530612244898,5.0,0.0,0.0,Low
SITE0109,9,0.125,Low Risk,0.1143851591042394,Normal,1.0,1.0,11.0,9.0,0.1176470588235294,2.037735849056604,6.0,0.0,0.0,Low
SITE0163,9,0.125,Low Risk,0.1004286501359036,Normal,0.0,1.0,4.0,4.0,0.0980392156862745,1.8235294117647056,18.0,0.0,0.0,Low
SITE0109,11,0.125,Low Risk,0.0557173911692626,Normal,2.0,0.0,0.0,17.5,0.2692307692307692,2.6486486486486487,8.0,0.0,0.0,Low
SITE0147,8,0.12,Low Risk,0.1004286501359036,Normal,0.0,1.0,4.0,4.0,0.1538461538461538,1.8771929824561404,19.0,0.0,0.0,Low
SITE0220,8,0.12,Low Risk,0.0845193138605943,Normal,1.0,1.0,10.5,17.5,0.2692307692307692,2.5641025641025643,10.0,0.0,0.0,Low
SITE0234,8,0.12,Low Risk,0.1260566878901345,Normal,1.0,0.0,7.0,9.5,0.2222222222222222,2.4363636363636365,7.0,0.0,0.0,Low
SITE0242,8,0.12,Low Risk,0.0580075929868501,Normal,1.0,1.0,0.0,18.0,0.1111111111111111,2.0,14.0,0.0714285714285714,0.0714285714285714,Low
SITE0011,9,0.12,Low Risk,0.0936141189182688,Normal,2.0,1.0,12.0,0.0,0.0454545454545454,2.6666666666666665,6.0,0.1666666666666666,0.1666666666666666,Low
SITE0034,9,0.12,Low Risk,0.123899068216083,Normal,1.0,0.0,7.0,0.0,0.15625,1.918367346938776,13.0,0.0,0.0,Low
SITE0076,9,0.12,Low Risk,0.1191116727715848,Normal,2.0,1.0,0.0,7.5,0.0666666666666666,2.608695652173913,6.0,0.0,0.0,Low
SITE0129,10,0.12,Low Risk,0.0846081582638508,Normal,0.0,1.0,0.0,6.0,0.1612903225806451,1.74468085106383,11.0,0.0909090909090909,0.0909090909090909,Low
SITE0043,11,0.12,Low Risk,0.1098195203476548,Normal,2.0,0.0,3.6666666666666665,0.0,0.0909090909090909,2.26,7.0,0.0,0.0,Low
SITE0115,11,0.12,Low Risk,0.1098724170112407,Normal,1.0,0.0,3.0,0.0,0.0833333333333333,2.425925925925926,4.0,0.0,0.0,Low
SITE0172,11,0.12,Low Risk,0.0960346887781367,Normal,0.0,0.0,5.0,0.0,0.1794871794871795,1.7719298245614037,11.0,0.1818181818181818,0.1818181818181818,Low
SITE0066,8,0.115,Low Risk,0.1375637414939102,Normal,2.0,1.0,8.0,0.0,0.175,1.8333333333333333,21.0,0.0952380952380952,0.0952380952380952,Low
SITE0215,9,0.115,Low Risk,0.0909744694707856,Normal,0.0,0.0,9.0,6.666666666666667,0.064516129032258,2.239130434782609,8.0,0.0,0.0,Low
SITE0195,10,0.115,Low Risk,0.0785003498674186,Normal,0.0,0.0,0.0,8.75,0.1063829787234042,1.9710144927536235,12.0,0.1666666666666666,0.1666666666666666,Low
SITE0084,11,0.115,Low Risk,0.0849343685768916,Normal,0.0,2.0,6.0,2.5,0.1785714285714285,2.511627906976744,12.0,0.1666666666666666,0.1666666666666666,Low
SITE0118,11,0.115,Low Risk,0.1004034608569414,Normal,0.0,0.0,6.0,0.0,0.1515151515151515,2.2549019607843137,18.0,0.1111111111111111,0.1111111111111111,Low
SITE0127,11,0.115,Low Risk,0.124052677009838,Normal,1.0,0.0,6.0,0.0,0.1041666666666666,2.449275362318841,18.0,0.0,0.0,Low
SITE0145,11,0.115,Low Risk,0.0570876320336724,Normal,3.0,0.0,0.0,17.0,0.25,1.5942028985507246,15.0,0.0,0.0,Low
SITE0227,11,0.115,Low Risk,0.0922990806873651,Normal,2.0,0.0,0.0,14.0,0.1041666666666666,2.602739726027397,16.0,0.0,0.0,Low
SITE0245,11,0.115,Low Risk,0.0690378651745219,Normal,0.0,0.0,2.0,0.0,0.21875,1.893617021276596,14.0,0.0,0.0,Low
SITE0004,8,0.11,Low Risk,0.0319619359029356,Normal,1.0,2.0,10.333333333333334,20.0,0.1428571428571428,2.097560975609756,9.0,0.0,0.0,Low
SITE0138,8,0.11,Low Risk,0.0520864147670671,Normal,3.0,0.0,1.0,16.0,0.1363636363636363,2.0476190476190474,15.0,0.0666666666666666,0.0666666666666666,Low
SITE0194,8,0.11,Low Risk,0.1162480057198611,Normal,3.0,0.0,6.666666666666667,0.0,0.1363636363636363,2.015625,13.0,0.0769230769230769,0.0769230769230769,Low
SITE0214,8,0.11,Low Risk,0.0692360104553241,Normal,0.0,0.0,11.0,0.0,0.1764705882352941,2.576923076923077,9.0,0.2222222222222222,0.2222222222222222,Low
SITE0015,9,0.11,Low Risk,0.1229132572901213,Normal,3.0,0.0,9.0,11.0,0.0967741935483871,2.13953488372093,10.0,0.0,0.0,Low
SITE0118,9,0.11,Low Risk,0.0847968727231939,Normal,0.0,1.0,0.0,11.0,0.1304347826086956,1.873015873015873,12.0,0.0833333333333333,0.0833333333333333,Low
SITE0142,9,0.11,Low Risk,0.0811359377259625,Normal,0.0,1.0,0.0,0.0,0.1,1.7727272727272727,12.0,0.1666666666666666,0.1666666666666666,Low
SITE0154,9,0.11,Low Risk,0.1046562286919463,Normal,2.0,2.0,10.5,0.0,0.25,1.9534883720930232,9.0,0.0,0.0,Low
SITE0173,9,0.11,Low Risk,0.1244517889402114,Normal,3.0,1.0,9.0,0.0,0.1842105263157894,2.018867924528302,9.0,0.0,0.0,Low
SITE0197,9,0.11,Low Risk,0.105065176557199,Normal,0.0,1.0,9.0,0.0,0.1714285714285714,1.9090909090909087,10.0,0.0,0.0,Low
SITE0080,10,0.11,Low Risk,0.093578929233549,Normal,1.0,0.0,1.0,0.0,0.1071428571428571,2.1621621621621623,6.0,0.1666666666666666,0.1666666666666666,Low
SITE0220,11,0.11,Low Risk,0.1246071821859562,Normal,1.0,1.0,10.0,8.0,0.25,1.9523809523809523,7.0,0.0,0.0,Low
SITE0123,8,0.105,Low Risk,0.1126961640181211,Normal,1.0,0.0,0.0,0.0,0.1875,2.188405797101449,15.0,0.0666666666666666,0.0666666666666666,Low
SITE0142,8,0.105,Low Risk,0.0954075614432052,Normal,0.0,1.0,9.0,15.0,0.1111111111111111,1.9107142857142856,12.0,0.0833333333333333,0.0833333333333333,Low
SITE0158,8,0.105,Low Risk,0.0941720686972786,Normal,0.0,0.0,5.0,8.0,0.1333333333333333,2.45,4.0,0.0,0.0,Low
SITE0198,8,0.105,Low Risk,0.1004019412342823,Normal,1.0,2.0,0.0,0.0,0.1212121212121212,2.1818181818181817,18.0,0.0,0.0,Low
SITE0247,9,0.105,Low Risk,0.0667635226222339,Normal,1.0,2.0,0.0,14.666666666666666,0.2666666666666666,2.0,8.0,0.0,0.0,Low
SITE0154,10,0.105,Low Risk,0.095268710357564,Normal,3.0,1.0,1.0,12.5,0.1875,2.441860465116279,13.0,0.0,0.0,Low
SITE0156,10,0.105,Low Risk,0.1056436255447552,Normal,1.0,0.0,0.0,11.0,0.0277777777777777,2.113207547169812,10.0,0.0,0.0,Low
SITE0020,11,0.105,Low Risk,0.0725838110206846,Normal,1.0,1.0,13.0,0.0,0.2307692307692307,2.017543859649123,15.0,0.0666666666666666,0.0666666666666666,Low
SITE0135,11,0.105,Low Risk,0.1042862126542947,Normal,1.0,0.0,0.0,5.5,0.2666666666666666,1.9523809523809523,6.0,0.0,0.0,Low
SITE0212,8,0.1,Low Risk,0.1168795795399646,Normal,0.0,1.0,5.0,7.0,0.2121212121212121,2.1956521739130435,9.0,0.0,0.0,Low
SITE0106,9,0.1,Low Risk,0.0933150844832687,Normal,0.0,2.0,7.0,0.0,0.1388888888888889,2.3773584905660377,13.0,0.1538461538461538,0.1538461538461538,Low
SITE0115,9,0.1,Low Risk,0.0743389691396639,Normal,1.0,0.0,12.0,0.0,0.1764705882352941,2.4545454545454546,10.0,0.0,0.0,Low
SITE0211,9,0.1,Low Risk,0.0621670932822756,Normal,2.0,0.0,12.0,15.666666666666666,0.0789473684210526,2.8983050847457625,6.0,0.0,0.0,Low
SITE0220,9,0.1,Low Risk,0.1204030574491742,Normal,1.0,1.0,5.5,15.0,0.2352941176470588,1.511111111111111,12.0,0.0,0.0,Low
SITE0043,10,0.1,Low Risk,0.1023640356339053,Normal,0.0,0.0,6.25,9.333333333333334,0.15,2.07843137254902,6.0,0.0,0.0,Low
SITE0001,11,0.1,Low Risk,0.1256931234314978,Normal,2.0,1.0,5.5,15.333333333333334,0.0294117647058823,2.148936170212766,13.0,0.1538461538461538,0.1538461538461538,Low
SITE0054,11,0.1,Low Risk,0.1234112861820073,Normal,1.0,0.0,6.333333333333333,0.0,0.2058823529411764,2.0727272727272728,10.0,0.0,0.0,Low
SITE0139,11,0.1,Low Risk,0.0547301260807575,Normal,0.0,1.0,11.666666666666666,16.0,0.3111111111111111,2.3380281690140845,16.0,0.0,0.0,Low
SITE0156,11,0.1,Low Risk,0.1020070908529721,Normal,2.0,0.0,0.0,5.0,0.1428571428571428,2.1785714285714284,13.0,0.0769230769230769,0.0769230769230769,Low
SITE0158,11,0.1,Low Risk,0.0396712881380104,Normal,3.0,0.0,12.0,17.333333333333332,0.0,1.878787878787879,10.0,0.0,0.0,Low
SITE0037,8,0.095,Low Risk,0.0855840308031549,Normal,2.0,0.0,12.5,11.5,0.2424242424242424,1.65,7.0,0.0,0.0,Low
SITE0167,8,0.095,Low Risk,0.0493019511389715,Normal,2.0,3.0,0.0,2.0,0.1176470588235294,2.1666666666666665,7.0,0.0,0.0,Low
SITE0186,8,0.095,Low Risk,0.097288941445618,Normal,0.0,0.0,8.0,8.0,0.064516129032258,1.934782608695652,11.0,0.2727272727272727,0.2727272727272727,Low
SITE0218,8,0.095,Low Risk,0.1224335445533744,Normal,2.0,1.0,0.0,10.0,0.1764705882352941,2.073529411764706,11.0,0.0,0.0,Low
SITE0199,9,0.095,Low Risk,0.1340601908051166,Normal,2.0,1.0,9.0,0.0,0.2258064516129032,1.8837209302325584,8.0,0.125,0.125,Low
SITE0051,10,0.095,Low Risk,0.1090311512944488,Normal,0.0,1.0,8.0,0.0,0.0555555555555555,2.363636363636364,11.0,0.0909090909090909,0.0909090909090909,Low
SITE0198,10,0.095,Low Risk,0.0911821411441685,Normal,0.0,0.0,9.0,0.0,0.1025641025641025,2.1272727272727274,19.0,0.0526315789473684,0.0526315789473684,Low
SITE0092,11,0.095,Low Risk,0.1484807165323229,Normal,2.0,1.0,8.0,8.0,0.125,2.5,4.0,0.0,0.0,Low
SITE0186,11,0.095,Low Risk,0.1045923826378021,Normal,2.0,0.0,11.0,12.0,0.1212121212121212,2.345454545454545,13.0,0.0,0.0,Low
SITE0031,8,0.09,Low Risk,0.0777051677519907,Normal,0.0,0.0,0.0,7.0,0.0571428571428571,1.6326530612244898,8.0,0.125,0.125,Low
SITE0092,8,0.09,Low Risk,0.0121116565159643,Normal,3.0,1.0,0.0,20.0,0.3181818181818182,1.911764705882353,8.0,0.125,0.125,Low
SITE0155,9,0.09,Low Risk,0.0822565066621739,Normal,0.0,0.0,10.0,0.0,0.2580645161290322,2.0416666666666665,10.0,0.1,0.1,Low
SITE0241,9,0.09,Low Risk,0.1028358102731556,Normal,3.0,1.0,0.0,0.0,0.125,2.645833333333333,4.0,0.25,0.25,Low
SITE0032,10,0.09,Low Risk,0.1056738363021843,Normal,3.0,1.0,0.0,11.0,0.1904761904761904,1.9482758620689653,6.0,0.0,0.0,Low
SITE0086,10,0.09,Low Risk,0.1126961640181211,Normal,1.0,0.0,0.0,0.0,0.073170731707317,1.852459016393443,15.0,0.0,0.0,Low
SITE0108,10,0.09,Low Risk,0.1265834278694353,Normal,3.0,1.0,8.0,3.0,0.1052631578947368,2.210526315789474,14.0,0.1428571428571428,0.1428571428571428,Low
SITE0180,10,0.09,Low Risk,0.1126961640181211,Normal,1.0,0.0,0.0,0.0,0.2352941176470588,2.042553191489361,15.0,0.0,0.0,Low
SITE0234,10,0.09,Low Risk,0.1046761292015731,Normal,2.0,0.0,0.0,0.0,0.0909090909090909,2.0,14.0,0.0714285714285714,0.0714285714285714,Low
SITE0129,11,0.09,Low Risk,0.1028623794214928,Normal,2.0,1.0,2.0,14.0,0.0303030303030303,2.22,11.0,0.1818181818181818,0.1818181818181818,Low
SITE0232,11,0.09,Low Risk,0.0925486691373912,Normal,1.0,0.0,11.0,0.0,0.1111111111111111,2.746031746031746,15.0,0.0666666666666666,0.0666666666666666,Low
SITE0101,8,0.085,Low Risk,0.1184906283630914,Normal,1.0,1.0,4.571428571428571,2.0,0.1777777777777777,2.130434782608696,16.0,0.0,0.0,Low
SITE0128,8,0.085,Low Risk,0.1394585400869228,Normal,2.0,1.0,6.0,0.0,0.0612244897959183,2.0588235294117645,13.0,0.0,0.0,Low
SITE0133,8,0.085,Low Risk,0.1383010412458778,Normal,2.0,1.0,6.2,0.0,0.15,2.2857142857142856,11.0,0.1818181818181818,0.1818181818181818,Low
SITE0065,9,0.085,Low Risk,0.1034874415224412,Normal,1.0,0.0,10.5,0.0,0.2702702702702703,2.1538461538461537,12.0,0.0833333333333333,0.0833333333333333,Low
SITE0082,9,0.085,Low Risk,0.1147487181107381,Normal,3.0,1.0,3.0,0.0,0.0714285714285714,2.1555555555555554,13.0,0.0769230769230769,0.0769230769230769,Low
SITE0130,9,0.085,Low Risk,0.1143798952927458,Normal,2.0,1.0,2.0,9.0,0.1590909090909091,2.5522388059701493,12.0,0.0,0.0,Low
SITE0237,9,0.085,Low Risk,0.0769588097451545,Normal,1.0,3.0,3.5,0.0,0.1034482758620689,1.8205128205128205,10.0,0.0,0.0,Low
SITE0065,10,0.085,Low Risk,0.0990054900049953,Normal,3.0,0.0,9.333333333333334,3.0,0.2222222222222222,1.907407407407408,9.0,0.0,0.0,Low
SITE0168,8,0.08,Low Risk,0.040224435227238,Normal,2.0,1.0,0.0,19.0,0.1851851851851851,1.975609756097561,8.0,0.0,0.0,Low
SITE0158,9,0.08,Low Risk,0.0876919213927422,Normal,3.0,0.0,0.0,13.0,0.0689655172413793,2.395348837209302,3.0,0.0,0.0,Low
SITE0198,9,0.08,Low Risk,0.0925143242796057,Normal,1.0,1.0,11.0,1.0,0.175,2.283333333333333,14.0,0.1428571428571428,0.1428571428571428,Low
SITE0016,10,0.08,Low Risk,0.133524473958389,Normal,1.0,1.0,5.5,6.0,0.1538461538461538,1.6829268292682926,13.0,0.0,0.0,Low
SITE0020,10,0.08,Low Risk,0.0917053454965029,Normal,1.0,0.0,12.0,12.5,0.1428571428571428,2.0185185185185186,15.0,0.1333333333333333,0.1333333333333333,Low
SITE0082,10,0.08,Low Risk,0.0659929579746564,Normal,2.0,0.0,13.0,10.0,0.1,2.58974358974359,7.0,0.1428571428571428,0.1428571428571428,Low
SITE0140,10,0.08,Low Risk,0.123899068216083,Normal,1.0,0.0,7.0,0.0,0.2222222222222222,2.2564102564102564,5.0,0.0,0.0,Low
SITE0210,10,0.08,Low Risk,0.0469738133896427,Normal,0.0,0.0,10.0,17.0,0.1025641025641025,2.327272727272727,9.0,0.0,0.0,Low
SITE0240,10,0.08,Low Risk,0.1101974816900132,Normal,2.0,1.0,11.0,0.0,0.1470588235294117,2.0,9.0,0.0,0.0,Low
SITE0046,11,0.08,Low Risk,0.0900413384621426,Normal,2.0,0.0,12.0,10.0,0.1666666666666666,2.066666666666667,9.0,0.0,0.0,Low
SITE0132,11,0.08,Low Risk,0.103051365155537,Normal,3.0,1.0,2.0,4.0,0.1136363636363636,2.5223880597014925,15.0,0.0666666666666666,0.0666666666666666,Low
SITE0043,8,0.075,Low Risk,0.0978971977746038,Normal,0.0,1.0,5.0,1.0,0.2424242424242424,2.117647058823529,14.0,0.0,0.0,Low
SITE0208,8,0.075,Low Risk,0.1126961640181211,Normal,1.0,0.0,0.0,0.0,0.16,2.315068493150685,14.0,0.1428571428571428,0.1428571428571428,Low
SITE0091,9,0.075,Low Risk,0.1089093614905468,Normal,3.0,0.0,9.0,0.0,0.2758620689655172,2.263157894736842,11.0,0.0,0.0,Low
SITE0242,9,0.075,Low Risk,0.0725838110206846,Normal,1.0,1.0,13.0,0.0,0.15,2.086206896551724,9.0,0.0,0.0,Low
SITE0041,10,0.075,Low Risk,0.0670106867166957,Normal,0.0,1.0,0.0,14.333333333333334,0.0681818181818181,2.3692307692307693,10.0,0.1,0.1,Low
SITE0181,10,0.075,Low Risk,0.1111427958452157,Normal,1.0,0.0,0.0,9.0,0.2432432432432432,2.230769230769231,11.0,0.0,0.0,Low
SITE0048,11,0.075,Low Risk,0.1004019412342823,Normal,1.0,2.0,0.0,0.0,0.04,1.5526315789473684,5.0,0.0,0.0,Low
SITE0084,8,0.07,Low Risk,0.0722654119495365,Normal,3.0,0.0,3.5,17.0,0.0689655172413793,1.9318181818181817,13.0,0.0,0.0,Low
SITE0180,8,0.07,Low Risk,0.0701995087715668,Normal,0.0,0.0,0.0,0.0,0.225,2.517857142857143,13.0,0.0769230769230769,0.0769230769230769,Low
SITE0004,9,0.07,Low Risk,0.0821696609445084,Normal,0.0,0.0,0.0,10.666666666666666,0.1481481481481481,2.232558139534884,8.0,0.125,0.125,Low
SITE0046,9,0.07,Low Risk,0.1127213633683104,Normal,2.0,0.0,9.333333333333334,0.0,0.1666666666666666,2.069767441860465,11.0,0.0,0.0,Low
SITE0183,9,0.07,Low Risk,0.1253203104293448,Normal,2.0,1.0,9.666666666666666,0.0,0.1052631578947368,2.2711864406779663,9.0,0.0,0.0,Low
SITE0186,9,0.07,Low Risk,0.1362400157363674,Normal,2.0,1.0,8.0,4.0,0.081081081081081,2.4,8.0,0.0,0.0,Low
SITE0002,10,0.07,Low Risk,0.0924803263555393,Normal,0.0,0.0,7.666666666666667,0.0,0.1219512195121951,2.433333333333333,8.0,0.0,0.0,Low
SITE0082,8,0.065,Low Risk,0.1242731745916908,Normal,3.0,0.0,6.0,13.0,0.0666666666666666,1.9545454545454544,9.0,0.1111111111111111,0.1111111111111111,Low
SITE0210,8,0.065,Low Risk,0.1113140196147631,Normal,0.0,1.0,6.0,0.0,0.1219512195121951,2.0,11.0,0.0909090909090909,0.0909090909090909,Low
SITE0103,9,0.065,Low Risk,0.1106279735420457,Normal,2.0,1.0,2.5,0.0,0.2307692307692307,2.1951219512195124,14.0,0.0714285714285714,0.0714285714285714,Low
SITE0169,9,0.065,Low Risk,0.093992135742345,Normal,1.0,1.0,11.5,4.0,0.1034482758620689,2.3902439024390243,5.0,0.2,0.2,Low
SITE0016,11,0.065,Low Risk,0.1110592894420765,Normal,2.0,1.0,0.0,13.0,0.074074074074074,1.5945945945945943,8.0,0.0,0.0,Low
SITE0118,8,0.06,Low Risk,0.1173700044806521,Normal,1.0,0.0,4.5,0.0,0.0952380952380952,1.5573770491803278,14.0,0.1428571428571428,0.1428571428571428,Low
SITE0037,9,0.06,Low Risk,0.1089894282514077,Normal,3.0,0.0,5.333333333333333,0.0,0.28125,2.3255813953488373,7.0,0.0,0.0,Low
SITE0004,10,0.06,Low Risk,0.1126961640181211,Normal,1.0,0.0,0.0,0.0,0.1071428571428571,2.2285714285714286,8.0,0.0,0.0,Low
SITE0046,10,0.06,Low Risk,0.0730860832379404,Normal,2.0,0.0,11.5,2.0,0.1379310344827586,1.9047619047619049,6.0,0.0,0.0,Low
SITE0048,10,0.06,Low Risk,0.1115227501781654,Normal,1.0,1.0,0.0,11.25,0.09375,1.948717948717949,9.0,0.0,0.0,Low
SITE0143,10,0.06,Low Risk,0.1485868192922653,Normal,2.0,1.0,9.0,11.5,0.25,2.0,10.0,0.1,0.1,Low
SITE0168,10,0.06,Low Risk,0.0988024031697872,Normal,2.0,1.0,1.0,0.0,0.1739130434782608,1.818181818181818,6.0,0.1666666666666666,0.1666666666666666,Low
SITE0033,11,0.06,Low Risk,0.1051741191297953,Normal,3.0,2.0,3.0,4.0,0.1724137931034483,2.255813953488372,10.0,0.1,0.1,Low
SITE0041,11,0.06,Low Risk,0.10724534846784,Normal,3.0,0.0,5.0,0.0,0.125,1.890625,15.0,0.0666666666666666,0.0666666666666666,Low
SITE0120,11,0.06,Low Risk,0.1098724170112407,Normal,1.0,0.0,3.0,0.0,0.2083333333333333,2.4545454545454546,8.0,0.125,0.125,Low
SITE0103,8,0.055,Low Risk,0.128207713237702,Normal,2.0,1.0,4.0,0.0,0.08,2.1875,7.0,0.1428571428571428,0.1428571428571428,Low
SITE0155,8,0.055,Low Risk,0.12883433000861,Normal,3.0,1.0,6.0,0.0,0.1428571428571428,2.125,10.0,0.0,0.0,Low
SITE0074,9,0.055,Low Risk,0.1004019412342823,Normal,1.0,2.0,0.0,0.0,0.1428571428571428,2.3703703703703702,8.0,0.0,0.0,Low
SITE0205,9,0.055,Low Risk,0.0924902174593672,Normal,1.0,1.0,12.0,6.0,0.125,2.2222222222222223,8.0,0.125,0.125,Low
SITE0240,9,0.055,Low Risk,0.1033593391104238,Normal,1.0,0.0,0.0,5.0,0.2,1.8863636363636365,9.0,0.1111111111111111,0.1111111111111111,Low
SITE0092,10,0.055,Low Risk,0.0718469079535204,Normal,0.0,1.0,1.0,0.0,0.1923076923076923,2.27027027027027,6.0,0.0,0.0,Low
SITE0092,9,0.05,Low Risk,0.0600119170306414,Normal,0.0,0.0,0.0,14.0,0.2222222222222222,1.7837837837837838,9.0,0.0,0.0,Low
SITE0034,10,0.05,Low Risk,0.0640715804377413,Normal,1.0,0.0,0.0,17.0,0.073170731707317,1.9523809523809523,11.0,0.0,0.0,Low
SITE0084,10,0.05,Low Risk,0.1222532747445559,Normal,1.0,1.0,10.0,0.0,0.064516129032258,2.372093023255814,7.0,0.1428571428571428,0.1428571428571428,Low
SITE0173,10,0.05,Low Risk,0.1060434438463067,Normal,1.0,0.0,0.0,8.0,0.1052631578947368,2.207547169811321,10.0,0.1,0.1,Low
SITE0205,10,0.05,Low Risk,0.0807434030188877,Normal,3.0,2.0,1.0,0.0,0.064516129032258,2.422222222222222,11.0,0.0,0.0,Low
SITE0237,11,0.05,Low Risk,0.10499626700145,Normal,1.0,0.0,0.0,6.0,0.0526315789473684,2.4833333333333334,10.0,0.0,0.0,Low
SITE0159,8,0.045,Low Risk,0.088134357955541,Normal,0.0,0.0,3.5,0.0,0.0769230769230769,2.2777777777777777,11.0,0.0,0.0,Low
SITE0048,9,0.045,Low Risk,0.1347692952717916,Normal,1.0,1.0,6.333333333333333,0.0,0.125,2.1875,11.0,0.1818181818181818,0.1818181818181818,Low
SITE0239,9,0.045,Low Risk,0.1045737788339472,Normal,1.0,1.0,1.0,0.0,0.1351351351351351,2.5357142857142856,9.0,0.1111111111111111,0.1111111111111111,Low
SITE0015,10,0.045,Low Risk,0.0576844376367101,Normal,1.0,0.0,2.0,17.0,0.1219512195121951,2.098360655737705,12.0,0.0,0.0,Low
SITE0142,10,0.045,Low Risk,0.1098724170112407,Normal,1.0,0.0,3.0,0.0,0.1785714285714285,2.108108108108108,11.0,0.0,0.0,Low
SITE0159,11,0.045,Low Risk,0.1194208248501527,Normal,2.0,1.0,0.0,0.0,0.1363636363636363,1.579710144927536,13.0,0.0,0.0,Low
SITE0080,8,0.035,Low Risk,0.0749643830338087,Normal,2.0,0.0,12.0,0.0,0.1,1.826086956521739,8.0,0.125,0.125,Low
SITE0004,11,0.035,Low Risk,0.1168657903679455,Normal,2.0,1.0,11.0,8.5,0.0769230769230769,2.1621621621621623,7.0,0.0,0.0,Low
SITE0111,8,0.025,Low Risk,0.0846081582638508,Normal,0.0,1.0,0.0,6.0,0.1555555555555555,2.0434782608695654,11.0,0.0,0.0,Low
SITE0054,10,0.025,Low Risk,0.065967915456262,Normal,2.0,0.0,3.0,17.0,0.0689655172413793,2.088888888888889,8.0,0.0,0.0,Low
SITE0074,11,0.025,Low Risk,0.1116906427840029,Normal,1.0,0.0,3.5,0.0,0.1794871794871795,1.847457627118644,9.0,0.0,0.0,Low
SITE0078,8,0.015,Low Risk,0.1382768341020412,Normal,2.0,1.0,7.0,0.0,0.1515151515151515,2.3617021276595747,11.0,0.0909090909090909,0.0909090909090909,Low
SITE0215,8,0.015,Low Risk,0.0600793066762711,Normal,0.0,2.0,0.0,0.0,0.0344827586206896,2.05,6.0,0.0,0.0,Low
SITE0001,9,0.015,Low Risk,0.1126961640181211,Normal,1.0,0.0,0.0,0.0,0.1025641025641025,2.2,8.0,0.0,0.0,Low
