site_id,monitoring_period,missing_data_count,protocol_deviation_count,data_entry_delay_avg,query_resolution_avg,behavior
SITE0001,1,4,2,0.0,0.0,Stable
SITE0001,2,1,0,0.0,18.0,Stable
SITE0001,3,1,1,4.0,14.666666666666666,Stable
SITE0001,4,0,2,11.0,8.0,Stable
SITE0001,5,2,1,10.5,10.5,Stable
SITE0001,6,3,2,8.5,4.0,Stable
SITE0001,7,1,1,0.0,0.0,Stable
SITE0001,8,1,0,8.6,2.0,Stable
SITE0001,9,1,0,0.0,0.0,Stable
SITE0001,10,1,0,5.666666666666667,0.0,Stable
SITE0001,11,2,1,5.5,15.333333333333334,Stable
SITE0001,12,1,2,10.666666666666666,0.0,Stable
SITE0002,1,3,2,14.0,12.5,Stable
SITE0002,2,2,0,5.5,3.0,Stable
SITE0002,3,0,0,0.0,10.0,Stable
SITE0002,4,4,2,12.0,8.0,Stable
SITE0002,5,2,2,0.0,10.5,Stable
SITE0002,6,1,2,6.0,0.0,Stable
SITE0002,7,1,0,4.5,20.0,Stable
SITE0002,8,0,0,13.0,20.0,Stable
SITE0002,9,0,0,0.0,15.0,Stable
SITE0002,10,0,0,7.666666666666667,0.0,Stable
SITE0002,11,1,0,0.0,10.0,Stable
SITE0002,12,0,2,8.6,7.0,Stable
SITE0003,1,10,4,9.142857142857142,11.875,High Risk
SITE0003,2,4,4,5.0,9.833333333333334,High Risk
SITE0003,3,8,4,7.285714285714286,13.0,High Risk
SITE0003,4,12,4,8.8,12.6,High Risk
SITE0003,5,9,8,9.0,10.0,High Risk
SITE0003,6,15,6,4.555555555555555,8.88888888888889,High Risk
SITE0003,7,13,4,8.142857142857142,19.0,High Risk
SITE0003,8,14,5,9.75,12.75,High Risk
SITE0003,9,5,2,7.25,8.125,High Risk
SITE0003,10,5,3,10.11111111111111,12.142857142857142,High Risk
SITE0003,11,9,5,9.333333333333334,11.333333333333334,High Risk
SITE0003,12,11,3,4.0,14.333333333333334,High Risk
SITE0004,1,1,1,0.0,0.0,Stable
SITE0004,2,3,0,7.5,0.0,Stable
SITE0004,3,1,3,5.0,8.0,Stable
SITE0004,4,1,0,0.0,1.0,Stable
SITE0004,5,2,0,0.0,6.5,Stable
SITE0004,6,2,1,0.0,0.0,Stable
SITE0004,7,3,0,6.0,5.5,Stable
SITE0004,8,1,2,10.333333333333334,20.0,Stable
SITE0004,9,0,0,0.0,10.666666666666666,Stable
SITE0004,10,1,0,0.0,0.0,Stable
SITE0004,11,2,1,11.0,8.5,Stable
SITE0004,12,2,2,6.0,18.0,Stable
SITE0005,1,2,1,0.0,0.0,Deteriorating
SITE0005,2,2,2,5.0,0.0,Deteriorating
SITE0005,3,0,2,5.0,4.75,Deteriorating
SITE0005,4,0,3,3.0,12.0,Deteriorating
SITE0005,5,2,2,8.666666666666666,9.0,Deteriorating
SITE0005,6,3,1,9.333333333333334,10.6,Deteriorating
SITE0005,7,6,4,0.0,7.5,Deteriorating
SITE0005,8,3,4,3.5,0.0,Deteriorating
SITE0005,9,7,3,6.5,13.0,Deteriorating
SITE0005,10,8,1,7.333333333333333,10.5,Deteriorating
SITE0005,11,5,0,8.6,11.333333333333334,Deteriorating
SITE0005,12,4,5,4.333333333333333,14.0,Deteriorating
SITE0006,1,3,2,0.0,0.0,Stable
SITE0006,2,3,1,7.5,0.0,Stable
SITE0006,3,2,2,12.0,0.0,Stable
SITE0006,4,3,1,11.0,0.0,Stable
SITE0006,5,0,1,4.0,10.0,Stable
SITE0006,6,3,5,12.0,2.0,Stable
SITE0006,7,0,3,0.0,20.0,Stable
SITE0006,8,2,2,4.0,0.0,Stable
SITE0006,9,1,1,9.25,1.0,Stable
SITE0006,10,3,0,0.0,0.0,Stable
SITE0006,11,3,2,7.0,16.0,Stable
SITE0006,12,2,2,4.0,0.0,Stable
SITE0007,1,8,0,6.0,0.0,High Risk
SITE0007,2,9,6,8.166666666666666,12.333333333333334,High Risk
SITE0007,3,11,10,5.0,7.857142857142857,High Risk
SITE0007,4,8,7,9.0,16.0,High Risk
SITE0007,5,5,4,6.333333333333333,11.0,High Risk
SITE0007,6,6,1,8.8,12.0,High Risk
SITE0007,7,12,5,7.777777777777778,7.2,High Risk
SITE0007,8,7,4,8.25,5.0,High Risk
SITE0007,9,8,8,5.714285714285714,12.555555555555555,High Risk
SITE0007,10,9,5,5.3,8.0,High Risk
SITE0007,11,10,8,6.714285714285714,17.0,High Risk
SITE0007,12,8,3,8.75,9.0,High Risk
SITE0008,1,1,0,11.666666666666666,7.0,Stable
SITE0008,2,2,3,6.666666666666667,17.0,Stable
SITE0008,3,2,1,9.0,0.0,Stable
SITE0008,4,3,2,0.0,19.0,Stable
SITE0008,5,0,2,7.5,16.0,Stable
SITE0008,6,0,0,0.0,6.0,Stable
SITE0008,7,1,1,0.0,0.0,Stable
SITE0008,8,2,2,7.0,6.666666666666667,Stable
SITE0008,9,1,3,0.0,7.5,Stable
SITE0008,10,2,2,4.0,0.0,Stable
SITE0008,11,2,2,10.0,14.0,Stable
SITE0008,12,1,3,6.0,5.0,Stable
SITE0009,1,5,4,8.666666666666666,16.0,Anomalous
SITE0009,2,5,2,9.6,4.0,Anomalous
SITE0009,3,0,3,6.333333333333333,6.333333333333333,Anomalous
SITE0009,4,16,9,7.8,11.0,Anomalous
SITE0009,5,2,2,9.0,0.0,Anomalous
SITE0009,6,2,4,0.0,10.0,Anomalous
SITE0009,7,7,1,5.333333333333333,15.0,Anomalous
SITE0009,8,3,1,6.0,7.5,Anomalous
SITE0009,9,6,0,8.0,18.5,Anomalous
SITE0009,10,3,1,8.0,15.0,Anomalous
SITE0009,11,3,2,7.0,10.25,Anomalous
SITE0009,12,2,0,7.333333333333333,10.0,Anomalous
SITE0010,1,0,0,0.0,12.5,Deteriorating
SITE0010,2,3,0,1.0,1.0,Deteriorating
SITE0010,3,3,1,2.0,8.0,Deteriorating
SITE0010,4,1,3,9.0,11.0,Deteriorating
SITE0010,5,8,0,8.0,0.0,Deteriorating
SITE0010,6,3,4,6.5,8.0,Deteriorating
SITE0010,7,4,2,0.0,5.0,Deteriorating
SITE0010,8,6,0,4.0,9.0,Deteriorating
SITE0010,9,4,0,0.0,17.0,Deteriorating
SITE0010,10,4,7,6.636363636363637,12.333333333333334,Deteriorating
SITE0010,11,7,5,3.5,8.142857142857142,Deteriorating
SITE0010,12,4,2,8.25,11.6,Deteriorating
SITE0011,1,4,1,0.0,0.0,Stable
SITE0011,2,1,1,2.5,17.0,Stable
SITE0011,3,0,1,8.666666666666666,0.0,Stable
SITE0011,4,3,1,0.0,2.0,Stable
SITE0011,5,2,0,4.0,19.0,Stable
SITE0011,6,0,1,8.0,0.0,Stable
SITE0011,7,2,1,4.0,15.0,Stable
SITE0011,8,2,0,7.666666666666667,15.0,Stable
SITE0011,9,2,1,12.0,0.0,Stable
SITE0011,10,0,2,8.0,15.0,Stable
SITE0011,11,0,2,4.5,7.5,Stable
SITE0011,12,1,2,7.0,0.0,Stable
SITE0012,1,4,0,0.0,14.25,Stable
SITE0012,2,4,1,2.0,0.0,Stable
SITE0012,3,2,1,12.0,0.0,Stable
SITE0012,4,4,0,13.0,10.0,Stable
SITE0012,5,0,1,4.0,0.0,Stable
SITE0012,6,0,0,9.333333333333334,9.0,Stable
SITE0012,7,2,2,5.0,0.0,Stable
SITE0012,8,2,3,13.0,13.5,Stable
SITE0012,9,3,0,6.0,11.0,Stable
SITE0012,10,0,0,0.0,10.0,Stable
SITE0012,11,1,0,0.0,8.0,Stable
SITE0012,12,1,1,9.0,0.0,Stable
SITE0013,1,4,3,10.0,6.6,Anomalous
SITE0013,2,5,3,6.8,11.5,Anomalous
SITE0013,3,4,5,5.0,14.666666666666666,Anomalous
SITE0013,4,9,7,6.9,10.6,Anomalous
SITE0013,5,3,1,1.0,4.0,Anomalous
SITE0013,6,3,1,7.5,0.0,Anomalous
SITE0013,7,6,1,5.25,13.0,Anomalous
SITE0013,8,6,1,10.0,11.0,Anomalous
SITE0013,9,3,3,3.0,15.0,Anomalous
SITE0013,10,0,2,13.0,9.5,Anomalous
SITE0013,11,6,3,9.5,12.0,Anomalous
SITE0013,12,4,3,3.0,11.0,Anomalous
SITE0014,1,1,0,12.0,0.0,Stable
SITE0014,2,3,0,0.0,12.0,Stable
SITE0014,3,2,3,12.0,8.0,Stable
SITE0014,4,2,3,0.0,0.0,Stable
SITE0014,5,2,2,13.0,6.0,Stable
SITE0014,7,1,1,0.0,3.5,Stable
SITE0014,8,5,0,5.0,19.0,Stable
SITE0014,9,2,1,0.0,0.0,Stable
SITE0014,10,1,0,4.333333333333333,19.0,Stable
SITE0014,11,2,0,0.0,0.0,Stable
SITE0014,12,3,1,5.0,0.0,Stable
SITE0015,1,3,2,10.0,6.0,Stable
SITE0015,2,4,0,6.0,10.5,Stable
SITE0015,3,2,1,6.333333333333333,0.0,Stable
SITE0015,4,0,2,5.0,0.0,Stable
SITE0015,5,2,3,3.3333333333333335,6.0,Stable
SITE0015,6,3,1,0.0,10.0,Stable
SITE0015,7,3,1,0.0,19.0,Stable
SITE0015,8,4,2,0.0,9.0,Stable
SITE0015,9,3,0,9.0,11.0,Stable
SITE0015,10,1,0,2.0,17.0,Stable
SITE0015,11,0,1,4.5,17.0,Stable
SITE0015,12,3,0,8.333333333333334,12.0,Stable
SITE0016,1,3,1,4.333333333333333,0.0,Stable
SITE0016,2,2,1,4.0,1.0,Stable
SITE0016,3,3,0,2.0,12.5,Stable
SITE0016,4,2,1,10.0,0.0,Stable
SITE0016,5,1,2,7.0,2.0,Stable
SITE0016,6,5,1,9.0,0.0,Stable
SITE0016,7,0,2,0.0,16.0,Stable
SITE0016,8,0,0,0.0,4.5,Stable
SITE0016,9,0,0,0.0,14.0,Stable
SITE0016,10,1,1,5.5,6.0,Stable
SITE0016,11,2,1,0.0,13.0,Stable
SITE0016,12,2,1,3.0,12.5,Stable
SITE0017,1,1,0,2.6666666666666665,10.0,Stable
SITE0017,2,1,0,0.0,0.0,Stable
SITE0017,3,3,1,0.0,0.0,Stable
SITE0017,4,1,1,0.0,7.0,Stable
SITE0017,5,0,0,10.0,8.0,Stable
SITE0017,6,1,3,7.0,18.0,Stable
SITE0017,7,3,1,5.0,7.666666666666667,Stable
SITE0017,8,1,0,7.666666666666667,0.0,Stable
SITE0017,9,2,0,9.5,0.0,Stable
SITE0017,10,1,0,0.0,10.5,Stable
SITE0017,11,1,1,14.0,14.0,Stable
SITE0017,12,1,1,0.0,7.5,Stable
SITE0018,1,0,0,12.0,4.0,Deteriorating
SITE0018,2,0,1,3.0,14.5,Deteriorating
SITE0018,3,2,2,11.25,6.0,Deteriorating
SITE0018,4,1,1,10.0,0.0,Deteriorating
SITE0018,5,1,1,6.0,4.0,Deteriorating
SITE0018,6,7,1,11.0,5.5,Deteriorating
SITE0018,7,8,1,8.5,20.0,Deteriorating
SITE0018,8,4,0,9.6,15.0,Deteriorating
SITE0018,9,4,1,7.0,11.75,Deteriorating
SITE0018,10,10,1,7.0,5.0,Deteriorating
SITE0018,11,4,2,8.625,13.0,Deteriorating
SITE0018,12,6,7,10.5,11.0,Deteriorating
SITE0019,1,1,0,0.0,0.0,Deteriorating
SITE0019,2,2,1,0.0,14.0,Deteriorating
SITE0019,3,2,1,12.0,12.333333333333334,Deteriorating
SITE0019,4,1,1,11.5,0.0,Deteriorating
SITE0019,5,2,1,1.0,15.333333333333334,Deteriorating
SITE0019,6,6,2,3.0,11.666666666666666,Deteriorating
SITE0019,7,1,2,6.0,7.333333333333333,Deteriorating
SITE0019,8,3,5,12.0,9.0,Deteriorating
SITE0019,9,9,0,8.666666666666666,12.0,Deteriorating
SITE0019,10,5,2,7.0,12.5,Deteriorating
SITE0019,11,6,6,3.5,12.5,Deteriorating
SITE0019,12,7,3,7.666666666666667,14.0,Deteriorating
SITE0020,1,1,1,8.0,20.0,Stable
SITE0020,2,5,1,0.0,0.0,Stable
SITE0020,3,3,1,0.0,15.0,Stable
SITE0020,4,2,0,4.5,0.0,Stable
SITE0020,5,2,1,8.8,0.0,Stable
SITE0020,6,2,2,12.0,10.0,Stable
SITE0020,7,3,0,7.0,0.0,Stable
SITE0020,8,1,2,10.5,8.0,Stable
SITE0020,9,2,0,1.0,0.0,Stable
SITE0020,10,1,0,12.0,12.5,Stable
SITE0020,11,1,1,13.0,0.0,Stable
SITE0020,12,1,0,6.5,0.0,Stable
SITE0021,1,0,1,0.0,3.0,Stable
SITE0021,2,1,2,4.666666666666667,0.0,Stable
SITE0021,3,1,2,0.0,8.0,Stable
SITE0021,4,1,0,7.0,6.25,Stable
SITE0021,5,1,1,0.0,16.0,Stable
SITE0021,6,2,1,11.0,16.0,Stable
SITE0021,7,3,0,6.0,12.0,Stable
SITE0021,8,4,0,0.0,0.0,Stable
SITE0021,9,0,1,13.0,0.0,Stable
SITE0021,10,4,2,0.0,0.0,Stable
SITE0021,11,0,1,0.0,0.0,Stable
SITE0021,12,2,0,7.0,6.0,Stable
SITE0022,1,2,0,8.0,5.0,Deteriorating
SITE0022,2,2,2,9.0,14.0,Deteriorating
SITE0022,3,2,0,10.0,20.0,Deteriorating
SITE0022,4,1,1,7.5,15.0,Deteriorating
SITE0022,5,3,3,13.5,0.0,Deteriorating
SITE0022,6,8,3,14.0,15.0,Deteriorating
SITE0022,7,5,1,3.6666666666666665,11.833333333333334,Deteriorating
SITE0022,8,4,2,13.0,9.666666666666666,Deteriorating
SITE0022,9,3,4,9.666666666666666,2.0,Deteriorating
SITE0022,10,8,3,8.333333333333334,11.666666666666666,Deteriorating
SITE0022,11,8,4,7.833333333333333,8.166666666666666,Deteriorating
SITE0022,12,10,3,5.5,11.0,Deteriorating
SITE0023,1,4,2,14.0,13.5,Stable
SITE0023,2,5,1,3.5,0.0,Stable
SITE0023,3,1,0,13.0,0.0,Stable
SITE0023,4,0,0,0.0,10.5,Stable
SITE0023,5,0,0,5.5,0.0,Stable
SITE0023,6,2,0,8.666666666666666,11.0,Stable
SITE0023,7,4,1,12.0,6.2,Stable
SITE0023,8,1,1,5.0,3.5,Stable
SITE0023,9,2,0,0.0,12.5,Stable
SITE0023,10,2,0,7.0,12.0,Stable
SITE0023,12,2,1,9.0,8.0,Stable
SITE0024,1,2,2,10.5,0.0,Stable
SITE0024,2,1,0,12.0,14.0,Stable
SITE0024,3,0,1,0.0,8.4,Stable
SITE0024,4,3,3,6.5,1.0,Stable
SITE0024,5,0,0,7.0,0.0,Stable
SITE0024,6,3,0,5.5,2.0,Stable
SITE0024,7,2,0,8.0,11.333333333333334,Stable
SITE0024,8,3,0,12.0,0.0,Stable
SITE0024,9,1,0,2.0,11.0,Stable
SITE0024,10,1,4,0.0,0.0,Stable
SITE0024,11,4,1,9.0,0.0,Stable
SITE0024,12,1,1,0.0,9.0,Stable
SITE0025,1,10,5,9.166666666666666,14.4,High Risk
SITE0025,2,6,4,8.2,13.0,High Risk
SITE0025,3,7,7,6.285714285714286,13.0,High Risk
SITE0025,4,6,4,8.625,12.666666666666666,High Risk
SITE0025,5,8,4,7.25,13.333333333333334,High Risk
SITE0025,6,7,2,5.0,11.2,High Risk
SITE0025,7,3,8,7.428571428571429,6.142857142857143,High Risk
SITE0025,8,7,7,6.1,14.666666666666666,High Risk
SITE0025,9,14,2,4.9,14.5,High Risk
SITE0025,10,7,6,9.333333333333334,14.8,High Risk
SITE0025,11,10,0,7.0,9.777777777777779,High Risk
SITE0025,12,7,7,6.857142857142857,11.714285714285714,High Risk
SITE0026,1,0,1,0.0,0.0,Deteriorating
SITE0026,2,0,1,0.0,4.0,Deteriorating
SITE0026,3,3,0,12.5,14.0,Deteriorating
SITE0026,4,2,1,11.0,5.0,Deteriorating
SITE0026,5,4,0,5.333333333333333,8.6,Deteriorating
SITE0026,6,2,2,6.2,15.5,Deteriorating
SITE0026,7,3,3,6.25,11.0,Deteriorating
SITE0026,8,4,4,3.0,10.0,Deteriorating
SITE0026,9,2,2,6.0,17.0,Deteriorating
SITE0026,10,7,5,6.0,12.333333333333334,Deteriorating
SITE0026,11,10,2,7.75,11.666666666666666,Deteriorating
SITE0026,12,6,5,9.5,6.5,Deteriorating
SITE0027,1,1,0,0.0,0.0,Deteriorating
SITE0027,2,1,2,10.0,18.0,Deteriorating
SITE0027,3,1,1,7.666666666666667,10.0,Deteriorating
SITE0027,4,2,0,7.666666666666667,7.333333333333333,Deteriorating
SITE0027,5,0,1,8.833333333333334,6.666666666666667,Deteriorating
SITE0027,6,4,2,11.5,0.0,Deteriorating
SITE0027,7,10,0,3.25,6.0,Deteriorating
SITE0027,8,5,0,6.25,10.75,Deteriorating
SITE0027,9,1,6,7.5,11.0,Deteriorating
SITE0027,10,2,1,8.333333333333334,13.666666666666666,Deteriorating
SITE0027,11,7,3,10.5,7.5,Deteriorating
SITE0027,12,5,5,8.125,9.333333333333334,Deteriorating
SITE0028,1,13,4,6.8,7.333333333333333,High Risk
SITE0028,2,9,4,7.666666666666667,8.8,High Risk
SITE0028,3,2,4,8.833333333333334,9.0,High Risk
SITE0028,4,5,4,9.0,8.0,High Risk
SITE0028,5,21,7,7.4,8.0,High Risk
SITE0028,6,8,2,9.75,11.4,High Risk
SITE0028,7,9,2,6.5,12.2,High Risk
SITE0028,8,8,5,5.285714285714286,10.25,High Risk
SITE0028,9,11,0,8.571428571428571,8.625,High Risk
SITE0028,10,13,7,7.666666666666667,6.8,High Risk
SITE0028,11,5,5,7.0,13.0,High Risk
SITE0028,12,8,2,7.666666666666667,10.25,High Risk
SITE0029,1,2,2,7.5,19.0,Stable
SITE0029,2,1,1,10.5,9.5,Stable
SITE0029,3,1,1,12.0,6.0,Stable
SITE0029,4,1,0,0.0,12.5,Stable
SITE0029,5,0,0,0.0,9.0,Stable
SITE0029,6,1,0,0.0,18.0,Stable
SITE0029,7,2,2,7.5,9.0,Stable
SITE0029,8,2,1,0.0,19.0,Stable
SITE0029,9,0,0,6.0,0.0,Stable
SITE0029,10,2,0,6.0,0.0,Stable
SITE0029,11,2,3,0.0,5.5,Stable
SITE0029,12,0,0,7.666666666666667,0.0,Stable
SITE0030,1,5,5,9.0,3.2,High Risk
SITE0030,2,12,1,8.166666666666666,12.5,High Risk
SITE0030,3,9,5,10.5,10.5,High Risk
SITE0030,4,11,5,7.0,7.25,High Risk
SITE0030,5,10,4,4.5,12.375,High Risk
SITE0030,6,9,4,8.285714285714286,10.75,High Risk
SITE0030,7,8,7,9.0,6.0,High Risk
SITE0030,8,11,8,9.166666666666666,9.555555555555555,High Risk
SITE0030,9,7,9,8.833333333333334,2.0,High Risk
SITE0030,10,10,8,6.333333333333333,9.4,High Risk
SITE0030,11,9,3,7.571428571428571,10.8,High Risk
SITE0030,12,5,4,7.0,8.714285714285714,High Risk
SITE0031,1,3,0,8.0,0.0,Stable
SITE0031,2,1,1,5.0,0.0,Stable
SITE0031,3,1,0,2.5,13.0,Stable
SITE0031,4,2,0,4.0,13.0,Stable
SITE0031,5,0,3,10.333333333333334,14.0,Stable
SITE0031,6,0,2,0.0,12.0,Stable
SITE0031,7,3,0,11.0,7.0,Stable
SITE0031,8,0,0,0.0,7.0,Stable
SITE0031,9,3,0,5.0,0.0,Stable
SITE0031,10,1,0,13.0,16.0,Stable
SITE0031,11,3,1,5.0,8.0,Stable
SITE0031,12,0,2,1.0,11.0,Stable
SITE0032,1,3,0,0.0,10.333333333333334,Stable
SITE0032,2,2,2,1.0,5.0,Stable
SITE0032,3,4,0,0.0,0.0,Stable
SITE0032,4,3,0,3.0,0.0,Stable
SITE0032,5,0,0,0.0,6.0,Stable
SITE0032,6,2,0,9.0,7.0,Stable
SITE0032,7,0,1,7.333333333333333,0.0,Stable
SITE0032,8,0,1,10.0,0.0,Stable
SITE0032,9,0,3,5.0,8.0,Stable
SITE0032,10,3,1,0.0,11.0,Stable
SITE0032,11,0,2,6.5,5.0,Stable
SITE0032,12,1,0,1.0,0.0,Stable
SITE0033,1,3,0,13.0,1.0,Stable
SITE0033,2,1,3,4.0,0.0,Stable
SITE0033,3,2,1,13.0,8.0,Stable
SITE0033,4,2,0,9.666666666666666,9.5,Stable
SITE0033,5,2,2,6.75,11.0,Stable
SITE0033,6,1,0,1.0,9.0,Stable
SITE0033,7,4,1,0.0,3.0,Stable
SITE0033,8,2,1,0.0,1.0,Stable
SITE0033,9,3,0,11.0,18.0,Stable
SITE0033,10,2,0,6.0,11.0,Stable
SITE0033,11,3,2,3.0,4.0,Stable
SITE0033,12,2,0,11.0,11.0,Stable
SITE0034,1,1,2,0.0,0.0,Stable
SITE0034,2,3,0,12.0,11.0,Stable
SITE0034,3,4,1,0.0,13.0,Stable
SITE0034,4,1,1,7.0,18.5,Stable
SITE0034,5,2,0,11.0,11.666666666666666,Stable
SITE0034,6,0,0,12.0,0.0,Stable
SITE0034,7,2,3,11.5,5.5,Stable
SITE0034,8,4,1,0.0,9.0,Stable
SITE0034,9,1,0,7.0,0.0,Stable
SITE0034,10,1,0,0.0,17.0,Stable
SITE0034,11,1,1,0.0,14.0,Stable
SITE0034,12,4,1,0.0,0.0,Stable
SITE0035,1,2,0,6.0,0.0,Deteriorating
SITE0035,2,1,0,13.666666666666666,4.5,Deteriorating
SITE0035,3,4,0,0.0,5.0,Deteriorating
SITE0035,4,4,2,14.0,1.0,Deteriorating
SITE0035,5,4,6,10.0,6.0,Deteriorating
SITE0035,6,1,3,9.4,11.333333333333334,Deteriorating
SITE0035,7,6,1,2.3333333333333335,2.0,Deteriorating
SITE0035,8,1,5,8.2,19.0,Deteriorating
SITE0035,9,7,5,3.6666666666666665,0.0,Deteriorating
SITE0035,10,3,3,8.6,11.0,Deteriorating
SITE0035,11,8,6,6.333333333333333,17.666666666666668,Deteriorating
SITE0035,12,7,1,8.222222222222221,10.333333333333334,Deteriorating
SITE0036,1,2,0,3.0,4.0,Stable
SITE0036,2,3,0,0.0,19.0,Stable
SITE0036,3,3,0,0.0,0.0,Stable
SITE0036,4,0,3,10.5,18.0,Stable
SITE0036,5,2,1,1.0,0.0,Stable
SITE0036,6,3,0,14.0,20.0,Stable
SITE0036,7,0,1,12.5,9.5,Stable
SITE0036,8,4,1,4.0,0.0,Stable
SITE0036,9,1,2,0.0,9.5,Stable
SITE0036,10,2,1,5.5,17.0,Stable
SITE0036,11,0,0,13.0,0.0,Stable
SITE0036,12,2,0,0.0,9.0,Stable
SITE0037,1,2,1,0.0,12.0,Stable
SITE0037,2,2,1,3.0,15.0,Stable
SITE0037,3,1,0,0.0,10.0,Stable
SITE0037,4,3,2,0.0,14.0,Stable
SITE0037,5,0,1,4.0,0.0,Stable
SITE0037,6,3,1,3.0,9.0,Stable
SITE0037,7,2,1,9.0,0.0,Stable
SITE0037,8,2,0,12.5,11.5,Stable
SITE0037,9,3,0,5.333333333333333,0.0,Stable
SITE0037,10,5,0,8.666666666666666,11.0,Stable
SITE0037,11,1,1,13.5,20.0,Stable
SITE0037,12,2,1,11.5,0.0,Stable
SITE0038,1,1,1,14.0,8.0,Stable
SITE0038,2,0,2,8.0,17.0,Stable
SITE0038,3,2,0,6.333333333333333,8.0,Stable
SITE0038,4,2,1,0.0,20.0,Stable
SITE0038,5,0,3,11.0,5.5,Stable
SITE0038,6,2,1,3.0,11.666666666666666,Stable
SITE0038,7,3,2,11.5,7.5,Stable
SITE0038,8,0,0,13.5,11.666666666666666,Stable
SITE0038,10,2,1,0.0,0.0,Stable
SITE0038,11,6,0,4.0,15.0,Stable
SITE0038,12,0,1,5.0,14.0,Stable
SITE0039,1,2,0,10.0,1.0,Stable
SITE0039,2,1,0,7.0,3.0,Stable
SITE0039,3,4,0,12.0,14.0,Stable
SITE0039,4,3,0,3.5,4.0,Stable
SITE0039,5,3,2,3.0,18.0,Stable
SITE0039,6,6,0,10.0,0.0,Stable
SITE0039,7,2,0,7.0,0.0,Stable
SITE0039,8,0,1,3.6666666666666665,0.0,Stable
SITE0039,9,4,0,0.0,10.5,Stable
SITE0039,10,4,2,0.0,19.0,Stable
SITE0039,11,1,1,8.333333333333334,0.0,Stable
SITE0039,12,0,0,9.6,6.0,Stable
SITE0040,1,0,2,4.0,10.0,Deteriorating
SITE0040,2,0,1,14.0,0.0,Deteriorating
SITE0040,3,1,3,3.5,10.0,Deteriorating
SITE0040,4,4,1,3.5,2.0,Deteriorating
SITE0040,5,2,1,2.0,12.333333333333334,Deteriorating
SITE0040,6,8,2,6.5,12.5,Deteriorating
SITE0040,7,3,1,6.0,0.0,Deteriorating
SITE0040,8,4,4,5.0,9.666666666666666,Deteriorating
SITE0040,9,5,4,7.0,0.0,Deteriorating
SITE0040,10,7,3,8.333333333333334,15.333333333333334,Deteriorating
SITE0040,11,9,1,8.0,11.75,Deteriorating
SITE0040,12,6,6,6.222222222222222,7.75,Deteriorating
SITE0041,1,1,0,0.0,9.5,Stable
SITE0041,2,2,1,13.0,0.0,Stable
SITE0041,3,1,0,0.0,9.0,Stable
SITE0041,4,2,2,7.0,0.0,Stable
SITE0041,5,2,0,8.5,10.0,Stable
SITE0041,6,2,0,2.0,13.0,Stable
SITE0041,7,2,1,0.0,0.0,Stable
SITE0041,8,3,2,2.0,1.0,Stable
SITE0041,9,1,1,11.333333333333334,10.0,Stable
SITE0041,10,0,1,0.0,14.333333333333334,Stable
SITE0041,11,3,0,5.0,0.0,Stable
SITE0041,12,2,0,7.333333333333333,8.0,Stable
SITE0042,2,0,2,9.0,17.0,Deteriorating
SITE0042,3,1,1,0.0,0.0,Deteriorating
SITE0042,4,3,2,7.5,3.0,Deteriorating
SITE0042,5,3,3,2.0,7.5,Deteriorating
SITE0042,6,3,1,8.0,11.5,Deteriorating
SITE0042,7,5,2,8.2,2.0,Deteriorating
SITE0042,8,8,5,9.6,10.333333333333334,Deteriorating
SITE0042,9,5,0,8.4,12.25,Deteriorating
SITE0042,10,3,2,7.857142857142857,5.833333333333333,Deteriorating
SITE0042,11,7,2,14.0,6.666666666666667,Deteriorating
SITE0042,12,11,6,10.0,5.0,Deteriorating
SITE0043,1,0,0,0.0,15.0,Stable
SITE0043,2,0,0,3.0,11.0,Stable
SITE0043,3,1,0,0.0,0.0,Stable
SITE0043,4,0,0,5.0,19.5,Stable
SITE0043,5,4,3,0.0,10.0,Stable
SITE0043,6,4,0,9.0,9.0,Stable
SITE0043,7,2,1,10.0,20.0,Stable
SITE0043,8,0,1,5.0,1.0,Stable
SITE0043,9,2,0,7.75,6.0,Stable
SITE0043,10,0,0,6.25,9.333333333333334,Stable
SITE0043,11,2,0,3.6666666666666665,0.0,Stable
SITE0043,12,1,1,6.0,0.0,Stable
SITE0044,1,0,1,0.0,0.0,Stable
SITE0044,2,0,0,0.0,10.0,Stable
SITE0044,3,1,0,0.0,0.0,Stable
SITE0044,4,4,2,0.0,0.0,Stable
SITE0044,5,0,0,6.5,19.0,Stable
SITE0044,6,3,0,7.75,15.0,Stable
SITE0044,7,1,0,14.0,0.0,Stable
SITE0044,8,0,0,3.0,18.0,Stable
SITE0044,9,1,2,8.0,20.0,Stable
SITE0044,10,2,3,0.0,14.0,Stable
SITE0044,11,2,2,3.0,5.0,Stable
SITE0044,12,3,2,7.666666666666667,8.0,Stable
SITE0045,1,5,5,8.125,6.0,High Risk
SITE0045,2,12,7,6.0,6.6,High Risk
SITE0045,3,11,6,7.0,8.375,High Risk
SITE0045,4,7,2,11.8,7.2,High Risk
SITE0045,5,10,8,6.333333333333333,8.666666666666666,High Risk
SITE0045,6,11,4,7.333333333333333,14.2,High Risk
SITE0045,7,7,5,9.5,12.5,High Risk
SITE0045,8,6,4,9.0,8.5,High Risk
SITE0045,9,8,0,5.888888888888889,13.444444444444445,High Risk
SITE0045,10,10,6,9.777777777777779,8.2,High Risk
SITE0045,11,9,2,6.333333333333333,12.0,High Risk
SITE0045,12,8,3,7.0,11.833333333333334,High Risk
SITE0046,1,1,0,9.0,9.0,Stable
SITE0046,2,2,2,11.5,18.0,Stable
SITE0046,3,2,0,13.0,16.0,Stable
SITE0046,4,3,2,0.0,0.0,Stable
SITE0046,5,2,0,9.5,12.666666666666666,Stable
SITE0046,6,1,2,6.333333333333333,12.5,Stable
SITE0046,7,1,2,1.0,13.0,Stable
SITE0046,8,1,1,8.0,11.0,Stable
SITE0046,9,2,0,9.333333333333334,0.0,Stable
SITE0046,10,2,0,11.5,2.0,Stable
SITE0046,11,2,0,12.0,10.0,Stable
SITE0046,12,1,1,9.0,6.0,Stable
SITE0047,1,1,3,12.0,0.0,Deteriorating
SITE0047,2,2,0,0.0,18.0,Deteriorating
SITE0047,3,1,2,7.0,5.0,Deteriorating
SITE0047,4,0,1,10.75,13.0,Deteriorating
SITE0047,5,2,0,0.0,13.0,Deteriorating
SITE0047,6,1,2,3.0,0.0,Deteriorating
SITE0047,7,3,2,10.5,11.666666666666666,Deteriorating
SITE0047,8,5,2,10.0,7.0,Deteriorating
SITE0047,9,5,5,8.5,13.0,Deteriorating
SITE0047,10,4,3,11.333333333333334,7.666666666666667,Deteriorating
SITE0047,11,4,1,12.5,0.0,Deteriorating
SITE0047,12,9,1,3.0,2.5,Deteriorating
SITE0048,1,3,3,14.0,1.0,Stable
SITE0048,2,2,0,8.333333333333334,5.5,Stable
SITE0048,3,2,0,0.0,14.0,Stable
SITE0048,4,2,1,4.0,6.0,Stable
SITE0048,5,1,1,9.571428571428571,3.0,Stable
SITE0048,6,2,0,0.0,14.0,Stable
SITE0048,7,2,0,11.0,0.0,Stable
SITE0048,8,3,4,6.0,0.0,Stable
SITE0048,9,1,1,6.333333333333333,0.0,Stable
SITE0048,10,1,1,0.0,11.25,Stable
SITE0048,11,1,2,0.0,0.0,Stable
SITE0048,12,2,1,0.0,12.0,Stable
SITE0049,1,2,1,4.5,9.0,Stable
SITE0049,2,1,0,0.0,6.5,Stable
SITE0049,3,2,2,0.0,2.0,Stable
SITE0049,4,0,1,10.0,1.0,Stable
SITE0049,5,3,2,14.0,20.0,Stable
SITE0049,6,0,0,10.0,0.0,Stable
SITE0049,7,1,1,6.0,0.0,Stable
SITE0049,8,2,0,8.0,13.0,Stable
SITE0049,9,5,5,5.0,0.0,Stable
SITE0049,10,3,3,0.0,0.0,Stable
SITE0049,11,0,3,13.0,11.0,Stable
SITE0049,12,1,0,5.0,0.0,Stable
SITE0050,1,2,2,4.0,14.666666666666666,Anomalous
SITE0050,2,4,3,10.0,2.0,Anomalous
SITE0050,3,2,1,0.0,2.0,Anomalous
SITE0050,4,6,1,7.142857142857143,10.0,Anomalous
SITE0050,5,2,7,10.666666666666666,11.0,Anomalous
SITE0050,6,1,5,10.0,18.0,Anomalous
SITE0050,7,4,5,5.666666666666667,0.0,Anomalous
SITE0050,8,6,3,4.0,8.5,Anomalous
SITE0050,9,22,3,7.875,11.875,Anomalous
SITE0050,10,4,0,6.0,13.333333333333334,Anomalous
SITE0050,11,3,1,11.333333333333334,4.0,Anomalous
SITE0050,12,4,2,10.0,12.333333333333334,Anomalous
SITE0051,1,0,0,11.0,5.0,Stable
SITE0051,2,2,0,12.0,10.0,Stable
SITE0051,3,1,0,0.0,10.5,Stable
SITE0051,4,3,1,8.0,0.0,Stable
SITE0051,5,1,1,0.0,0.0,Stable
SITE0051,6,2,0,6.0,0.0,Stable
SITE0051,7,3,0,0.0,16.0,Stable
SITE0051,8,3,0,4.0,9.0,Stable
SITE0051,9,0,0,6.0,0.0,Stable
SITE0051,10,0,1,8.0,0.0,Stable
SITE0051,11,2,1,0.0,18.0,Stable
SITE0051,12,3,3,9.0,15.5,Stable
SITE0052,1,1,4,6.0,12.0,Stable
SITE0052,2,2,0,10.5,14.0,Stable
SITE0052,3,1,3,6.0,14.0,Stable
SITE0052,4,1,0,2.0,14.0,Stable
SITE0052,5,3,0,5.0,4.0,Stable
SITE0052,6,6,1,5.666666666666667,7.5,Stable
SITE0052,7,0,1,5.0,13.0,Stable
SITE0052,8,0,1,12.0,14.0,Stable
SITE0052,9,3,2,0.0,0.0,Stable
SITE0052,10,2,2,8.0,16.0,Stable
SITE0052,11,1,1,0.0,0.0,Stable
SITE0052,12,1,0,6.0,0.0,Stable
SITE0053,1,1,1,0.0,8.666666666666666,Deteriorating
SITE0053,2,0,0,1.0,10.5,Deteriorating
SITE0053,3,4,1,6.0,6.5,Deteriorating
SITE0053,4,0,0,0.0,12.5,Deteriorating
SITE0053,5,4,2,3.0,11.0,Deteriorating
SITE0053,6,1,1,7.0,19.0,Deteriorating
SITE0053,7,6,2,9.0,9.5,Deteriorating
SITE0053,8,6,2,5.666666666666667,13.0,Deteriorating
SITE0053,9,6,1,7.25,14.5,Deteriorating
SITE0053,10,5,4,2.0,19.0,Deteriorating
SITE0053,11,16,4,5.333333333333333,13.0,Deteriorating
SITE0053,12,1,4,10.5,13.333333333333334,Deteriorating
SITE0054,1,2,0,9.5,18.0,Stable
SITE0054,2,4,1,0.0,9.0,Stable
SITE0054,3,2,1,0.0,0.0,Stable
SITE0054,4,3,3,7.0,0.0,Stable
SITE0054,5,1,3,9.0,13.0,Stable
SITE0054,6,2,2,0.0,10.0,Stable
SITE0054,7,1,1,11.0,1.0,Stable
SITE0054,8,4,3,6.666666666666667,0.0,Stable
SITE0054,9,3,2,9.25,6.5,Stable
SITE0054,10,2,0,3.0,17.0,Stable
SITE0054,11,1,0,6.333333333333333,0.0,Stable
SITE0054,12,3,0,3.0,0.0,Stable
SITE0055,1,12,6,6.222222222222222,7.166666666666667,High Risk
SITE0055,2,1,9,9.0,6.75,High Risk
SITE0055,3,13,4,3.6,4.75,High Risk
SITE0055,4,6,6,7.857142857142857,10.666666666666666,High Risk
SITE0055,5,11,6,11.125,11.6875,High Risk
SITE0055,6,9,4,5.4,5.0,High Risk
SITE0055,7,11,6,11.333333333333334,14.666666666666666,High Risk
SITE0055,8,4,7,6.444444444444445,12.571428571428571,High Risk
SITE0055,9,6,1,8.0,6.25,High Risk
SITE0055,10,4,3,11.5,6.25,High Risk
SITE0055,11,10,6,7.5,9.25,High Risk
SITE0055,12,12,6,6.75,8.2,High Risk
SITE0056,1,1,4,11.0,0.0,Stable
SITE0056,2,3,2,5.0,0.0,Stable
SITE0056,3,0,3,7.0,12.0,Stable
SITE0056,4,2,1,0.0,0.0,Stable
SITE0056,5,0,3,4.0,14.0,Stable
SITE0056,6,2,0,0.0,0.0,Stable
SITE0056,7,2,1,0.0,0.0,Stable
SITE0056,8,2,0,6.5,0.0,Stable
SITE0056,9,2,0,6.5,9.5,Stable
SITE0056,10,2,3,0.0,16.0,Stable
SITE0056,11,1,0,12.0,6.0,Stable
SITE0056,12,2,1,0.0,11.0,Stable
SITE0057,1,5,5,6.75,9.2,High Risk
SITE0057,2,5,0,9.428571428571429,12.0,High Risk
SITE0057,3,10,5,2.75,14.4,High Risk
SITE0057,4,6,4,7.444444444444445,7.625,High Risk
SITE0057,5,7,4,8.714285714285714,11.8,High Risk
SITE0057,6,9,6,6.8,15.0,High Risk
SITE0057,7,8,3,4.5,1.0,High Risk
SITE0057,8,7,8,10.714285714285714,16.0,High Risk
SITE0057,9,8,1,8.454545454545455,12.25,High Risk
SITE0057,10,6,3,8.333333333333334,10.333333333333334,High Risk
SITE0057,11,6,4,6.5,11.9,High Risk
SITE0057,12,5,3,4.333333333333333,7.857142857142857,High Risk
SITE0058,1,1,2,2.0,0.0,Deteriorating
SITE0058,2,1,2,10.0,0.0,Deteriorating
SITE0058,3,2,3,0.0,10.0,Deteriorating
SITE0058,4,2,4,9.0,10.0,Deteriorating
SITE0058,5,2,2,6.333333333333333,14.5,Deteriorating
SITE0058,6,6,4,2.0,5.0,Deteriorating
SITE0058,7,4,3,9.25,8.2,Deteriorating
SITE0058,8,5,3,10.0,11.75,Deteriorating
SITE0058,9,5,1,4.666666666666667,4.0,Deteriorating
SITE0058,10,7,1,8.0,13.5,Deteriorating
SITE0058,11,7,2,7.5,15.0,Deteriorating
SITE0058,12,6,7,7.5,9.0,Deteriorating
SITE0059,1,2,0,0.0,0.0,Deteriorating
SITE0059,2,2,0,8.0,0.0,Deteriorating
SITE0059,3,1,1,0.0,8.0,Deteriorating
SITE0059,4,3,0,14.0,0.0,Deteriorating
SITE0059,5,1,3,4.666666666666667,1.5,Deteriorating
SITE0059,6,2,2,10.0,0.0,Deteriorating
SITE0059,7,1,1,3.0,5.333333333333333,Deteriorating
SITE0059,8,3,4,5.666666666666667,9.4,Deteriorating
SITE0059,9,7,5,11.0,8.0,Deteriorating
SITE0059,10,4,4,10.0,8.8,Deteriorating
SITE0059,11,7,1,9.0,10.0,Deteriorating
SITE0059,12,7,3,8.777777777777779,15.5,Deteriorating
SITE0060,1,6,5,4.0,12.0,High Risk
SITE0060,2,9,4,8.285714285714286,11.857142857142858,High Risk
SITE0060,3,6,3,6.625,10.444444444444445,High Risk
SITE0060,4,4,3,8.0,6.0,High Risk
SITE0060,5,6,3,6.25,14.166666666666666,High Risk
SITE0060,6,8,4,9.0,8.0,High Risk
SITE0060,7,9,6,5.428571428571429,8.75,High Risk
SITE0060,8,12,3,5.0,8.666666666666666,High Risk
SITE0060,9,10,3,6.6,16.333333333333332,High Risk
SITE0060,10,13,6,6.0,11.25,High Risk
SITE0060,11,9,4,8.5,15.5,High Risk
SITE0060,12,16,5,8.833333333333334,16.5,High Risk
SITE0061,1,3,3,6.75,11.5,Stable
SITE0061,2,3,1,4.0,16.0,Stable
SITE0061,3,4,0,0.0,6.666666666666667,Stable
SITE0061,4,1,2,0.0,2.0,Stable
SITE0061,5,0,0,7.0,1.0,Stable
SITE0061,6,3,0,0.0,2.0,Stable
SITE0061,7,2,0,11.5,0.0,Stable
SITE0061,8,3,0,5.0,13.0,Stable
SITE0061,9,1,0,10.5,11.5,Stable
SITE0061,10,2,1,10.666666666666666,16.0,Stable
SITE0061,11,0,1,11.0,8.5,Stable
SITE0061,12,3,1,11.0,7.0,Stable
SITE0062,1,3,3,7.0,8.5,Anomalous
SITE0062,2,5,3,10.0,7.0,Anomalous
SITE0062,3,6,3,1.0,17.0,Anomalous
SITE0062,4,16,7,8.166666666666666,12.333333333333334,Anomalous
SITE0062,5,4,5,6.5,0.0,Anomalous
SITE0062,6,4,0,9.25,11.25,Anomalous
SITE0062,7,6,4,8.142857142857142,11.0,Anomalous
SITE0062,8,6,2,4.5,12.0,Anomalous
SITE0062,9,6,2,3.3333333333333335,11.5,Anomalous
SITE0062,10,6,2,10.0,5.0,Anomalous
SITE0062,11,2,10,5.428571428571429,0.0,Anomalous
SITE0062,12,6,3,7.0,12.571428571428571,Anomalous
SITE0063,1,0,1,14.0,12.0,Stable
SITE0063,2,1,1,5.0,17.0,Stable
SITE0063,3,1,1,0.0,7.0,Stable
SITE0063,4,2,1,7.666666666666667,10.0,Stable
SITE0063,5,3,0,10.5,15.333333333333334,Stable
SITE0063,6,1,1,8.0,0.0,Stable
SITE0063,7,2,0,10.0,12.0,Stable
SITE0063,8,0,0,0.0,7.666666666666667,Stable
SITE0063,9,2,1,5.5,19.0,Stable
SITE0063,10,2,1,8.0,4.5,Stable
SITE0063,11,0,4,0.0,19.0,Stable
SITE0063,12,2,4,6.0,7.0,Stable
SITE0064,1,1,0,0.0,10.0,Stable
SITE0064,2,2,1,9.0,0.0,Stable
SITE0064,3,1,2,2.0,4.5,Stable
SITE0064,4,1,2,8.0,0.0,Stable
SITE0064,5,2,1,8.0,0.0,Stable
SITE0064,6,3,1,13.0,19.0,Stable
SITE0064,7,1,2,6.0,13.0,Stable
SITE0064,8,1,4,8.0,15.0,Stable
SITE0064,9,1,2,12.0,0.0,Stable
SITE0064,11,3,0,11.0,11.0,Stable
SITE0064,12,0,0,0.0,5.0,Stable
SITE0065,1,2,0,7.0,4.5,Stable
SITE0065,2,2,3,14.0,0.0,Stable
SITE0065,3,2,0,5.0,12.666666666666666,Stable
SITE0065,4,1,0,0.0,6.0,Stable
SITE0065,5,4,0,7.5,12.0,Stable
SITE0065,6,2,1,9.5,10.0,Stable
SITE0065,7,1,3,0.0,12.5,Stable
SITE0065,8,3,1,0.0,9.5,Stable
SITE0065,9,1,0,10.5,0.0,Stable
SITE0065,10,3,0,9.333333333333334,3.0,Stable
SITE0065,11,2,1,9.666666666666666,13.0,Stable
SITE0065,12,1,2,6.0,11.0,Stable
SITE0066,1,5,1,0.0,18.0,Stable
SITE0066,2,2,2,6.0,18.0,Stable
SITE0066,3,0,0,12.666666666666666,0.0,Stable
SITE0066,4,5,1,5.333333333333333,8.0,Stable
SITE0066,5,2,1,7.666666666666667,0.0,Stable
SITE0066,6,2,1,8.5,13.5,Stable
SITE0066,7,1,2,0.0,9.5,Stable
SITE0066,8,2,1,8.0,0.0,Stable
SITE0066,9,2,1,10.333333333333334,4.0,Stable
SITE0066,10,3,0,4.0,15.0,Stable
SITE0066,11,1,0,7.0,0.0,Stable
SITE0066,12,0,1,10.0,12.0,Stable
SITE0067,1,3,2,0.0,0.0,Stable
SITE0067,2,2,0,12.0,15.0,Stable
SITE0067,3,1,0,0.0,19.0,Stable
SITE0067,4,1,1,10.0,12.0,Stable
SITE0067,5,3,0,9.0,16.5,Stable
SITE0067,6,3,1,0.0,15.0,Stable
SITE0067,7,1,0,3.0,0.0,Stable
SITE0067,8,4,2,8.0,9.0,Stable
SITE0067,9,2,1,3.0,16.0,Stable
SITE0067,10,0,3,9.5,0.0,Stable
SITE0067,11,2,1,12.0,6.0,Stable
SITE0067,12,2,0,5.333333333333333,0.0,Stable
SITE0068,1,3,6,8.11111111111111,9.333333333333334,High Risk
SITE0068,2,6,4,9.0,17.666666666666668,High Risk
SITE0068,3,4,4,5.666666666666667,12.5,High Risk
SITE0068,4,6,4,10.75,11.6,High Risk
SITE0068,5,14,6,8.0,13.0,High Risk
SITE0068,6,16,4,10.666666666666666,12.333333333333334,High Risk
SITE0068,7,10,4,9.6,12.8,High Risk
SITE0068,8,20,5,6.285714285714286,14.0,High Risk
SITE0068,9,10,3,7.8,14.833333333333334,High Risk
SITE0068,10,4,2,8.5,12.285714285714286,High Risk
SITE0068,11,9,5,6.5,16.0,High Risk
SITE0068,12,10,4,7.6,9.8,High Risk
SITE0069,1,6,2,11.5,6.25,High Risk
SITE0069,2,13,6,7.2,0.0,High Risk
SITE0069,3,8,5,6.0,7.75,High Risk
SITE0069,4,9,4,8.0,10.333333333333334,High Risk
SITE0069,5,5,3,9.5,4.0,High Risk
SITE0069,6,7,9,6.2,11.0,High Risk
SITE0069,7,4,3,5.428571428571429,10.625,High Risk
SITE0069,8,7,1,8.833333333333334,10.7,High Risk
SITE0069,9,2,5,9.142857142857142,5.0,High Risk
SITE0069,10,9,3,11.333333333333334,15.5,High Risk
SITE0069,11,7,5,9.0,20.0,High Risk
SITE0069,12,5,3,6.4,11.8,High Risk
SITE0070,1,5,3,7.5,12.142857142857142,Anomalous
SITE0070,2,3,6,6.666666666666667,15.0,Anomalous
SITE0070,3,4,2,9.5,0.0,Anomalous
SITE0070,4,18,9,8.666666666666666,13.142857142857142,Anomalous
SITE0070,5,4,1,9.5,12.0,Anomalous
SITE0070,6,5,3,3.0,16.0,Anomalous
SITE0070,7,4,5,7.0,17.0,Anomalous
SITE0070,8,5,3,7.0,2.5,Anomalous
SITE0070,9,3,2,9.6,19.0,Anomalous
SITE0070,10,5,1,6.0,12.0,Anomalous
SITE0070,11,7,4,10.0,8.0,Anomalous
SITE0070,12,5,2,13.0,3.5,Anomalous
SITE0071,1,3,1,13.0,14.0,Stable
SITE0071,2,2,0,0.0,11.0,Stable
SITE0071,3,2,2,8.0,8.0,Stable
SITE0071,4,3,1,5.5,9.0,Stable
SITE0071,5,0,0,11.0,17.0,Stable
SITE0071,6,1,0,0.0,16.0,Stable
SITE0071,7,3,1,0.0,19.0,Stable
SITE0071,8,5,0,10.0,10.0,Stable
SITE0071,9,0,1,7.0,0.0,Stable
SITE0071,10,0,2,0.0,9.0,Stable
SITE0071,11,1,1,10.0,0.0,Stable
SITE0071,12,2,2,0.0,12.0,Stable
SITE0072,1,2,1,11.0,14.5,Deteriorating
SITE0072,2,4,1,2.0,19.0,Deteriorating
SITE0072,3,2,1,0.0,12.0,Deteriorating
SITE0072,4,1,0,0.0,0.0,Deteriorating
SITE0072,5,2,4,10.0,14.0,Deteriorating
SITE0072,6,3,3,12.0,8.5,Deteriorating
SITE0072,7,0,2,10.333333333333334,4.6,Deteriorating
SITE0072,8,12,3,10.5,8.25,Deteriorating
SITE0072,9,2,3,8.0,15.0,Deteriorating
SITE0072,10,3,2,6.0,4.5,Deteriorating
SITE0072,11,8,8,3.6666666666666665,12.2,Deteriorating
SITE0072,12,5,4,8.6,15.5,Deteriorating
SITE0073,1,4,3,0.0,1.0,Stable
SITE0073,2,1,2,9.0,10.0,Stable
SITE0073,3,4,2,1.0,20.0,Stable
SITE0073,4,2,0,0.0,9.5,Stable
SITE0073,5,2,0,0.0,11.666666666666666,Stable
SITE0073,6,1,0,0.0,0.0,Stable
SITE0073,7,2,1,10.0,20.0,Stable
SITE0073,8,0,2,5.5,18.0,Stable
SITE0073,9,0,0,0.0,16.5,Stable
SITE0073,10,0,1,14.0,0.0,Stable
SITE0073,11,0,1,2.5,0.0,Stable
SITE0073,12,4,2,13.5,0.0,Stable
SITE0074,1,1,1,0.0,16.0,Stable
SITE0074,2,1,0,4.0,0.0,Stable
SITE0074,3,2,0,6.5,18.0,Stable
SITE0074,4,3,1,9.5,0.0,Stable
SITE0074,5,2,1,0.0,6.333333333333333,Stable
SITE0074,6,0,2,11.0,17.0,Stable
SITE0074,7,1,3,0.0,0.0,Stable
SITE0074,8,4,0,0.0,14.0,Stable
SITE0074,9,1,2,0.0,0.0,Stable
SITE0074,10,0,1,7.5,7.0,Stable
SITE0074,11,1,0,3.5,0.0,Stable
SITE0074,12,2,2,13.5,0.0,Stable
SITE0075,1,3,3,6.5,19.0,Stable
SITE0075,2,2,1,4.5,0.0,Stable
SITE0075,3,3,1,7.0,14.0,Stable
SITE0075,4,1,2,13.0,0.0,Stable
SITE0075,5,1,0,0.0,18.0,Stable
SITE0075,6,2,0,10.0,14.5,Stable
SITE0075,7,1,0,0.0,4.0,Stable
SITE0075,8,2,0,4.5,0.0,Stable
SITE0075,9,4,1,0.0,0.0,Stable
SITE0075,10,2,1,8.5,12.75,Stable
SITE0075,11,3,0,0.0,13.5,Stable
SITE0075,12,2,1,3.5,5.0,Stable
SITE0076,1,3,0,2.0,7.0,Stable
SITE0076,2,2,0,4.0,11.0,Stable
SITE0076,3,3,2,7.0,7.5,Stable
SITE0076,4,2,0,12.0,12.0,Stable
SITE0076,5,1,1,0.0,1.0,Stable
SITE0076,6,5,2,5.5,0.0,Stable
SITE0076,7,2,1,0.0,3.0,Stable
SITE0076,8,0,1,6.666666666666667,0.0,Stable
SITE0076,9,2,1,0.0,7.5,Stable
SITE0076,10,2,2,0.0,6.0,Stable
SITE0076,11,1,0,0.0,12.0,Stable
SITE0076,12,1,2,0.0,5.0,Stable
SITE0077,1,1,0,7.0,0.0,Deteriorating
SITE0077,2,2,1,5.5,19.0,Deteriorating
SITE0077,3,2,4,7.666666666666667,0.0,Deteriorating
SITE0077,4,1,0,6.0,16.0,Deteriorating
SITE0077,5,1,2,0.0,7.0,Deteriorating
SITE0077,6,3,0,7.2,17.0,Deteriorating
SITE0077,7,1,2,11.5,3.0,Deteriorating
SITE0077,8,4,1,5.5,10.833333333333334,Deteriorating
SITE0077,9,5,5,8.333333333333334,13.333333333333334,Deteriorating
SITE0077,10,10,1,5.6,12.0,Deteriorating
SITE0077,11,8,2,5.333333333333333,7.0,Deteriorating
SITE0077,12,8,4,7.625,13.0,Deteriorating
SITE0078,1,0,2,1.5,4.0,Stable
SITE0078,2,1,2,13.0,2.0,Stable
SITE0078,3,3,2,12.0,11.0,Stable
SITE0078,4,1,0,11.0,0.0,Stable
SITE0078,5,4,0,0.0,10.0,Stable
SITE0078,6,2,0,5.0,3.0,Stable
SITE0078,8,2,1,7.0,0.0,Stable
SITE0078,9,0,2,6.0,15.5,Stable
SITE0078,10,2,5,1.0,15.0,Stable
SITE0078,11,1,1,2.0,0.0,Stable
SITE0078,12,0,2,8.0,10.0,Stable
SITE0079,1,1,2,12.666666666666666,3.0,Stable
SITE0079,2,2,0,0.0,10.0,Stable
SITE0079,3,3,1,0.0,0.0,Stable
SITE0079,4,0,0,4.5,1.0,Stable
SITE0079,5,2,0,0.0,14.5,Stable
SITE0079,6,1,0,8.0,4.0,Stable
SITE0079,7,6,0,7.0,0.0,Stable
SITE0079,8,1,0,7.5,7.0,Stable
SITE0079,9,2,0,0.0,0.0,Stable
SITE0079,10,2,1,14.0,19.0,Stable
SITE0079,11,4,3,3.0,10.0,Stable
SITE0079,12,1,3,3.5,20.0,Stable
SITE0080,1,0,0,14.0,10.0,Stable
SITE0080,2,0,3,13.0,17.0,Stable
SITE0080,3,1,1,2.0,0.0,Stable
SITE0080,4,2,1,12.0,17.0,Stable
SITE0080,5,2,0,7.75,8.0,Stable
SITE0080,6,2,1,5.5,0.0,Stable
SITE0080,7,0,2,4.0,0.0,Stable
SITE0080,8,2,0,12.0,0.0,Stable
SITE0080,9,2,3,7.0,6.5,Stable
SITE0080,10,1,0,1.0,0.0,Stable
SITE0080,11,3,0,2.5,6.0,Stable
SITE0080,12,0,0,0.0,13.0,Stable
SITE0081,1,0,1,3.0,0.0,Stable
SITE0081,2,1,1,7.333333333333333,11.0,Stable
SITE0081,3,2,0,9.666666666666666,20.0,Stable
SITE0081,4,4,0,0.0,0.0,Stable
SITE0081,5,1,0,3.0,13.0,Stable
SITE0081,6,1,0,4.0,0.0,Stable
SITE0081,7,0,3,3.0,2.0,Stable
SITE0081,8,1,1,8.666666666666666,0.0,Stable
SITE0081,9,1,1,0.0,0.0,Stable
SITE0081,10,2,3,5.666666666666667,0.0,Stable
SITE0081,11,5,2,0.0,0.0,Stable
SITE0081,12,2,0,2.0,0.0,Stable
SITE0082,1,1,1,0.0,0.0,Stable
SITE0082,2,1,1,0.0,16.0,Stable
SITE0082,3,3,1,1.5,5.0,Stable
SITE0082,4,3,1,7.0,0.0,Stable
SITE0082,5,1,0,13.5,7.0,Stable
SITE0082,6,1,0,0.0,14.6,Stable
SITE0082,7,1,0,14.0,0.0,Stable
SITE0082,8,3,0,6.0,13.0,Stable
SITE0082,9,3,1,3.0,0.0,Stable
SITE0082,10,2,0,13.0,10.0,Stable
SITE0082,11,2,2,7.75,2.0,Stable
SITE0082,12,4,1,9.0,9.0,Stable
SITE0083,1,1,0,9.0,2.0,Anomalous
SITE0083,2,1,3,2.0,8.0,Anomalous
SITE0083,3,1,0,7.8,8.0,Anomalous
SITE0083,4,1,3,3.6666666666666665,12.666666666666666,Anomalous
SITE0083,5,5,1,9.0,17.0,Anomalous
SITE0083,6,1,4,10.25,10.0,Anomalous
SITE0083,7,1,0,10.25,16.0,Anomalous
SITE0083,8,2,0,9.0,11.333333333333334,Anomalous
SITE0083,9,16,17,10.555555555555555,6.2727272727272725,Anomalous
SITE0083,10,6,1,6.75,5.333333333333333,Anomalous
SITE0083,11,6,1,12.5,3.0,Anomalous
SITE0083,12,7,1,6.5,7.0,Anomalous
SITE0084,1,2,3,7.0,18.0,Stable
SITE0084,2,1,0,0.0,0.0,Stable
SITE0084,3,1,0,0.0,4.0,Stable
SITE0084,4,4,0,0.0,0.0,Stable
SITE0084,5,0,0,12.0,10.0,Stable
SITE0084,6,0,0,5.0,20.0,Stable
SITE0084,7,0,0,9.0,0.0,Stable
SITE0084,8,3,0,3.5,17.0,Stable
SITE0084,9,5,2,9.0,4.0,Stable
SITE0084,10,1,1,10.0,0.0,Stable
SITE0084,11,0,2,6.0,2.5,Stable
SITE0084,12,2,1,0.0,7.333333333333333,Stable
SITE0085,1,3,1,4.5,7.333333333333333,Stable
SITE0085,2,1,1,12.0,5.0,Stable
SITE0085,3,1,4,14.0,1.0,Stable
SITE0085,4,2,3,11.0,10.0,Stable
SITE0085,5,6,2,0.0,9.0,Stable
SITE0085,6,1,1,6.0,5.0,Stable
SITE0085,7,2,1,4.0,7.0,Stable
SITE0085,8,1,0,8.0,4.0,Stable
SITE0085,9,0,0,13.5,16.0,Stable
SITE0085,10,4,0,12.0,13.0,Stable
SITE0085,11,3,0,8.333333333333334,11.666666666666666,Stable
SITE0085,12,2,1,6.0,12.0,Stable
SITE0086,1,3,0,7.0,12.25,Stable
SITE0086,2,5,1,3.3333333333333335,0.0,Stable
SITE0086,3,2,0,1.0,3.0,Stable
SITE0086,4,1,1,0.0,3.0,Stable
SITE0086,5,0,1,13.0,0.0,Stable
SITE0086,6,3,1,13.0,16.0,Stable
SITE0086,7,0,1,2.0,8.0,Stable
SITE0086,8,0,0,1.0,19.0,Stable
SITE0086,9,1,2,6.5,0.0,Stable
SITE0086,10,1,0,0.0,0.0,Stable
SITE0086,11,0,0,7.0,15.0,Stable
SITE0086,12,3,1,0.0,6.0,Stable
SITE0087,1,9,4,4.2,14.6,High Risk
SITE0087,2,12,5,6.5,9.6,High Risk
SITE0087,3,10,1,7.6,10.25,High Risk
SITE0087,4,10,2,7.6,12.285714285714286,High Risk
SITE0087,5,5,4,6.25,5.5,High Risk
SITE0087,6,8,9,8.555555555555555,16.0,High Risk
SITE0087,7,6,3,7.333333333333333,6.333333333333333,High Risk
SITE0087,8,11,4,8.8,8.0,High Risk
SITE0087,9,8,7,6.625,7.5,High Risk
SITE0087,10,2,5,8.333333333333334,12.166666666666666,High Risk
SITE0087,11,7,5,3.1666666666666665,17.0,High Risk
SITE0087,12,6,3,5.5,8.75,High Risk
SITE0088,1,4,4,13.0,10.0,Anomalous
SITE0088,2,8,3,9.0,4.5,Anomalous
SITE0088,3,6,1,4.166666666666667,10.5,Anomalous
SITE0088,4,7,3,9.4,9.5,Anomalous
SITE0088,5,6,0,8.6,7.5,Anomalous
SITE0088,6,4,3,5.2,13.0,Anomalous
SITE0088,7,16,9,9.166666666666666,11.909090909090908,Anomalous
SITE0088,8,3,2,4.5,16.666666666666668,Anomalous
SITE0088,9,6,1,5.333333333333333,18.0,Anomalous
SITE0088,10,3,4,0.0,0.0,Anomalous
SITE0088,11,2,3,12.5,20.0,Anomalous
SITE0088,12,5,2,5.5,13.0,Anomalous
SITE0089,1,1,0,6.0,0.0,Deteriorating
SITE0089,2,1,0,6.5,0.0,Deteriorating
SITE0089,3,0,0,4.0,11.0,Deteriorating
SITE0089,4,2,4,8.666666666666666,2.0,Deteriorating
SITE0089,5,1,0,1.0,0.0,Deteriorating
SITE0089,6,4,3,8.0,7.333333333333333,Deteriorating
SITE0089,7,3,1,6.8,18.0,Deteriorating
SITE0089,8,1,2,6.75,3.0,Deteriorating
SITE0089,9,2,4,10.75,10.0,Deteriorating
SITE0089,10,1,6,9.166666666666666,10.4,Deteriorating
SITE0089,11,2,4,7.0,13.666666666666666,Deteriorating
SITE0089,12,7,1,3.5,7.75,Deteriorating
SITE0090,1,0,0,0.0,10.0,Deteriorating
SITE0090,2,2,0,7.0,7.0,Deteriorating
SITE0090,3,2,1,9.0,0.0,Deteriorating
SITE0090,4,2,1,7.5,3.0,Deteriorating
SITE0090,5,1,0,4.0,5.0,Deteriorating
SITE0090,6,5,1,4.333333333333333,9.666666666666666,Deteriorating
SITE0090,7,0,2,7.0,0.0,Deteriorating
SITE0090,8,4,0,7.8,10.5,Deteriorating
SITE0090,9,7,1,5.571428571428571,5.6,Deteriorating
SITE0090,10,8,1,10.0,17.6,Deteriorating
SITE0090,11,4,5,6.25,7.5,Deteriorating
SITE0090,12,6,5,8.0,10.333333333333334,Deteriorating
SITE0091,1,1,2,0.0,0.0,Stable
SITE0091,2,3,1,0.0,13.666666666666666,Stable
SITE0091,3,1,2,11.0,17.0,Stable
SITE0091,4,0,0,9.5,0.0,Stable
SITE0091,5,1,0,7.0,16.0,Stable
SITE0091,6,0,0,2.0,5.0,Stable
SITE0091,7,2,1,0.0,6.0,Stable
SITE0091,8,2,0,3.0,5.0,Stable
SITE0091,9,3,0,9.0,0.0,Stable
SITE0091,10,1,0,0.0,11.0,Stable
SITE0091,11,4,2,7.5,5.0,Stable
SITE0091,12,0,0,12.0,13.0,Stable
SITE0092,1,3,2,6.0,17.0,Stable
SITE0092,2,3,0,5.5,0.0,Stable
SITE0092,3,1,1,6.5,0.0,Stable
SITE0092,4,2,3,3.0,0.0,Stable
SITE0092,5,3,1,0.0,0.0,Stable
SITE0092,6,1,1,8.0,17.0,Stable
SITE0092,7,2,1,6.0,2.0,Stable
SITE0092,8,3,1,0.0,20.0,Stable
SITE0092,9,0,0,0.0,14.0,Stable
SITE0092,10,0,1,1.0,0.0,Stable
SITE0092,11,2,1,8.0,8.0,Stable
SITE0092,12,0,1,6.0,0.0,Stable
SITE0093,1,2,1,3.3333333333333335,17.0,Anomalous
SITE0093,2,5,3,8.0,5.0,Anomalous
SITE0093,3,3,1,2.0,10.75,Anomalous
SITE0093,4,3,3,7.833333333333333,8.0,Anomalous
SITE0093,5,17,5,7.454545454545454,10.285714285714286,Anomalous
SITE0093,6,9,3,8.8,19.0,Anomalous
SITE0093,7,3,2,6.0,9.0,Anomalous
SITE0093,8,5,2,2.5,16.0,Anomalous
SITE0093,9,3,1,4.5,7.666666666666667,Anomalous
SITE0093,10,4,2,6.0,6.0,Anomalous
SITE0093,11,3,6,8.666666666666666,9.0,Anomalous
SITE0093,12,4,3,2.5,15.75,Anomalous
SITE0094,1,1,1,5.5,0.0,Deteriorating
SITE0094,2,3,1,0.0,0.0,Deteriorating
SITE0094,3,3,0,1.0,0.0,Deteriorating
SITE0094,4,1,1,8.5,0.0,Deteriorating
SITE0094,5,3,1,0.0,5.0,Deteriorating
SITE0094,6,1,2,7.666666666666667,1.0,Deteriorating
SITE0094,7,4,5,7.5,12.333333333333334,Deteriorating
SITE0094,8,6,1,5.666666666666667,5.0,Deteriorating
SITE0094,9,8,3,11.0,15.333333333333334,Deteriorating
SITE0094,10,7,1,9.0,8.25,Deteriorating
SITE0094,11,8,7,10.444444444444445,9.0,Deteriorating
SITE0094,12,4,4,9.2,4.75,Deteriorating
SITE0095,1,0,0,6.5,0.0,Deteriorating
SITE0095,2,2,1,0.0,0.0,Deteriorating
SITE0095,3,1,0,1.5,2.0,Deteriorating
SITE0095,4,4,1,8.666666666666666,3.0,Deteriorating
SITE0095,5,3,2,8.0,11.0,Deteriorating
SITE0095,6,3,3,7.5,13.0,Deteriorating
SITE0095,7,5,3,8.5,18.0,Deteriorating
SITE0095,8,7,3,8.0,9.5,Deteriorating
SITE0095,9,9,2,3.0,0.0,Deteriorating
SITE0095,10,2,6,6.5,9.0,Deteriorating
SITE0095,11,4,7,6.25,7.2,Deteriorating
SITE0095,12,14,2,6.5,7.75,Deteriorating
SITE0096,1,0,1,5.5,0.0,Deteriorating
SITE0096,3,1,0,9.0,0.0,Deteriorating
SITE0096,4,3,2,9.0,0.0,Deteriorating
SITE0096,5,7,3,0.0,16.0,Deteriorating
SITE0096,6,7,1,7.5,11.5,Deteriorating
SITE0096,7,3,1,6.285714285714286,9.0,Deteriorating
SITE0096,8,3,5,4.5,0.0,Deteriorating
SITE0096,9,3,5,3.0,10.0,Deteriorating
SITE0096,10,6,5,8.6,14.0,Deteriorating
SITE0096,11,4,2,4.5,10.666666666666666,Deteriorating
SITE0096,12,12,0,7.666666666666667,16.5,Deteriorating
SITE0097,1,2,2,0.0,0.0,Deteriorating
SITE0097,2,0,1,10.5,0.0,Deteriorating
SITE0097,3,2,1,2.0,18.0,Deteriorating
SITE0097,4,2,1,11.0,11.5,Deteriorating
SITE0097,5,5,1,7.75,16.0,Deteriorating
SITE0097,6,5,2,0.0,8.0,Deteriorating
SITE0097,7,5,2,7.5,20.0,Deteriorating
SITE0097,8,2,3,5.333333333333333,17.0,Deteriorating
SITE0097,9,6,1,11.0,11.5,Deteriorating
SITE0097,10,7,3,7.0,1.0,Deteriorating
SITE0097,11,3,2,9.8,8.833333333333334,Deteriorating
SITE0097,12,7,2,8.333333333333334,12.0,Deteriorating
SITE0098,1,1,0,0.0,0.0,Deteriorating
SITE0098,2,2,2,0.0,14.0,Deteriorating
SITE0098,3,3,4,0.0,15.0,Deteriorating
SITE0098,4,3,0,6.333333333333333,0.0,Deteriorating
SITE0098,5,1,2,5.0,0.0,Deteriorating
SITE0098,6,0,4,8.4,19.666666666666668,Deteriorating
SITE0098,7,4,0,8.0,10.0,Deteriorating
SITE0098,8,8,2,4.0,9.0,Deteriorating
SITE0098,9,5,1,8.142857142857142,12.25,Deteriorating
SITE0098,10,5,5,8.75,11.2,Deteriorating
SITE0098,11,4,4,8.0,8.666666666666666,Deteriorating
SITE0098,12,5,5,11.0,9.666666666666666,Deteriorating
SITE0099,1,4,2,7.0,0.0,Anomalous
SITE0099,2,5,3,5.0,17.0,Anomalous
SITE0099,3,1,1,2.5,2.0,Anomalous
SITE0099,4,4,0,8.125,8.0,Anomalous
SITE0099,5,2,1,10.4,12.0,Anomalous
SITE0099,6,4,2,4.0,10.0,Anomalous
SITE0099,7,5,3,9.5,9.0,Anomalous
SITE0099,8,0,1,5.0,14.25,Anomalous
SITE0099,9,16,11,5.75,11.5,Anomalous
SITE0099,10,7,1,10.0,9.0,Anomalous
SITE0099,11,3,2,0.0,10.0,Anomalous
SITE0099,12,5,3,7.333333333333333,12.666666666666666,Anomalous
SITE0100,1,11,4,7.8,10.166666666666666,High Risk
SITE0100,2,6,6,10.166666666666666,10.4,High Risk
SITE0100,3,8,5,7.0,12.5,High Risk
SITE0100,4,12,3,7.6,4.0,High Risk
SITE0100,5,6,5,11.0,12.666666666666666,High Risk
SITE0100,6,13,4,7.153846153846154,11.0,High Risk
SITE0100,7,9,7,7.0,9.333333333333334,High Risk
SITE0100,8,8,5,6.25,11.222222222222221,High Risk
SITE0100,9,10,4,10.333333333333334,9.857142857142858,High Risk
SITE0100,10,8,5,6.333333333333333,11.444444444444445,High Risk
SITE0100,11,5,5,9.2,9.0,High Risk
SITE0100,12,7,2,10.2,10.5,High Risk
SITE0101,1,3,0,0.0,9.0,Deteriorating
SITE0101,2,0,0,8.0,8.0,Deteriorating
SITE0101,3,4,0,0.0,19.0,Deteriorating
SITE0101,4,1,2,8.75,0.0,Deteriorating
SITE0101,5,1,1,9.5,0.0,Deteriorating
SITE0101,6,3,1,8.333333333333334,17.0,Deteriorating
SITE0101,7,10,3,5.75,12.0,Deteriorating
SITE0101,8,1,1,4.571428571428571,2.0,Deteriorating
SITE0101,9,5,4,6.75,12.8,Deteriorating
SITE0101,10,6,3,5.0,11.0,Deteriorating
SITE0101,11,7,4,5.0,9.0,Deteriorating
SITE0101,12,5,5,7.8,14.0,Deteriorating
SITE0102,1,0,0,6.0,11.0,Deteriorating
SITE0102,2,0,1,3.0,0.0,Deteriorating
SITE0102,3,2,2,0.0,0.0,Deteriorating
SITE0102,4,6,0,6.0,14.25,Deteriorating
SITE0102,5,5,2,3.5,9.0,Deteriorating
SITE0102,6,5,2,7.4,15.666666666666666,Deteriorating
SITE0102,7,6,3,6.0,15.0,Deteriorating
SITE0102,8,5,6,6.8,9.5,Deteriorating
SITE0102,9,5,0,4.5,8.8,Deteriorating
SITE0102,10,2,5,10.0,13.0,Deteriorating
SITE0102,11,7,0,1.0,12.5,Deteriorating
SITE0102,12,6,3,6.142857142857143,6.5,Deteriorating
SITE0103,1,1,0,14.0,17.0,Stable
SITE0103,2,2,2,0.0,4.5,Stable
SITE0103,3,2,2,5.0,5.0,Stable
SITE0103,4,5,1,3.6666666666666665,7.0,Stable
SITE0103,5,1,0,8.0,9.0,Stable
SITE0103,6,2,0,0.0,6.0,Stable
SITE0103,7,2,1,3.6666666666666665,15.5,Stable
SITE0103,8,2,1,4.0,0.0,Stable
SITE0103,9,2,1,2.5,0.0,Stable
SITE0103,10,4,0,5.0,3.0,Stable
SITE0103,11,2,2,7.0,18.0,Stable
SITE0103,12,0,0,6.0,0.0,Stable
SITE0104,1,1,1,0.0,0.0,Deteriorating
SITE0104,2,1,2,0.0,0.0,Deteriorating
SITE0104,3,1,0,0.0,5.0,Deteriorating
SITE0104,4,2,2,0.0,0.0,Deteriorating
SITE0104,5,1,4,8.0,13.0,Deteriorating
SITE0104,6,7,3,3.0,10.666666666666666,Deteriorating
SITE0104,7,1,3,12.0,12.0,Deteriorating
SITE0104,8,4,3,10.0,9.0,Deteriorating
SITE0104,9,6,4,7.25,3.0,Deteriorating
SITE0104,10,3,1,8.333333333333334,13.75,Deteriorating
SITE0104,11,10,2,8.75,13.5,Deteriorating
SITE0104,12,9,6,7.333333333333333,7.0,Deteriorating
SITE0105,1,2,2,14.0,0.0,Stable
SITE0105,2,1,2,11.0,0.0,Stable
SITE0105,3,2,0,7.5,0.0,Stable
SITE0105,4,0,2,2.5,13.0,Stable
SITE0105,5,2,1,7.666666666666667,14.0,Stable
SITE0105,6,3,2,0.0,10.5,Stable
SITE0105,7,1,1,0.0,19.0,Stable
SITE0105,8,1,0,8.0,6.0,Stable
SITE0105,9,2,0,0.0,0.0,Stable
SITE0105,10,2,2,0.0,20.0,Stable
SITE0105,11,1,2,0.0,0.0,Stable
SITE0105,12,1,1,6.0,6.0,Stable
SITE0106,1,2,0,6.0,1.0,Stable
SITE0106,2,1,0,0.0,12.0,Stable
SITE0106,3,1,0,8.0,2.0,Stable
SITE0106,4,0,1,10.0,2.0,Stable
SITE0106,5,5,2,9.0,4.5,Stable
SITE0106,6,0,1,13.0,0.0,Stable
SITE0106,7,4,0,8.0,0.0,Stable
SITE0106,8,4,0,7.0,7.0,Stable
SITE0106,9,0,2,7.0,0.0,Stable
SITE0106,10,0,0,13.0,0.0,Stable
SITE0106,11,3,2,11.0,11.5,Stable
SITE0106,12,1,6,8.5,18.5,Stable
SITE0107,1,2,1,6.0,7.5,Anomalous
SITE0107,2,4,1,6.0,0.0,Anomalous
SITE0107,3,6,2,9.0,10.0,Anomalous
SITE0107,4,3,2,3.0,1.0,Anomalous
SITE0107,5,4,1,7.0,11.833333333333334,Anomalous
SITE0107,6,4,3,5.75,10.0,Anomalous
SITE0107,7,4,4,8.0,3.0,Anomalous
SITE0107,8,17,11,6.090909090909091,12.0,Anomalous
SITE0107,9,3,0,9.0,4.5,Anomalous
SITE0107,10,3,2,4.0,0.0,Anomalous
SITE0107,11,7,5,8.0,17.0,Anomalous
SITE0107,12,6,2,3.0,18.0,Anomalous
SITE0108,1,0,2,6.5,16.0,Stable
SITE0108,2,2,1,0.0,0.0,Stable
SITE0108,3,2,0,0.0,20.0,Stable
SITE0108,4,3,1,1.0,10.0,Stable
SITE0108,5,5,1,0.0,9.0,Stable
SITE0108,6,0,1,13.0,0.0,Stable
SITE0108,7,1,2,7.0,0.0,Stable
SITE0108,8,2,4,0.0,0.0,Stable
SITE0108,9,0,1,4.0,10.0,Stable
SITE0108,10,3,1,8.0,3.0,Stable
SITE0108,11,4,1,5.75,3.6666666666666665,Stable
SITE0108,12,1,3,0.0,6.0,Stable
SITE0109,1,0,3,0.0,11.0,Stable
SITE0109,2,0,1,2.0,0.0,Stable
SITE0109,3,3,2,1.0,18.0,Stable
SITE0109,4,2,0,6.0,19.0,Stable
SITE0109,5,1,3,11.0,14.0,Stable
SITE0109,6,2,0,4.0,3.0,Stable
SITE0109,7,2,1,0.0,3.5,Stable
SITE0109,8,2,1,6.5,16.0,Stable
SITE0109,9,1,1,11.0,9.0,Stable
SITE0109,10,1,1,0.0,13.0,Stable
SITE0109,11,2,0,0.0,17.5,Stable
SITE0109,12,1,3,6.5,9.0,Stable
SITE0110,1,2,2,10.0,12.0,Stable
SITE0110,2,0,1,6.0,2.0,Stable
SITE0110,3,6,0,0.0,0.0,Stable
SITE0110,4,1,1,12.0,16.0,Stable
SITE0110,5,4,2,0.0,4.0,Stable
SITE0110,6,2,2,0.0,13.0,Stable
SITE0110,7,1,1,4.0,0.0,Stable
SITE0110,8,4,2,4.666666666666667,14.0,Stable
SITE0110,9,1,1,5.0,19.0,Stable
SITE0110,10,2,2,7.0,14.0,Stable
SITE0110,11,3,3,10.666666666666666,10.0,Stable
SITE0110,12,3,3,6.0,0.0,Stable
SITE0111,1,2,0,0.0,11.0,Stable
SITE0111,2,0,0,13.0,0.0,Stable
SITE0111,3,0,1,8.0,1.0,Stable
SITE0111,4,3,0,0.0,0.0,Stable
SITE0111,5,2,2,5.5,4.0,Stable
SITE0111,6,1,1,8.0,8.0,Stable
SITE0111,7,2,0,8.0,7.0,Stable
SITE0111,8,0,1,0.0,6.0,Stable
SITE0111,9,0,0,3.5,6.5,Stable
SITE0111,10,2,1,10.0,10.333333333333334,Stable
SITE0111,11,1,2,8.0,3.0,Stable
SITE0111,12,1,1,5.666666666666667,18.0,Stable
SITE0112,1,1,1,4.0,0.0,Deteriorating
SITE0112,2,1,0,12.0,0.0,Deteriorating
SITE0112,3,1,0,0.0,11.0,Deteriorating
SITE0112,4,1,2,8.0,11.0,Deteriorating
SITE0112,5,7,6,7.0,6.0,Deteriorating
SITE0112,6,4,8,12.5,12.5,Deteriorating
SITE0112,7,5,0,12.0,7.0,Deteriorating
SITE0112,8,4,2,7.0,12.0,Deteriorating
SITE0112,9,7,5,5.75,6.0,Deteriorating
SITE0112,10,5,4,10.142857142857142,9.0,Deteriorating
SITE0112,11,5,2,8.555555555555555,10.666666666666666,Deteriorating
SITE0112,12,9,4,10.285714285714286,11.5,Deteriorating
SITE0113,1,2,0,3.0,0.0,Stable
SITE0113,2,3,2,5.0,0.0,Stable
SITE0113,3,2,1,8.25,12.5,Stable
SITE0113,4,0,2,0.0,8.75,Stable
SITE0113,5,4,1,0.0,4.0,Stable
SITE0113,6,1,2,0.0,7.5,Stable
SITE0113,7,1,2,2.0,0.0,Stable
SITE0113,8,2,0,9.5,6.0,Stable
SITE0113,9,2,1,9.0,10.0,Stable
SITE0113,10,3,0,8.0,0.0,Stable
SITE0113,11,4,0,7.0,0.0,Stable
SITE0113,12,1,2,0.0,0.0,Stable
SITE0114,1,0,0,3.0,14.0,Stable
SITE0114,2,2,1,3.0,0.0,Stable
SITE0114,3,3,0,0.0,0.0,Stable
SITE0114,4,1,0,9.0,0.0,Stable
SITE0114,5,0,0,7.0,10.0,Stable
SITE0114,6,3,3,0.0,5.0,Stable
SITE0114,7,2,1,5.0,0.0,Stable
SITE0114,8,3,1,12.0,0.0,Stable
SITE0114,9,2,1,8.0,11.333333333333334,Stable
SITE0114,10,0,0,9.0,8.0,Stable
SITE0114,11,2,1,7.5,0.0,Stable
SITE0114,12,3,0,12.0,6.5,Stable
SITE0115,1,1,1,7.5,12.666666666666666,Stable
SITE0115,2,1,2,3.0,13.0,Stable
SITE0115,3,1,2,4.0,10.0,Stable
SITE0115,5,1,2,0.0,14.0,Stable
SITE0115,6,2,1,5.0,16.0,Stable
SITE0115,7,0,0,2.3333333333333335,0.0,Stable
SITE0115,8,4,2,9.0,0.0,Stable
SITE0115,9,1,0,12.0,0.0,Stable
SITE0115,10,2,0,7.6,12.0,Stable
SITE0115,11,1,0,3.0,0.0,Stable
SITE0115,12,5,0,8.0,0.0,Stable
SITE0116,1,1,0,10.0,9.0,Deteriorating
SITE0116,2,2,0,6.0,13.0,Deteriorating
SITE0116,3,2,0,8.333333333333334,14.5,Deteriorating
SITE0116,4,2,1,3.0,9.0,Deteriorating
SITE0116,5,2,1,0.0,8.0,Deteriorating
SITE0116,6,3,2,6.5,6.0,Deteriorating
SITE0116,7,2,6,7.333333333333333,9.75,Deteriorating
SITE0116,8,5,3,7.0,8.5,Deteriorating
SITE0116,9,3,0,7.666666666666667,9.25,Deteriorating
SITE0116,10,6,2,7.5,9.0,Deteriorating
SITE0116,11,3,2,7.333333333333333,7.666666666666667,Deteriorating
SITE0116,12,9,4,5.7272727272727275,10.75,Deteriorating
SITE0117,1,2,0,5.0,16.0,Deteriorating
SITE0117,2,1,1,2.5,10.0,Deteriorating
SITE0117,3,3,0,0.0,9.0,Deteriorating
SITE0117,4,1,2,11.0,19.0,Deteriorating
SITE0117,5,1,3,12.5,17.0,Deteriorating
SITE0117,6,1,0,2.5,8.25,Deteriorating
SITE0117,7,6,4,7.25,0.0,Deteriorating
SITE0117,8,4,4,7.0,10.5,Deteriorating
SITE0117,9,6,2,11.0,11.0,Deteriorating
SITE0117,10,4,3,3.6666666666666665,13.166666666666666,Deteriorating
SITE0117,11,8,2,7.166666666666667,12.857142857142858,Deteriorating
SITE0117,12,3,1,6.4,5.5,Deteriorating
SITE0118,1,2,0,11.0,18.0,Stable
SITE0118,2,1,3,2.3333333333333335,4.0,Stable
SITE0118,3,2,1,12.666666666666666,7.0,Stable
SITE0118,4,2,1,5.5,0.0,Stable
SITE0118,5,2,0,5.666666666666667,0.0,Stable
SITE0118,6,1,1,1.0,17.0,Stable
SITE0118,7,5,3,6.0,0.0,Stable
SITE0118,8,1,0,4.5,0.0,Stable
SITE0118,9,0,1,0.0,11.0,Stable
SITE0118,10,2,0,7.0,5.0,Stable
SITE0118,11,0,0,6.0,0.0,Stable
SITE0118,12,3,1,12.333333333333334,0.0,Stable
SITE0119,1,5,0,12.5,0.0,Stable
SITE0119,2,2,2,2.0,12.0,Stable
SITE0119,3,1,1,6.0,3.0,Stable
SITE0119,4,1,2,0.0,5.0,Stable
SITE0119,5,0,1,0.0,20.0,Stable
SITE0119,6,0,0,8.75,0.0,Stable
SITE0119,7,3,1,5.5,15.0,Stable
SITE0119,8,3,0,7.0,7.0,Stable
SITE0119,9,0,0,13.0,12.0,Stable
SITE0119,10,0,2,5.0,7.5,Stable
SITE0119,11,1,1,0.0,14.0,Stable
SITE0119,12,1,0,7.666666666666667,0.0,Stable
SITE0120,1,1,1,0.0,0.0,Stable
SITE0120,2,2,3,0.0,9.5,Stable
SITE0120,3,2,1,6.5,0.0,Stable
SITE0120,4,3,0,2.0,17.0,Stable
SITE0120,5,1,3,6.75,19.0,Stable
SITE0120,6,3,2,3.0,14.5,Stable
SITE0120,7,5,1,0.0,0.0,Stable
SITE0120,8,4,2,2.0,19.0,Stable
SITE0120,9,4,2,6.0,13.0,Stable
SITE0120,10,1,2,12.0,1.0,Stable
SITE0120,11,1,0,3.0,0.0,Stable
SITE0120,12,5,2,11.0,0.0,Stable
SITE0121,1,0,1,0.0,2.0,Deteriorating
SITE0121,2,3,2,0.0,0.0,Deteriorating
SITE0121,3,5,1,8.0,8.0,Deteriorating
SITE0121,4,4,0,0.0,13.0,Deteriorating
SITE0121,5,2,1,6.0,3.0,Deteriorating
SITE0121,6,4,2,13.0,4.0,Deteriorating
SITE0121,7,6,1,11.0,4.0,Deteriorating
SITE0121,8,5,1,13.0,11.333333333333334,Deteriorating
SITE0121,9,4,4,5.333333333333333,11.0,Deteriorating
SITE0121,10,6,1,7.333333333333333,4.0,Deteriorating
SITE0121,11,9,5,7.75,7.666666666666667,Deteriorating
SITE0121,12,4,1,10.0,9.25,Deteriorating
SITE0122,1,0,2,4.0,0.0,Deteriorating
SITE0122,2,1,2,8.5,0.0,Deteriorating
SITE0122,3,5,2,0.0,4.333333333333333,Deteriorating
SITE0122,4,5,2,6.25,0.0,Deteriorating
SITE0122,5,4,2,0.0,11.0,Deteriorating
SITE0122,6,5,2,10.0,1.0,Deteriorating
SITE0122,7,3,1,6.0,15.0,Deteriorating
SITE0122,8,3,3,3.6666666666666665,12.5,Deteriorating
SITE0122,9,3,1,5.6,6.25,Deteriorating
SITE0122,10,4,2,6.25,2.6666666666666665,Deteriorating
SITE0122,11,10,4,6.833333333333333,14.75,Deteriorating
SITE0122,12,10,3,11.333333333333334,7.0,Deteriorating
SITE0123,1,4,1,8.0,19.0,Stable
SITE0123,2,2,2,0.0,11.5,Stable
SITE0123,3,1,0,1.0,0.0,Stable
SITE0123,4,2,1,9.0,17.0,Stable
SITE0123,5,2,0,9.5,0.0,Stable
SITE0123,6,0,1,0.0,0.0,Stable
SITE0123,7,0,1,9.0,0.0,Stable
SITE0123,8,1,0,0.0,0.0,Stable
SITE0123,9,1,2,9.0,0.0,Stable
SITE0123,10,2,0,8.333333333333334,1.0,Stable
SITE0123,11,0,1,0.0,17.0,Stable
SITE0123,12,1,2,5.666666666666667,15.0,Stable
SITE0124,1,1,1,0.0,0.0,Stable
SITE0124,2,1,1,6.0,0.0,Stable
SITE0124,3,1,0,0.0,4.0,Stable
SITE0124,4,2,1,2.0,13.5,Stable
SITE0124,5,0,0,6.0,5.0,Stable
SITE0124,6,3,3,0.0,0.0,Stable
SITE0124,7,0,1,6.0,7.0,Stable
SITE0124,8,3,1,2.0,0.0,Stable
SITE0124,9,2,2,11.0,10.5,Stable
SITE0124,10,2,1,5.0,0.0,Stable
SITE0124,11,0,0,1.0,16.0,Stable
SITE0124,12,2,0,5.0,19.0,Stable
SITE0125,1,3,1,9.0,0.0,Stable
SITE0125,2,1,1,6.5,14.0,Stable
SITE0125,3,3,0,10.0,0.0,Stable
SITE0125,4,0,2,0.0,12.0,Stable
SITE0125,5,2,0,7.0,19.0,Stable
SITE0125,6,0,0,0.0,1.0,Stable
SITE0125,7,1,4,13.0,12.0,Stable
SITE0125,8,3,1,14.0,18.0,Stable
SITE0125,9,5,0,0.0,6.5,Stable
SITE0125,10,3,2,5.0,0.0,Stable
SITE0125,11,3,0,10.5,9.25,Stable
SITE0125,12,0,2,0.0,17.0,Stable
SITE0126,1,9,7,5.625,9.75,High Risk
SITE0126,2,9,3,10.0,13.0,High Risk
SITE0126,3,16,9,9.5,10.4,High Risk
SITE0126,4,10,5,6.2,12.75,High Risk
SITE0126,5,7,3,8.0,11.2,High Risk
SITE0126,6,17,3,10.8,11.285714285714286,High Risk
SITE0126,7,6,5,0.0,12.0,High Risk
SITE0126,8,5,3,10.0,12.0,High Risk
SITE0126,9,11,8,7.857142857142857,11.2,High Risk
SITE0126,10,7,7,7.6,13.0,High Risk
SITE0126,11,4,5,5.833333333333333,10.0,High Risk
SITE0126,12,9,6,7.8,6.666666666666667,High Risk
SITE0127,1,5,1,0.0,0.0,Stable
SITE0127,2,3,3,7.75,12.0,Stable
SITE0127,3,2,0,0.0,13.0,Stable
SITE0127,4,4,0,6.0,18.0,Stable
SITE0127,5,3,0,11.0,10.5,Stable
SITE0127,6,2,1,1.0,0.0,Stable
SITE0127,7,2,1,0.0,16.0,Stable
SITE0127,8,2,1,7.666666666666667,13.0,Stable
SITE0127,9,6,3,1.0,18.0,Stable
SITE0127,10,4,0,0.0,7.0,Stable
SITE0127,11,1,0,6.0,0.0,Stable
SITE0127,12,2,1,2.0,10.0,Stable
SITE0128,1,4,0,10.0,0.0,Stable
SITE0128,2,2,1,8.5,11.5,Stable
SITE0128,3,3,3,0.0,19.5,Stable
SITE0128,4,2,0,8.0,8.0,Stable
SITE0128,5,1,0,3.6666666666666665,13.0,Stable
SITE0128,6,0,1,5.5,0.0,Stable
SITE0128,7,2,2,12.0,3.0,Stable
SITE0128,8,2,1,6.0,0.0,Stable
SITE0128,9,2,3,14.0,0.0,Stable
SITE0128,10,1,1,0.0,0.0,Stable
SITE0128,11,5,3,10.0,0.0,Stable
SITE0128,12,3,0,5.5,12.0,Stable
SITE0129,1,4,0,6.0,12.0,Stable
SITE0129,2,2,0,12.0,9.666666666666666,Stable
SITE0129,3,1,1,9.0,7.5,Stable
SITE0129,4,0,2,2.0,1.0,Stable
SITE0129,5,1,2,11.0,9.666666666666666,Stable
SITE0129,6,1,0,6.5,7.0,Stable
SITE0129,7,1,1,14.0,12.0,Stable
SITE0129,8,2,0,0.0,0.0,Stable
SITE0129,9,1,0,1.0,19.0,Stable
SITE0129,10,0,1,0.0,6.0,Stable
SITE0129,11,2,1,2.0,14.0,Stable
SITE0129,12,3,2,10.0,5.0,Stable
SITE0130,1,1,1,0.0,0.0,Stable
SITE0130,2,1,4,0.0,7.5,Stable
SITE0130,3,3,2,7.0,14.5,Stable
SITE0130,4,2,4,6.0,18.0,Stable
SITE0130,5,0,0,3.3333333333333335,2.0,Stable
SITE0130,6,0,1,3.0,13.0,Stable
SITE0130,7,0,2,9.0,16.0,Stable
SITE0130,8,3,2,0.0,0.0,Stable
SITE0130,9,2,1,2.0,9.0,Stable
SITE0130,10,1,1,3.0,12.5,Stable
SITE0130,11,0,1,0.0,9.5,Stable
SITE0130,12,2,2,11.0,14.5,Stable
SITE0131,1,5,6,8.090909090909092,8.4,High Risk
SITE0131,2,7,7,6.5,9.5,High Risk
SITE0131,3,4,2,7.75,5.5,High Risk
SITE0131,4,12,9,9.333333333333334,14.6,High Risk
SITE0131,5,9,4,8.6,9.0,High Risk
SITE0131,6,10,3,3.6666666666666665,12.2,High Risk
SITE0131,7,9,1,6.5,9.333333333333334,High Risk
SITE0131,8,7,3,7.090909090909091,11.5,High Risk
SITE0131,9,13,6,6.888888888888889,12.75,High Risk
SITE0131,10,10,4,10.0,10.0,High Risk
SITE0131,11,9,4,5.75,7.4,High Risk
SITE0131,12,6,2,6.666666666666667,8.666666666666666,High Risk
SITE0132,1,1,1,10.0,12.0,Stable
SITE0132,2,2,0,9.5,0.0,Stable
SITE0132,3,1,0,0.0,14.666666666666666,Stable
SITE0132,4,1,0,9.0,0.0,Stable
SITE0132,5,5,1,6.0,19.0,Stable
SITE0132,6,1,1,11.0,0.0,Stable
SITE0132,7,2,1,0.0,9.666666666666666,Stable
SITE0132,8,2,1,5.5,0.0,Stable
SITE0132,9,2,0,13.0,0.0,Stable
SITE0132,10,3,0,0.0,14.0,Stable
SITE0132,11,3,1,2.0,4.0,Stable
SITE0132,12,0,1,0.0,0.0,Stable
SITE0133,1,0,3,0.0,0.0,Deteriorating
SITE0133,2,1,2,4.5,11.25,Deteriorating
SITE0133,3,2,2,1.5,4.0,Deteriorating
SITE0133,4,2,2,8.0,1.0,Deteriorating
SITE0133,5,1,0,1.5,20.0,Deteriorating
SITE0133,6,6,1,11.0,0.0,Deteriorating
SITE0133,7,4,1,14.0,11.5,Deteriorating
SITE0133,8,2,1,6.2,0.0,Deteriorating
SITE0133,9,11,3,4.0,11.0,Deteriorating
SITE0133,10,3,3,0.0,6.4,Deteriorating
SITE0133,11,3,6,4.5,12.0,Deteriorating
SITE0133,12,6,7,9.4,14.5,Deteriorating
SITE0134,1,1,0,3.5,0.0,Deteriorating
SITE0134,2,3,1,0.0,12.0,Deteriorating
SITE0134,3,3,2,0.0,20.0,Deteriorating
SITE0134,4,1,0,7.666666666666667,0.0,Deteriorating
SITE0134,5,4,1,12.0,0.0,Deteriorating
SITE0134,6,7,2,8.0,12.25,Deteriorating
SITE0134,7,6,1,5.0,0.0,Deteriorating
SITE0134,8,2,3,5.0,5.0,Deteriorating
SITE0134,9,2,5,1.0,7.333333333333333,Deteriorating
SITE0134,10,4,4,8.285714285714286,9.0,Deteriorating
SITE0134,11,3,3,0.0,9.8,Deteriorating
SITE0134,12,12,4,6.25,11.75,Deteriorating
SITE0135,1,0,1,4.0,0.0,Stable
SITE0135,2,2,2,14.0,6.333333333333333,Stable
SITE0135,3,2,0,8.5,13.0,Stable
SITE0135,4,1,0,0.0,9.0,Stable
SITE0135,5,5,1,12.0,0.0,Stable
SITE0135,6,3,1,6.0,0.0,Stable
SITE0135,7,0,0,0.0,14.0,Stable
SITE0135,8,3,0,4.0,0.0,Stable
SITE0135,9,0,2,0.0,18.0,Stable
SITE0135,10,2,0,6.5,8.0,Stable
SITE0135,11,1,0,0.0,5.5,Stable
SITE0135,12,1,1,2.0,0.0,Stable
SITE0136,1,4,4,4.5,9.0,Stable
SITE0136,2,2,0,6.0,0.0,Stable
SITE0136,3,1,0,3.6666666666666665,15.0,Stable
SITE0136,4,3,2,9.0,13.0,Stable
SITE0136,5,3,1,0.0,10.0,Stable
SITE0136,6,0,1,3.0,11.666666666666666,Stable
SITE0136,7,2,1,7.0,15.5,Stable
SITE0136,8,1,0,5.5,20.0,Stable
SITE0136,9,0,0,2.5,15.666666666666666,Stable
SITE0136,10,0,2,0.0,9.0,Stable
SITE0136,11,3,5,7.0,0.0,Stable
SITE0136,12,2,1,12.0,20.0,Stable
SITE0137,1,10,1,5.333333333333333,3.0,High Risk
SITE0137,2,12,5,8.25,11.125,High Risk
SITE0137,3,8,1,8.6,14.0,High Risk
SITE0137,4,7,3,3.3333333333333335,9.75,High Risk
SITE0137,5,2,4,8.0,18.0,High Risk
SITE0137,6,6,3,10.3,14.333333333333334,High Risk
SITE0137,7,4,5,7.0,8.333333333333334,High Risk
SITE0137,8,12,2,8.777777777777779,9.2,High Risk
SITE0137,9,8,7,7.454545454545454,10.428571428571429,High Risk
SITE0137,10,2,4,11.8,7.6,High Risk
SITE0137,11,7,1,7.2,10.5,High Risk
SITE0137,12,5,3,8.375,8.0,High Risk
SITE0138,1,1,0,5.5,0.0,Stable
SITE0138,2,3,0,11.0,10.0,Stable
SITE0138,3,2,1,7.0,7.0,Stable
SITE0138,5,1,2,9.5,0.0,Stable
SITE0138,6,1,1,3.0,6.0,Stable
SITE0138,7,2,0,1.0,11.5,Stable
SITE0138,8,3,0,1.0,16.0,Stable
SITE0138,9,1,2,5.0,17.0,Stable
SITE0138,10,3,0,0.0,11.0,Stable
SITE0138,11,0,0,0.0,19.0,Stable
SITE0138,12,1,0,5.5,0.0,Stable
SITE0139,1,1,1,0.0,0.0,Stable
SITE0139,2,0,0,8.0,5.0,Stable
SITE0139,3,3,2,5.0,0.0,Stable
SITE0139,4,2,1,7.0,16.0,Stable
SITE0139,5,1,0,6.5,0.0,Stable
SITE0139,6,4,2,4.0,3.0,Stable
SITE0139,7,1,1,0.0,5.0,Stable
SITE0139,8,1,1,6.5,0.0,Stable
SITE0139,9,2,0,0.0,0.0,Stable
SITE0139,10,0,1,11.0,17.0,Stable
SITE0139,11,0,1,11.666666666666666,16.0,Stable
SITE0139,12,0,1,6.0,0.0,Stable
SITE0140,1,1,1,10.5,10.666666666666666,Anomalous
SITE0140,2,1,2,8.0,0.0,Anomalous
SITE0140,3,3,3,9.0,0.0,Anomalous
SITE0140,4,1,0,2.0,14.333333333333334,Anomalous
SITE0140,5,2,1,1.0,0.0,Anomalous
SITE0140,6,4,2,6.666666666666667,11.0,Anomalous
SITE0140,7,4,1,11.0,14.75,Anomalous
SITE0140,8,14,8,8.5625,8.538461538461538,Anomalous
SITE0140,9,3,3,10.0,5.0,Anomalous
SITE0140,10,1,0,7.0,0.0,Anomalous
SITE0140,11,3,5,11.333333333333334,11.666666666666666,Anomalous
SITE0140,12,6,4,10.333333333333334,7.25,Anomalous
SITE0141,1,0,0,10.0,12.0,Stable
SITE0141,2,2,1,12.0,13.0,Stable
SITE0141,3,2,2,0.0,9.0,Stable
SITE0141,4,3,3,5.0,0.0,Stable
SITE0141,5,2,0,3.0,19.0,Stable
SITE0141,6,0,1,3.3333333333333335,11.0,Stable
SITE0141,7,2,0,14.0,0.0,Stable
SITE0141,8,0,1,8.5,17.0,Stable
SITE0141,9,0,2,0.0,13.0,Stable
SITE0141,10,0,1,0.0,11.0,Stable
SITE0141,11,0,0,1.0,0.0,Stable
SITE0141,12,3,2,11.0,13.0,Stable
SITE0142,1,1,0,0.0,12.0,Stable
SITE0142,2,2,0,1.0,16.0,Stable
SITE0142,3,0,0,5.5,18.5,Stable
SITE0142,4,4,2,0.0,0.0,Stable
SITE0142,5,1,0,9.0,0.0,Stable
SITE0142,6,2,1,9.0,0.0,Stable
SITE0142,7,2,1,6.0,4.0,Stable
SITE0142,8,0,1,9.0,15.0,Stable
SITE0142,9,0,1,0.0,0.0,Stable
SITE0142,10,1,0,3.0,0.0,Stable
SITE0142,11,2,2,0.0,0.0,Stable
SITE0142,12,3,2,8.0,14.666666666666666,Stable
SITE0143,1,3,2,9.5,4.0,Stable
SITE0143,2,2,4,0.0,0.0,Stable
SITE0143,3,1,2,3.0,15.5,Stable
SITE0143,4,3,1,1.0,0.0,Stable
SITE0143,5,2,2,9.333333333333334,10.0,Stable
SITE0143,6,2,1,7.0,17.0,Stable
SITE0143,8,2,0,5.5,0.0,Stable
SITE0143,9,3,0,0.0,0.0,Stable
SITE0143,10,2,1,9.0,11.5,Stable
SITE0143,11,1,1,8.0,0.0,Stable
SITE0143,12,2,1,6.5,0.0,Stable
SITE0144,1,8,6,5.833333333333333,8.5,High Risk
SITE0144,2,10,6,12.5,10.6,High Risk
SITE0144,3,10,5,8.125,12.428571428571429,High Risk
SITE0144,4,8,3,6.428571428571429,6.666666666666667,High Risk
SITE0144,5,6,4,8.0,8.666666666666666,High Risk
SITE0144,6,5,0,7.571428571428571,9.333333333333334,High Risk
SITE0144,7,7,2,5.166666666666667,7.0,High Risk
SITE0144,8,6,2,4.833333333333333,8.8,High Risk
SITE0144,9,7,10,5.666666666666667,7.666666666666667,High Risk
SITE0144,10,7,4,9.2,2.6666666666666665,High Risk
SITE0144,11,6,5,8.0,11.5,High Risk
SITE0144,12,7,6,10.0,13.666666666666666,High Risk
SITE0145,1,3,2,13.0,0.0,Stable
SITE0145,2,1,2,2.0,15.0,Stable
SITE0145,3,3,0,5.333333333333333,15.0,Stable
SITE0145,4,0,1,11.0,0.0,Stable
SITE0145,5,0,0,2.6666666666666665,1.0,Stable
SITE0145,6,5,0,13.0,0.0,Stable
SITE0145,7,1,1,8.0,0.0,Stable
SITE0145,8,4,1,3.0,10.0,Stable
SITE0145,9,0,0,8.0,7.333333333333333,Stable
SITE0145,10,0,3,5.0,16.5,Stable
SITE0145,11,3,0,0.0,17.0,Stable
SITE0145,12,0,0,12.0,19.0,Stable
SITE0146,1,2,0,5.0,11.0,Stable
SITE0146,2,3,0,5.333333333333333,0.0,Stable
SITE0146,3,3,1,0.0,10.0,Stable
SITE0146,4,1,1,4.5,0.0,Stable
SITE0146,5,4,1,8.0,0.0,Stable
SITE0146,6,1,1,4.0,18.0,Stable
SITE0146,7,1,0,0.0,6.0,Stable
SITE0146,8,0,0,9.0,2.5,Stable
SITE0146,9,1,2,6.666666666666667,0.0,Stable
SITE0146,10,2,1,9.0,15.0,Stable
SITE0146,11,2,0,8.333333333333334,5.5,Stable
SITE0146,12,2,2,6.0,17.0,Stable
SITE0147,1,4,0,10.0,9.0,Stable
SITE0147,2,3,0,9.0,3.0,Stable
SITE0147,3,3,1,8.0,3.0,Stable
SITE0147,4,3,3,3.0,0.0,Stable
SITE0147,5,1,1,5.0,0.0,Stable
SITE0147,6,1,1,2.0,6.0,Stable
SITE0147,7,1,0,0.0,0.0,Stable
SITE0147,8,0,1,4.0,4.0,Stable
SITE0147,9,2,2,9.0,0.0,Stable
SITE0147,10,3,2,0.0,18.0,Stable
SITE0147,11,0,0,12.0,0.0,Stable
SITE0147,12,2,0,0.0,0.0,Stable
SITE0148,1,0,0,10.0,0.0,Stable
SITE0148,2,0,3,11.0,0.0,Stable
SITE0148,3,1,3,0.0,13.0,Stable
SITE0148,4,4,0,6.0,17.5,Stable
SITE0148,5,4,0,10.0,0.0,Stable
SITE0148,6,3,0,8.0,10.0,Stable
SITE0148,7,5,0,3.0,0.0,Stable
SITE0148,8,4,0,0.0,9.666666666666666,Stable
SITE0148,9,1,0,0.0,0.0,Stable
SITE0148,10,0,2,9.5,7.666666666666667,Stable
SITE0148,11,1,0,11.0,15.0,Stable
SITE0148,12,2,0,0.0,8.0,Stable
SITE0149,1,0,0,5.0,18.0,Stable
SITE0149,2,1,1,10.0,14.0,Stable
SITE0149,3,4,0,9.0,11.5,Stable
SITE0149,4,1,0,4.5,12.0,Stable
SITE0149,5,3,1,8.0,0.0,Stable
SITE0149,6,2,1,0.0,0.0,Stable
SITE0149,7,3,1,10.0,0.0,Stable
SITE0149,8,1,1,6.0,2.0,Stable
SITE0149,9,0,0,10.5,0.0,Stable
SITE0149,10,2,0,0.0,16.0,Stable
SITE0149,11,4,2,2.0,0.0,Stable
SITE0149,12,2,0,7.0,0.0,Stable
SITE0150,1,0,0,10.0,0.0,Stable
SITE0150,2,1,2,3.5,17.0,Stable
SITE0150,3,1,1,0.0,0.0,Stable
SITE0150,4,4,2,11.0,0.0,Stable
SITE0150,5,1,0,12.0,13.0,Stable
SITE0150,6,3,0,0.0,0.0,Stable
SITE0150,7,2,2,14.0,0.0,Stable
SITE0150,8,1,2,0.0,0.0,Stable
SITE0150,9,1,1,7.0,16.0,Stable
SITE0150,10,2,0,6.5,4.0,Stable
SITE0150,11,1,0,3.6666666666666665,8.0,Stable
SITE0150,12,5,1,9.0,17.0,Stable
SITE0151,1,2,2,7.0,18.0,Stable
SITE0151,2,4,1,9.333333333333334,16.0,Stable
SITE0151,3,1,1,0.0,0.0,Stable
SITE0151,4,6,0,2.0,15.0,Stable
SITE0151,5,1,1,8.0,17.0,Stable
SITE0151,6,3,1,0.0,12.8,Stable
SITE0151,7,0,0,14.0,6.5,Stable
SITE0151,8,0,0,5.666666666666667,1.0,Stable
SITE0151,9,0,1,5.5,11.0,Stable
SITE0151,10,3,2,0.0,18.0,Stable
SITE0151,11,1,1,3.0,19.0,Stable
SITE0151,12,2,0,8.0,0.0,Stable
SITE0152,1,2,0,13.0,0.0,Stable
SITE0152,2,0,1,0.0,11.0,Stable
SITE0152,3,1,2,12.0,0.0,Stable
SITE0152,4,1,1,9.5,10.5,Stable
SITE0152,5,3,1,10.0,17.0,Stable
SITE0152,6,1,0,4.5,0.0,Stable
SITE0152,7,1,2,8.0,8.333333333333334,Stable
SITE0152,8,0,0,0.0,12.0,Stable
SITE0152,9,2,0,6.5,13.5,Stable
SITE0152,10,1,1,8.0,12.5,Stable
SITE0152,11,1,0,10.0,12.5,Stable
SITE0152,12,1,1,8.5,16.5,Stable
SITE0153,1,2,1,3.0,8.0,Stable
SITE0153,2,2,3,8.333333333333334,0.0,Stable
SITE0153,3,3,0,0.0,10.5,Stable
SITE0153,4,2,0,0.0,7.0,Stable
SITE0153,5,5,1,12.0,3.0,Stable
SITE0153,6,1,0,0.0,9.0,Stable
SITE0153,7,1,0,12.0,9.333333333333334,Stable
SITE0153,8,3,0,1.0,0.0,Stable
SITE0153,9,3,5,8.0,14.0,Stable
SITE0153,10,5,0,0.0,0.0,Stable
SITE0153,11,3,2,0.0,0.0,Stable
SITE0153,12,3,2,8.0,11.0,Stable
SITE0154,1,1,3,0.0,11.5,Stable
SITE0154,2,2,2,0.0,0.0,Stable
SITE0154,3,3,1,12.0,6.0,Stable
SITE0154,4,2,2,10.0,4.0,Stable
SITE0154,5,0,0,9.0,19.0,Stable
SITE0154,6,1,0,0.0,0.0,Stable
SITE0154,7,1,2,10.666666666666666,9.5,Stable
SITE0154,8,1,1,11.0,14.0,Stable
SITE0154,9,2,2,10.5,0.0,Stable
SITE0154,10,3,1,1.0,12.5,Stable
SITE0154,11,2,0,7.5,7.0,Stable
SITE0154,12,3,3,3.0,0.0,Stable
SITE0155,1,2,2,6.333333333333333,8.0,Stable
SITE0155,2,2,1,8.0,16.0,Stable
SITE0155,3,1,1,1.0,0.0,Stable
SITE0155,4,0,0,12.0,19.0,Stable
SITE0155,5,6,3,0.0,0.0,Stable
SITE0155,6,3,1,3.6666666666666665,6.5,Stable
SITE0155,7,1,2,7.0,18.0,Stable
SITE0155,8,3,1,6.0,0.0,Stable
SITE0155,9,0,0,10.0,0.0,Stable
SITE0155,10,2,1,0.0,0.0,Stable
SITE0155,11,0,1,4.0,12.0,Stable
SITE0155,12,1,1,10.0,15.0,Stable
SITE0156,1,1,2,3.0,9.0,Stable
SITE0156,2,1,1,7.0,0.0,Stable
SITE0156,3,2,0,6.333333333333333,8.0,Stable
SITE0156,4,0,1,7.5,8.0,Stable
SITE0156,5,3,2,7.0,11.0,Stable
SITE0156,6,3,0,1.0,12.333333333333334,Stable
SITE0156,7,3,3,0.0,0.0,Stable
SITE0156,8,1,1,0.0,2.0,Stable
SITE0156,9,0,2,14.0,0.0,Stable
SITE0156,10,1,0,0.0,11.0,Stable
SITE0156,11,2,0,0.0,5.0,Stable
SITE0156,12,1,0,10.0,11.5,Stable
SITE0157,1,2,1,4.5,0.0,Deteriorating
SITE0157,2,2,1,0.0,13.666666666666666,Deteriorating
SITE0157,3,0,2,7.0,9.5,Deteriorating
SITE0157,4,2,0,10.0,14.0,Deteriorating
SITE0157,5,2,3,3.0,15.5,Deteriorating
SITE0157,6,3,2,6.333333333333333,8.0,Deteriorating
SITE0157,7,4,0,7.0,10.0,Deteriorating
SITE0157,8,5,3,10.333333333333334,7.5,Deteriorating
SITE0157,9,5,3,8.0,0.0,Deteriorating
SITE0157,10,7,2,12.0,5.0,Deteriorating
SITE0157,11,5,2,5.583333333333333,14.5,Deteriorating
SITE0157,12,3,2,3.0,7.6,Deteriorating
SITE0158,1,3,1,0.0,11.0,Stable
SITE0158,2,3,0,0.0,18.0,Stable
SITE0158,3,1,2,10.0,2.0,Stable
SITE0158,4,0,1,5.0,0.0,Stable
SITE0158,5,4,2,9.5,0.0,Stable
SITE0158,6,1,1,0.0,0.0,Stable
SITE0158,7,0,1,10.666666666666666,0.0,Stable
SITE0158,8,0,0,5.0,8.0,Stable
SITE0158,9,3,0,0.0,13.0,Stable
SITE0158,10,1,1,9.5,12.5,Stable
SITE0158,11,3,0,12.0,17.333333333333332,Stable
SITE0158,12,0,1,7.5,0.0,Stable
SITE0159,1,1,1,5.666666666666667,0.0,Stable
SITE0159,2,2,3,14.0,0.0,Stable
SITE0159,3,2,0,0.0,7.0,Stable
SITE0159,4,2,0,9.333333333333334,0.0,Stable
SITE0159,5,1,1,5.0,1.0,Stable
SITE0159,6,2,0,10.0,6.0,Stable
SITE0159,7,1,1,0.0,0.0,Stable
SITE0159,8,0,0,3.5,0.0,Stable
SITE0159,9,0,0,2.0,12.0,Stable
SITE0159,10,2,0,0.0,0.0,Stable
SITE0159,11,2,1,0.0,0.0,Stable
SITE0159,12,0,0,7.5,11.0,Stable
SITE0160,1,4,2,0.0,12.0,Stable
SITE0160,2,1,1,6.0,7.0,Stable
SITE0160,3,5,1,7.333333333333333,5.0,Stable
SITE0160,4,1,0,12.5,12.0,Stable
SITE0160,5,0,1,14.0,8.0,Stable
SITE0160,6,4,0,2.5,0.0,Stable
SITE0160,7,3,2,5.0,11.0,Stable
SITE0160,8,0,1,14.0,6.5,Stable
SITE0160,9,2,1,7.0,9.5,Stable
SITE0160,10,4,0,4.5,11.5,Stable
SITE0160,11,2,1,13.5,11.0,Stable
SITE0160,12,1,0,9.0,14.0,Stable
SITE0161,1,5,7,5.666666666666667,10.833333333333334,High Risk
SITE0161,2,4,2,8.083333333333334,14.0,High Risk
SITE0161,3,9,4,8.5,10.833333333333334,High Risk
SITE0161,4,5,4,8.6,0.0,High Risk
SITE0161,5,5,5,9.916666666666666,11.166666666666666,High Risk
SITE0161,6,9,4,6.5,9.5,High Risk
SITE0161,7,12,9,10.0,11.714285714285714,High Risk
SITE0161,8,10,4,9.0,13.5,High Risk
SITE0161,9,4,6,9.11111111111111,15.5,High Risk
SITE0161,10,8,5,9.1,9.0,High Risk
SITE0161,11,3,4,7.875,12.25,High Risk
SITE0161,12,3,9,8.714285714285714,10.0,High Risk
SITE0162,1,1,0,2.0,0.0,Deteriorating
SITE0162,2,1,1,8.5,0.0,Deteriorating
SITE0162,3,4,1,7.4,0.0,Deteriorating
SITE0162,4,3,3,9.0,2.0,Deteriorating
SITE0162,5,5,2,10.0,12.0,Deteriorating
SITE0162,6,3,0,9.0,0.0,Deteriorating
SITE0162,7,5,4,7.0,8.0,Deteriorating
SITE0162,8,7,2,5.5,9.5,Deteriorating
SITE0162,9,5,2,9.666666666666666,4.0,Deteriorating
SITE0162,10,6,3,9.0,10.166666666666666,Deteriorating
SITE0162,11,1,0,7.666666666666667,9.2,Deteriorating
SITE0162,12,5,4,7.833333333333333,13.0,Deteriorating
SITE0163,1,0,1,0.0,0.0,Stable
SITE0163,2,3,2,11.0,0.0,Stable
SITE0163,3,1,1,0.0,11.0,Stable
SITE0163,4,2,1,7.0,0.0,Stable
SITE0163,5,2,0,9.0,4.0,Stable
SITE0163,6,3,2,1.0,0.0,Stable
SITE0163,7,0,4,11.0,4.0,Stable
SITE0163,8,2,2,3.0,2.0,Stable
SITE0163,9,0,1,4.0,4.0,Stable
SITE0163,10,2,0,4.0,0.0,Stable
SITE0163,11,1,2,0.0,2.0,Stable
SITE0163,12,1,1,2.0,0.0,Stable
SITE0164,1,3,2,9.0,0.0,Stable
SITE0164,2,3,0,4.0,0.0,Stable
SITE0164,3,2,0,10.0,0.0,Stable
SITE0164,4,0,1,13.0,0.0,Stable
SITE0164,5,1,0,0.0,13.0,Stable
SITE0164,6,3,2,9.0,16.0,Stable
SITE0164,7,3,0,0.0,7.5,Stable
SITE0164,8,2,1,8.0,18.0,Stable
SITE0164,9,1,2,2.0,12.0,Stable
SITE0164,10,0,1,8.0,0.0,Stable
SITE0164,11,1,1,8.0,0.0,Stable
SITE0164,12,1,1,5.0,9.0,Stable
SITE0165,1,8,6,8.0,13.0,High Risk
SITE0165,2,6,5,6.5,13.3,High Risk
SITE0165,3,10,5,5.25,13.5,High Risk
SITE0165,4,8,13,10.75,11.142857142857142,High Risk
SITE0165,5,9,3,4.6,9.714285714285714,High Risk
SITE0165,6,7,7,7.25,9.666666666666666,High Risk
SITE0165,7,8,5,7.875,9.2,High Risk
SITE0165,8,7,3,7.875,5.5,High Risk
SITE0165,9,6,2,7.166666666666667,11.181818181818182,High Risk
SITE0165,10,7,1,6.888888888888889,4.333333333333333,High Risk
SITE0165,11,13,8,7.7272727272727275,7.142857142857143,High Risk
SITE0165,12,6,0,7.666666666666667,12.25,High Risk
SITE0166,1,0,3,3.0,12.0,Stable
SITE0166,2,1,0,7.5,3.0,Stable
SITE0166,3,3,0,1.0,0.0,Stable
SITE0166,4,3,3,5.5,7.0,Stable
SITE0166,5,3,1,13.0,3.0,Stable
SITE0166,6,2,0,6.0,0.0,Stable
SITE0166,7,3,1,8.0,0.0,Stable
SITE0166,8,0,1,6.0,9.666666666666666,Stable
SITE0166,9,2,2,0.0,1.0,Stable
SITE0166,10,0,2,13.0,11.333333333333334,Stable
SITE0166,11,3,0,4.5,10.0,Stable
SITE0166,12,5,1,8.0,0.0,Stable
SITE0167,1,3,2,4.0,16.0,Stable
SITE0167,2,3,2,5.0,10.0,Stable
SITE0167,3,2,0,12.0,11.0,Stable
SITE0167,4,2,0,6.0,15.0,Stable
SITE0167,5,5,2,8.0,0.0,Stable
SITE0167,6,1,0,0.0,14.0,Stable
SITE0167,7,2,0,0.0,0.0,Stable
SITE0167,8,2,3,0.0,2.0,Stable
SITE0167,9,3,2,7.666666666666667,11.5,Stable
SITE0167,10,2,2,6.0,8.0,Stable
SITE0167,11,4,2,1.0,0.0,Stable
SITE0167,12,2,0,6.5,0.0,Stable
SITE0168,1,0,1,3.0,13.0,Stable
SITE0168,2,2,0,3.0,14.0,Stable
SITE0168,3,2,1,0.0,0.0,Stable
SITE0168,4,1,1,9.333333333333334,4.0,Stable
SITE0168,5,2,2,13.0,0.0,Stable
SITE0168,6,2,2,2.0,0.0,Stable
SITE0168,7,2,2,5.0,0.0,Stable
SITE0168,8,2,1,0.0,19.0,Stable
SITE0168,9,2,0,6.0,0.0,Stable
SITE0168,10,2,1,1.0,0.0,Stable
SITE0168,11,2,2,8.0,12.0,Stable
SITE0168,12,1,0,7.5,10.0,Stable
SITE0169,1,1,0,12.0,10.0,Stable
SITE0169,2,3,3,0.0,0.0,Stable
SITE0169,3,2,1,6.0,6.0,Stable
SITE0169,4,0,2,1.0,3.5,Stable
SITE0169,5,2,0,10.5,11.666666666666666,Stable
SITE0169,6,2,1,8.5,15.0,Stable
SITE0169,7,1,1,0.0,16.0,Stable
SITE0169,8,4,1,6.5,18.0,Stable
SITE0169,9,1,1,11.5,4.0,Stable
SITE0169,10,2,1,0.0,8.0,Stable
SITE0169,11,4,1,11.0,0.0,Stable
SITE0169,12,3,1,4.5,6.0,Stable
SITE0170,1,4,2,2.0,11.0,Anomalous
SITE0170,2,1,4,10.0,13.5,Anomalous
SITE0170,3,1,1,3.3333333333333335,14.4,Anomalous
SITE0170,4,4,2,13.0,0.0,Anomalous
SITE0170,5,18,5,7.7,10.909090909090908,Anomalous
SITE0170,6,1,0,0.0,5.0,Anomalous
SITE0170,7,2,0,8.5,10.0,Anomalous
SITE0170,8,5,1,10.666666666666666,12.0,Anomalous
SITE0170,9,4,3,6.0,10.333333333333334,Anomalous
SITE0170,10,3,1,6.0,17.0,Anomalous
SITE0170,11,3,1,5.2,11.0,Anomalous
SITE0170,12,4,3,1.0,16.5,Anomalous
SITE0171,1,0,0,5.0,0.0,Deteriorating
SITE0171,2,0,0,0.0,20.0,Deteriorating
SITE0171,3,3,0,1.0,8.0,Deteriorating
SITE0171,4,2,1,12.0,5.0,Deteriorating
SITE0171,5,1,0,6.0,12.0,Deteriorating
SITE0171,6,1,4,8.333333333333334,13.5,Deteriorating
SITE0171,7,4,1,7.0,19.0,Deteriorating
SITE0171,8,7,5,4.8,5.0,Deteriorating
SITE0171,9,4,4,7.9,8.25,Deteriorating
SITE0171,10,3,1,4.25,7.0,Deteriorating
SITE0171,11,7,4,9.0,4.0,Deteriorating
SITE0171,12,0,1,6.0,7.5,Deteriorating
SITE0172,1,2,1,4.0,0.0,Stable
SITE0172,2,2,1,1.5,10.0,Stable
SITE0172,3,2,1,5.666666666666667,6.0,Stable
SITE0172,4,2,1,6.0,0.0,Stable
SITE0172,5,2,1,0.0,8.0,Stable
SITE0172,6,0,1,11.0,0.0,Stable
SITE0172,7,2,0,0.0,5.0,Stable
SITE0172,8,0,2,14.0,9.5,Stable
SITE0172,9,0,2,11.0,0.0,Stable
SITE0172,10,1,1,5.5,8.333333333333334,Stable
SITE0172,11,0,0,5.0,0.0,Stable
SITE0172,12,0,1,7.0,0.0,Stable
SITE0173,1,2,0,4.0,0.0,Stable
SITE0173,2,2,2,9.5,0.0,Stable
SITE0173,3,3,0,0.0,10.5,Stable
SITE0173,4,3,0,10.0,0.0,Stable
SITE0173,5,2,1,3.5,0.0,Stable
SITE0173,6,1,4,0.0,0.0,Stable
SITE0173,7,2,1,0.0,12.0,Stable
SITE0173,8,1,1,0.0,12.0,Stable
SITE0173,9,3,1,9.0,0.0,Stable
SITE0173,10,1,0,0.0,8.0,Stable
SITE0173,11,1,4,13.0,0.0,Stable
SITE0173,12,2,1,3.0,18.0,Stable
SITE0174,1,4,4,7.0,12.5,Anomalous
SITE0174,2,1,4,7.333333333333333,6.0,Anomalous
SITE0174,3,2,3,9.0,9.0,Anomalous
SITE0174,4,5,1,5.0,6.75,Anomalous
SITE0174,5,18,9,9.2,8.5,Anomalous
SITE0174,6,4,4,6.75,1.0,Anomalous
SITE0174,7,3,2,8.75,12.5,Anomalous
SITE0174,8,2,2,6.0,12.5,Anomalous
SITE0174,9,6,3,7.666666666666667,19.0,Anomalous
SITE0174,10,1,5,6.0,7.0,Anomalous
SITE0174,11,4,1,9.0,0.0,Anomalous
SITE0174,12,1,3,10.5,6.0,Anomalous
SITE0175,1,6,8,10.142857142857142,12.666666666666666,High Risk
SITE0175,2,14,2,8.166666666666666,9.0,High Risk
SITE0175,3,6,4,7.142857142857143,9.0,High Risk
SITE0175,4,3,6,8.833333333333334,11.333333333333334,High Risk
SITE0175,5,8,3,6.4,3.8,High Risk
SITE0175,6,8,4,8.3,14.5,High Risk
SITE0175,7,11,6,10.0,4.8,High Risk
SITE0175,8,10,3,5.666666666666667,6.0,High Risk
SITE0175,9,8,4,12.0,7.0,High Risk
SITE0175,10,10,6,10.0,9.75,High Risk
SITE0175,11,12,5,11.0,10.0,High Risk
SITE0175,12,9,7,6.666666666666667,7.333333333333333,High Risk
SITE0176,1,1,0,0.0,0.0,Deteriorating
SITE0176,2,1,0,7.0,0.0,Deteriorating
SITE0176,3,5,2,10.0,19.0,Deteriorating
SITE0176,4,1,3,7.5,1.0,Deteriorating
SITE0176,5,5,0,6.5,3.0,Deteriorating
SITE0176,6,7,3,7.333333333333333,12.0,Deteriorating
SITE0176,7,8,1,10.333333333333334,11.333333333333334,Deteriorating
SITE0176,8,3,2,8.0,4.0,Deteriorating
SITE0176,9,5,5,5.8,9.333333333333334,Deteriorating
SITE0176,10,4,3,8.5,11.0,Deteriorating
SITE0176,11,7,2,7.666666666666667,2.3333333333333335,Deteriorating
SITE0176,12,7,3,10.75,10.0,Deteriorating
SITE0177,1,3,3,10.0,12.0,High Risk
SITE0177,2,7,2,8.0,10.75,High Risk
SITE0177,3,4,5,8.857142857142858,11.0,High Risk
SITE0177,4,11,2,5.857142857142857,4.75,High Risk
SITE0177,5,10,2,7.333333333333333,10.0,High Risk
SITE0177,6,12,7,5.5,7.5,High Risk
SITE0177,7,8,3,6.8,11.272727272727273,High Risk
SITE0177,8,14,8,7.142857142857143,13.25,High Risk
SITE0177,9,8,7,8.0,17.0,High Risk
SITE0177,10,7,2,6.4,12.6,High Risk
SITE0177,11,10,4,8.0,10.666666666666666,High Risk
SITE0177,12,12,2,9.625,7.8,High Risk
SITE0178,1,10,2,0.0,14.25,Anomalous
SITE0178,2,4,2,6.0,0.0,Anomalous
SITE0178,3,4,8,11.5,13.0,Anomalous
SITE0178,4,17,8,6.125,10.666666666666666,Anomalous
SITE0178,5,2,1,8.0,14.0,Anomalous
SITE0178,6,5,1,11.0,13.666666666666666,Anomalous
SITE0178,7,3,1,6.666666666666667,12.0,Anomalous
SITE0178,8,1,1,10.666666666666666,10.0,Anomalous
SITE0178,9,3,3,6.0,12.0,Anomalous
SITE0178,10,7,2,11.5,9.0,Anomalous
SITE0178,11,4,2,5.2,13.25,Anomalous
SITE0178,12,3,3,8.0,20.0,Anomalous
SITE0179,1,0,0,11.0,0.0,Deteriorating
SITE0179,2,1,1,0.0,6.0,Deteriorating
SITE0179,3,4,0,4.0,18.0,Deteriorating
SITE0179,4,1,2,14.0,12.0,Deteriorating
SITE0179,5,2,2,9.0,11.0,Deteriorating
SITE0179,6,3,1,11.333333333333334,12.75,Deteriorating
SITE0179,7,5,1,4.0,13.0,Deteriorating
SITE0179,8,7,2,4.0,4.0,Deteriorating
SITE0179,9,7,3,5.25,13.5,Deteriorating
SITE0179,10,2,4,10.666666666666666,8.666666666666666,Deteriorating
SITE0179,11,5,1,9.25,1.0,Deteriorating
SITE0179,12,5,2,4.833333333333333,4.5,Deteriorating
SITE0180,1,1,1,4.5,0.0,Stable
SITE0180,2,3,0,0.0,12.333333333333334,Stable
SITE0180,3,1,0,8.0,14.0,Stable
SITE0180,4,1,0,0.0,0.0,Stable
SITE0180,5,0,0,3.0,0.0,Stable
SITE0180,6,2,0,7.0,14.0,Stable
SITE0180,7,3,1,6.0,10.0,Stable
SITE0180,9,5,1,10.0,5.0,Stable
SITE0180,10,1,0,0.0,0.0,Stable
SITE0180,11,0,0,10.0,18.5,Stable
SITE0180,12,3,1,1.0,8.0,Stable
SITE0181,1,3,0,0.0,0.0,Stable
SITE0181,2,0,0,1.0,0.0,Stable
SITE0181,3,1,0,8.333333333333334,6.0,Stable
SITE0181,4,3,1,9.0,0.0,Stable
SITE0181,5,0,0,6.0,8.0,Stable
SITE0181,6,5,2,5.5,0.0,Stable
SITE0181,7,4,0,0.0,9.0,Stable
SITE0181,8,1,1,6.666666666666667,15.0,Stable
SITE0181,9,5,1,9.0,14.0,Stable
SITE0181,10,1,0,0.0,9.0,Stable
SITE0181,11,2,0,0.0,14.5,Stable
SITE0181,12,2,0,5.5,17.0,Stable
SITE0182,1,8,5,5.0,17.0,High Risk
SITE0182,2,11,10,7.333333333333333,7.0,High Risk
SITE0182,3,9,4,7.3,18.0,High Risk
SITE0182,4,5,1,5.0,14.0,High Risk
SITE0182,5,18,4,9.6,6.5,High Risk
SITE0182,6,6,5,7.777777777777778,10.5,High Risk
SITE0182,7,13,5,4.857142857142857,9.285714285714286,High Risk
SITE0182,8,8,5,8.571428571428571,13.0,High Risk
SITE0182,9,11,7,7.571428571428571,9.2,High Risk
SITE0182,10,6,6,6.6,10.0,High Risk
SITE0182,11,9,5,6.857142857142857,9.0,High Risk
SITE0182,12,10,3,4.25,9.333333333333334,High Risk
SITE0183,1,1,2,0.0,0.0,Stable
SITE0183,2,1,2,7.5,0.0,Stable
SITE0183,3,0,2,2.0,14.0,Stable
SITE0183,4,1,1,6.666666666666667,6.0,Stable
SITE0183,5,2,0,8.666666666666666,14.0,Stable
SITE0183,6,1,1,11.0,1.0,Stable
SITE0183,7,1,2,3.0,9.0,Stable
SITE0183,8,5,1,3.0,0.0,Stable
SITE0183,9,2,1,9.666666666666666,0.0,Stable
SITE0183,10,3,0,11.0,11.0,Stable
SITE0183,11,0,1,8.5,4.0,Stable
SITE0183,12,0,1,1.5,18.5,Stable
SITE0184,1,8,5,5.833333333333333,14.0,High Risk
SITE0184,2,12,5,8.375,9.2,High Risk
SITE0184,3,2,6,7.714285714285714,9.666666666666666,High Risk
SITE0184,4,12,7,7.0,10.5,High Risk
SITE0184,5,4,7,6.25,10.875,High Risk
SITE0184,6,12,4,8.166666666666666,13.4,High Risk
SITE0184,7,10,5,6.142857142857143,12.333333333333334,High Risk
SITE0184,8,9,7,8.142857142857142,12.8,High Risk
SITE0184,9,8,3,5.75,15.5,High Risk
SITE0184,10,6,5,7.0,13.0,High Risk
SITE0184,11,5,5,7.125,10.6,High Risk
SITE0184,12,10,2,7.142857142857143,7.875,High Risk
SITE0185,1,2,1,1.0,5.666666666666667,Stable
SITE0185,2,2,0,0.0,12.0,Stable
SITE0185,3,3,0,7.0,16.0,Stable
SITE0185,4,1,2,12.5,6.0,Stable
SITE0185,5,0,0,0.0,18.0,Stable
SITE0185,7,2,0,13.0,12.666666666666666,Stable
SITE0185,8,2,0,5.0,0.0,Stable
SITE0185,9,2,2,2.0,2.0,Stable
SITE0185,10,1,0,13.0,0.0,Stable
SITE0185,11,3,1,11.0,0.0,Stable
SITE0185,12,2,0,2.5,2.0,Stable
SITE0186,1,1,1,1.0,9.5,Stable
SITE0186,2,0,2,8.5,3.0,Stable
SITE0186,3,0,0,5.666666666666667,13.0,Stable
SITE0186,4,1,0,10.0,0.0,Stable
SITE0186,5,0,1,5.666666666666667,20.0,Stable
SITE0186,6,1,1,0.0,8.0,Stable
SITE0186,7,2,2,5.0,17.0,Stable
SITE0186,8,0,0,8.0,8.0,Stable
SITE0186,9,2,1,8.0,4.0,Stable
SITE0186,10,0,1,6.666666666666667,20.0,Stable
SITE0186,11,2,0,11.0,12.0,Stable
SITE0186,12,2,0,0.0,8.5,Stable
SITE0187,1,3,3,7.0,12.0,Stable
SITE0187,2,1,0,7.0,13.0,Stable
SITE0187,3,3,1,9.0,18.0,Stable
SITE0187,4,2,0,0.0,0.0,Stable
SITE0187,5,0,0,12.0,14.0,Stable
SITE0187,6,3,3,0.0,0.0,Stable
SITE0187,7,0,0,0.0,17.0,Stable
SITE0187,8,1,1,10.5,10.0,Stable
SITE0187,9,4,0,10.666666666666666,3.0,Stable
SITE0187,10,2,1,0.0,3.0,Stable
SITE0187,11,1,1,1.0,9.333333333333334,Stable
SITE0187,12,3,0,9.0,0.0,Stable
SITE0188,1,0,1,7.666666666666667,12.0,Stable
SITE0188,2,2,1,0.0,9.0,Stable
SITE0188,3,3,1,0.0,0.0,Stable
SITE0188,4,3,4,0.0,16.0,Stable
SITE0188,5,2,0,2.0,9.0,Stable
SITE0188,6,3,1,7.0,11.5,Stable
SITE0188,7,1,1,2.0,11.0,Stable
SITE0188,8,2,0,4.0,6.0,Stable
SITE0188,9,1,0,0.0,18.0,Stable
SITE0188,10,1,0,0.0,20.0,Stable
SITE0188,11,1,1,0.0,0.0,Stable
SITE0188,12,2,0,5.0,8.0,Stable
SITE0189,1,3,0,4.75,10.5,Anomalous
SITE0189,2,0,3,7.8,6.25,Anomalous
SITE0189,3,3,3,7.4,14.0,Anomalous
SITE0189,4,4,3,8.333333333333334,17.0,Anomalous
SITE0189,5,5,2,9.0,15.0,Anomalous
SITE0189,6,19,5,9.454545454545455,14.666666666666666,Anomalous
SITE0189,7,2,1,12.0,4.0,Anomalous
SITE0189,8,3,5,2.3333333333333335,16.0,Anomalous
SITE0189,9,5,4,10.0,10.0,Anomalous
SITE0189,10,2,1,6.4,14.0,Anomalous
SITE0189,11,0,3,6.333333333333333,9.666666666666666,Anomalous
SITE0189,12,4,3,4.5,4.714285714285714,Anomalous
SITE0190,1,10,4,7.666666666666667,10.666666666666666,High Risk
SITE0190,2,5,3,9.25,13.714285714285714,High Risk
SITE0190,3,11,4,3.6666666666666665,12.428571428571429,High Risk
SITE0190,4,13,11,5.25,7.125,High Risk
SITE0190,5,9,5,7.5,12.5,High Risk
SITE0190,6,8,4,10.0,8.166666666666666,High Risk
SITE0190,7,5,2,5.0,11.166666666666666,High Risk
SITE0190,8,3,5,5.25,6.0,High Risk
SITE0190,9,4,6,9.0,10.0,High Risk
SITE0190,10,6,5,9.142857142857142,11.5,High Risk
SITE0190,11,10,10,4.833333333333333,11.285714285714286,High Risk
SITE0190,12,10,8,9.285714285714286,10.375,High Risk
SITE0191,1,12,6,8.9,15.0,High Risk
SITE0191,2,9,6,10.5,11.5,High Risk
SITE0191,3,14,5,11.4,9.0,High Risk
SITE0191,4,12,2,10.555555555555555,10.5,High Risk
SITE0191,5,8,4,13.0,9.5,High Risk
SITE0191,6,14,5,4.4,15.0,High Risk
SITE0191,7,8,3,8.428571428571429,7.0,High Risk
SITE0191,8,10,6,4.111111111111111,9.0,High Risk
SITE0191,9,10,1,8.0,10.8,High Risk
SITE0191,10,8,6,7.333333333333333,8.666666666666666,High Risk
SITE0191,11,5,4,7.5,7.4,High Risk
SITE0191,12,9,4,6.0,2.75,High Risk
SITE0192,1,0,1,0.0,14.0,Deteriorating
SITE0192,2,2,2,10.0,13.0,Deteriorating
SITE0192,3,4,2,4.0,8.5,Deteriorating
SITE0192,4,0,2,7.5,16.0,Deteriorating
SITE0192,5,4,6,11.0,0.0,Deteriorating
SITE0192,6,4,1,11.333333333333334,8.5,Deteriorating
SITE0192,7,1,0,6.75,11.0,Deteriorating
SITE0192,8,7,1,7.0,5.5,Deteriorating
SITE0192,9,2,4,4.75,13.428571428571429,Deteriorating
SITE0192,10,5,3,3.0,14.666666666666666,Deteriorating
SITE0192,11,4,5,5.0,3.3333333333333335,Deteriorating
SITE0192,12,7,3,10.25,5.0,Deteriorating
SITE0193,1,0,2,6.0,14.0,Stable
SITE0193,2,2,0,2.0,0.0,Stable
SITE0193,3,1,0,3.0,15.0,Stable
SITE0193,4,1,1,3.0,20.0,Stable
SITE0193,5,1,0,9.5,0.0,Stable
SITE0193,6,0,1,11.0,14.5,Stable
SITE0193,7,0,1,0.0,3.0,Stable
SITE0193,8,1,0,0.0,12.0,Stable
SITE0193,9,5,4,0.0,11.0,Stable
SITE0193,10,2,0,4.0,16.0,Stable
SITE0193,11,1,0,8.666666666666666,8.666666666666666,Stable
SITE0193,12,1,4,0.0,9.0,Stable
SITE0194,1,0,1,0.0,11.0,Stable
SITE0194,2,0,0,0.0,9.0,Stable
SITE0194,3,4,1,6.5,9.0,Stable
SITE0194,4,0,0,0.0,3.0,Stable
SITE0194,5,0,1,4.0,5.0,Stable
SITE0194,6,0,0,4.0,1.0,Stable
SITE0194,7,6,0,4.0,18.0,Stable
SITE0194,8,3,0,6.666666666666667,0.0,Stable
SITE0194,9,2,2,2.0,5.0,Stable
SITE0194,10,1,0,0.0,13.333333333333334,Stable
SITE0194,11,0,1,10.0,11.5,Stable
SITE0194,12,1,0,0.0,0.0,Stable
SITE0195,1,3,0,11.5,19.0,Stable
SITE0195,2,0,1,4.0,3.5,Stable
SITE0195,3,1,3,10.0,11.333333333333334,Stable
SITE0195,4,6,0,5.0,11.0,Stable
SITE0195,5,2,2,5.0,13.0,Stable
SITE0195,6,2,0,13.0,0.0,Stable
SITE0195,7,1,1,12.0,14.0,Stable
SITE0195,8,2,2,2.0,0.0,Stable
SITE0195,9,2,0,0.0,0.0,Stable
SITE0195,10,0,0,0.0,8.75,Stable
SITE0195,11,1,1,5.5,10.0,Stable
SITE0195,12,2,0,1.0,12.0,Stable
SITE0196,1,3,1,9.0,12.5,Stable
SITE0196,2,4,1,0.0,0.0,Stable
SITE0196,3,1,0,0.0,8.0,Stable
SITE0196,4,1,2,4.0,0.0,Stable
SITE0196,5,1,1,4.0,0.0,Stable
SITE0196,6,3,0,10.5,11.5,Stable
SITE0196,7,1,1,5.0,0.0,Stable
SITE0196,8,3,2,5.0,8.0,Stable
SITE0196,9,1,0,0.0,12.666666666666666,Stable
SITE0196,10,3,1,1.5,15.0,Stable
SITE0196,11,2,1,13.0,0.0,Stable
SITE0196,12,1,0,1.5,12.333333333333334,Stable
SITE0197,1,2,0,8.0,0.0,Stable
SITE0197,2,1,2,0.0,0.0,Stable
SITE0197,3,5,1,0.0,0.0,Stable
SITE0197,4,1,1,5.5,13.0,Stable
SITE0197,5,1,1,0.0,13.5,Stable
SITE0197,6,3,2,12.0,0.0,Stable
SITE0197,7,2,2,9.5,0.0,Stable
SITE0197,8,2,1,10.0,0.0,Stable
SITE0197,9,0,1,9.0,0.0,Stable
SITE0197,10,3,0,5.0,17.0,Stable
SITE0197,11,0,1,6.0,1.0,Stable
SITE0197,12,3,1,0.0,10.0,Stable
SITE0198,1,2,0,0.0,19.0,Stable
SITE0198,2,1,1,5.333333333333333,0.0,Stable
SITE0198,3,1,0,1.5,8.0,Stable
SITE0198,4,0,3,6.5,15.0,Stable
SITE0198,5,1,0,3.5,12.75,Stable
SITE0198,6,4,1,12.0,0.0,Stable
SITE0198,7,3,2,0.0,10.0,Stable
SITE0198,8,1,2,0.0,0.0,Stable
SITE0198,9,1,1,11.0,1.0,Stable
SITE0198,10,0,0,9.0,0.0,Stable
SITE0198,11,2,1,0.0,1.0,Stable
SITE0198,12,2,1,0.0,16.0,Stable
SITE0199,1,2,2,0.0,17.0,Stable
SITE0199,2,0,0,3.0,0.0,Stable
SITE0199,3,2,1,4.0,16.25,Stable
SITE0199,4,3,0,0.0,1.0,Stable
SITE0199,5,1,0,10.666666666666666,16.0,Stable
SITE0199,6,1,1,12.0,6.0,Stable
SITE0199,7,2,1,7.0,0.0,Stable
SITE0199,8,3,0,11.0,2.0,Stable
SITE0199,9,2,1,9.0,0.0,Stable
SITE0199,10,4,0,4.333333333333333,0.0,Stable
SITE0199,11,3,0,3.5,18.0,Stable
SITE0199,12,1,1,1.0,12.5,Stable
SITE0200,1,4,4,14.0,12.666666666666666,Anomalous
SITE0200,2,2,6,9.333333333333334,12.0,Anomalous
SITE0200,3,6,3,7.5,13.666666666666666,Anomalous
SITE0200,4,9,10,6.6,13.75,Anomalous
SITE0200,5,3,5,8.25,12.0,Anomalous
SITE0200,6,5,1,4.4,20.0,Anomalous
SITE0200,7,2,4,3.3333333333333335,12.333333333333334,Anomalous
SITE0200,8,3,0,6.0,12.0,Anomalous
SITE0200,9,3,4,9.5,11.0,Anomalous
SITE0200,10,1,2,8.0,10.0,Anomalous
SITE0200,11,7,1,0.0,12.25,Anomalous
SITE0200,12,3,0,0.0,6.0,Anomalous
SITE0201,1,8,7,7.25,10.0,High Risk
SITE0201,2,6,3,6.2,14.0,High Risk
SITE0201,3,9,4,9.5,6.333333333333333,High Risk
SITE0201,4,12,6,7.777777777777778,13.333333333333334,High Risk
SITE0201,5,10,4,8.4,6.857142857142857,High Risk
SITE0201,6,8,7,12.5,13.2,High Risk
SITE0201,7,9,7,9.5,16.333333333333332,High Risk
SITE0201,8,4,5,6.428571428571429,13.6,High Risk
SITE0201,9,13,3,7.1,11.25,High Risk
SITE0201,10,10,3,4.666666666666667,13.0,High Risk
SITE0201,11,7,4,7.2727272727272725,10.0,High Risk
SITE0201,12,11,3,6.0,8.428571428571429,High Risk
SITE0202,1,1,2,8.0,12.0,Stable
SITE0202,2,5,1,2.0,17.0,Stable
SITE0202,3,2,0,0.0,13.0,Stable
SITE0202,4,2,0,0.0,12.5,Stable
SITE0202,5,1,1,12.0,13.0,Stable
SITE0202,6,1,0,0.0,0.0,Stable
SITE0202,7,0,1,0.0,0.0,Stable
SITE0202,8,3,0,1.0,8.0,Stable
SITE0202,9,0,3,10.5,9.5,Stable
SITE0202,10,1,1,10.5,0.0,Stable
SITE0202,11,3,1,0.0,7.0,Stable
SITE0202,12,2,2,0.0,8.5,Stable
SITE0203,1,2,0,0.0,3.0,Deteriorating
SITE0203,2,2,0,14.0,0.0,Deteriorating
SITE0203,3,1,2,13.0,17.0,Deteriorating
SITE0203,4,0,1,8.0,18.0,Deteriorating
SITE0203,5,3,2,7.0,0.0,Deteriorating
SITE0203,6,1,3,0.0,11.0,Deteriorating
SITE0203,7,9,2,10.0,12.0,Deteriorating
SITE0203,8,5,5,8.666666666666666,15.5,Deteriorating
SITE0203,9,6,3,6.0,15.0,Deteriorating
SITE0203,10,5,3,9.666666666666666,0.0,Deteriorating
SITE0203,11,7,5,11.333333333333334,11.142857142857142,Deteriorating
SITE0203,12,4,2,8.666666666666666,13.0,Deteriorating
SITE0204,1,1,0,3.0,0.0,Deteriorating
SITE0204,2,1,1,2.3333333333333335,10.0,Deteriorating
SITE0204,3,1,1,4.5,0.0,Deteriorating
SITE0204,4,4,0,2.5,6.0,Deteriorating
SITE0204,5,2,2,8.0,0.0,Deteriorating
SITE0204,6,1,2,6.5,13.0,Deteriorating
SITE0204,7,3,3,2.0,13.5,Deteriorating
SITE0204,8,4,4,8.25,9.75,Deteriorating
SITE0204,9,5,2,5.4,11.8,Deteriorating
SITE0204,10,9,7,10.25,10.8,Deteriorating
SITE0204,11,4,4,9.5,11.75,Deteriorating
SITE0204,12,4,4,5.0,11.5,Deteriorating
SITE0205,1,2,3,10.0,12.0,Stable
SITE0205,2,5,1,14.0,20.0,Stable
SITE0205,3,2,2,4.0,7.0,Stable
SITE0205,4,0,0,0.0,12.0,Stable
SITE0205,5,3,0,0.0,15.0,Stable
SITE0205,6,1,1,0.0,0.0,Stable
SITE0205,7,0,2,10.0,5.0,Stable
SITE0205,8,3,2,8.333333333333334,0.0,Stable
SITE0205,9,1,1,12.0,6.0,Stable
SITE0205,10,3,2,1.0,0.0,Stable
SITE0205,11,4,0,5.0,11.5,Stable
SITE0205,12,2,1,0.0,0.0,Stable
SITE0206,1,7,9,6.0,6.5,High Risk
SITE0206,2,4,7,4.0,14.0,High Risk
SITE0206,3,9,5,3.0,7.333333333333333,High Risk
SITE0206,4,9,1,8.2,9.75,High Risk
SITE0206,5,4,3,8.571428571428571,9.375,High Risk
SITE0206,6,10,4,8.285714285714286,11.5,High Risk
SITE0206,7,12,5,7.142857142857143,15.5,High Risk
SITE0206,8,12,1,7.0,2.0,High Risk
SITE0206,9,7,6,9.333333333333334,13.25,High Risk
SITE0206,10,5,3,8.857142857142858,10.0,High Risk
SITE0206,11,4,8,7.545454545454546,9.75,High Risk
SITE0206,12,8,5,7.285714285714286,10.666666666666666,High Risk
SITE0207,1,5,2,10.166666666666666,13.666666666666666,High Risk
SITE0207,2,8,5,3.8333333333333335,13.857142857142858,High Risk
SITE0207,3,11,5,7.375,8.25,High Risk
SITE0207,4,4,3,8.222222222222221,15.166666666666666,High Risk
SITE0207,5,4,2,8.5,0.0,High Risk
SITE0207,6,9,4,9.166666666666666,10.916666666666666,High Risk
SITE0207,7,9,4,9.0,11.8,High Risk
SITE0207,8,7,6,6.571428571428571,9.833333333333334,High Risk
SITE0207,9,8,5,4.2,10.25,High Risk
SITE0207,10,7,5,5.4,6.833333333333333,High Risk
SITE0207,11,10,6,8.5,13.6,High Risk
SITE0207,12,4,6,8.5,6.0,High Risk
SITE0208,1,2,1,0.0,0.0,Stable
SITE0208,2,1,1,0.0,0.0,Stable
SITE0208,3,1,2,0.0,10.0,Stable
SITE0208,4,2,0,10.0,2.0,Stable
SITE0208,5,0,0,5.0,1.0,Stable
SITE0208,6,2,1,7.75,14.5,Stable
SITE0208,7,0,0,3.0,6.0,Stable
SITE0208,8,1,0,0.0,0.0,Stable
SITE0208,9,2,0,1.0,7.0,Stable
SITE0208,10,2,2,8.0,14.666666666666666,Stable
SITE0208,11,0,0,8.5,11.5,Stable
SITE0208,12,7,0,7.0,19.0,Stable
SITE0209,1,1,2,6.0,10.0,Stable
SITE0209,2,2,0,0.0,14.0,Stable
SITE0209,3,0,0,4.0,1.0,Stable
SITE0209,4,2,3,2.0,20.0,Stable
SITE0209,5,1,2,12.0,0.0,Stable
SITE0209,6,2,0,0.0,10.0,Stable
SITE0209,7,1,3,14.0,0.0,Stable
SITE0209,8,3,1,11.0,11.0,Stable
SITE0209,9,2,2,6.0,9.333333333333334,Stable
SITE0209,10,2,2,9.5,4.0,Stable
SITE0209,11,1,5,14.0,0.0,Stable
SITE0209,12,4,0,7.0,15.0,Stable
SITE0210,1,3,2,11.0,0.0,Stable
SITE0210,3,0,2,4.0,7.25,Stable
SITE0210,4,2,2,0.0,3.0,Stable
SITE0210,5,1,0,14.0,9.0,Stable
SITE0210,6,0,1,0.0,0.0,Stable
SITE0210,7,0,1,8.333333333333334,0.0,Stable
SITE0210,8,0,1,6.0,0.0,Stable
SITE0210,9,0,3,4.0,8.0,Stable
SITE0210,10,0,0,10.0,17.0,Stable
SITE0210,11,3,5,10.0,0.0,Stable
SITE0210,12,1,2,4.0,0.0,Stable
SITE0211,1,3,2,2.0,0.0,Stable
SITE0211,2,0,1,6.0,0.0,Stable
SITE0211,3,1,1,5.5,6.5,Stable
SITE0211,4,2,0,4.0,0.0,Stable
SITE0211,5,1,0,6.0,12.0,Stable
SITE0211,6,1,1,0.0,0.0,Stable
SITE0211,7,2,0,12.0,5.0,Stable
SITE0211,8,3,2,1.0,0.0,Stable
SITE0211,9,2,0,12.0,15.666666666666666,Stable
SITE0211,10,1,4,6.0,12.0,Stable
SITE0211,11,2,0,5.0,10.0,Stable
SITE0211,12,0,1,7.5,0.0,Stable
SITE0212,1,1,3,14.0,0.0,Stable
SITE0212,2,1,1,7.0,3.0,Stable
SITE0212,3,1,1,0.0,11.0,Stable
SITE0212,4,0,1,5.0,13.0,Stable
SITE0212,5,1,1,2.0,0.0,Stable
SITE0212,6,0,1,9.0,18.0,Stable
SITE0212,7,2,0,0.0,4.0,Stable
SITE0212,8,0,1,5.0,7.0,Stable
SITE0212,9,4,0,0.0,6.0,Stable
SITE0212,10,4,1,4.5,7.5,Stable
SITE0212,11,1,1,11.0,11.0,Stable
SITE0212,12,0,1,10.5,0.0,Stable
SITE0213,1,9,1,10.166666666666666,9.307692307692308,High Risk
SITE0213,2,9,7,7.125,12.0,High Risk
SITE0213,3,7,6,9.6,11.166666666666666,High Risk
SITE0213,4,7,5,7.111111111111111,13.5,High Risk
SITE0213,5,6,6,7.6,7.125,High Risk
SITE0213,6,10,6,10.0,12.5,High Risk
SITE0213,7,14,10,5.25,6.666666666666667,High Risk
SITE0213,8,10,5,10.285714285714286,5.0,High Risk
SITE0213,9,8,2,9.833333333333334,14.5,High Risk
SITE0213,10,10,4,7.0,12.4,High Risk
SITE0213,11,10,3,6.666666666666667,11.25,High Risk
SITE0213,12,7,4,8.4,11.0,High Risk
SITE0214,1,1,0,0.0,4.0,Stable
SITE0214,2,0,4,0.0,0.0,Stable
SITE0214,3,2,3,9.5,19.0,Stable
SITE0214,4,4,0,7.0,0.0,Stable
SITE0214,5,3,1,11.0,5.0,Stable
SITE0214,6,1,2,0.0,0.0,Stable
SITE0214,7,1,1,0.0,9.0,Stable
SITE0214,8,0,0,11.0,0.0,Stable
SITE0214,9,0,0,8.333333333333334,15.0,Stable
SITE0214,10,0,0,3.3333333333333335,8.75,Stable
SITE0214,11,1,1,0.0,16.0,Stable
SITE0214,12,2,1,4.0,6.0,Stable
SITE0215,1,5,1,0.0,0.0,Stable
SITE0215,2,2,1,0.0,19.0,Stable
SITE0215,3,1,0,0.0,0.0,Stable
SITE0215,4,0,0,0.0,8.0,Stable
SITE0215,5,1,1,8.5,8.5,Stable
SITE0215,6,0,0,5.0,0.0,Stable
SITE0215,7,2,0,2.5,16.0,Stable
SITE0215,8,0,2,0.0,0.0,Stable
SITE0215,9,0,0,9.0,6.666666666666667,Stable
SITE0215,10,6,0,0.0,0.0,Stable
SITE0215,11,1,1,14.0,12.0,Stable
SITE0215,12,2,2,9.0,7.0,Stable
SITE0216,1,9,8,9.166666666666666,11.0,High Risk
SITE0216,2,7,7,7.666666666666667,8.428571428571429,High Risk
SITE0216,3,4,3,7.6,9.0,High Risk
SITE0216,4,13,4,8.0,12.6,High Risk
SITE0216,5,11,1,8.444444444444445,5.666666666666667,High Risk
SITE0216,6,7,4,6.3,13.0,High Risk
SITE0216,7,5,5,10.166666666666666,16.25,High Risk
SITE0216,8,5,5,5.75,11.0,High Risk
SITE0216,9,5,1,8.25,10.0,High Risk
SITE0216,10,10,2,10.142857142857142,12.8,High Risk
SITE0216,11,10,7,7.857142857142857,17.0,High Risk
SITE0216,12,11,5,8.333333333333334,7.0,High Risk
SITE0217,1,1,0,11.5,0.0,Deteriorating
SITE0217,2,2,0,0.0,0.0,Deteriorating
SITE0217,3,1,0,8.0,0.0,Deteriorating
SITE0217,4,2,4,13.666666666666666,13.5,Deteriorating
SITE0217,5,3,2,12.0,0.0,Deteriorating
SITE0217,6,1,2,9.0,9.0,Deteriorating
SITE0217,7,6,1,7.5,16.0,Deteriorating
SITE0217,8,7,2,6.142857142857143,12.857142857142858,Deteriorating
SITE0217,9,3,2,4.5,14.666666666666666,Deteriorating
SITE0217,10,3,2,3.0,9.333333333333334,Deteriorating
SITE0217,11,7,5,8.75,15.0,Deteriorating
SITE0217,12,6,6,7.6,7.6,Deteriorating
SITE0218,1,2,1,7.0,4.5,Stable
SITE0218,2,2,3,0.0,12.333333333333334,Stable
SITE0218,3,1,0,0.0,5.0,Stable
SITE0218,4,2,2,3.0,0.0,Stable
SITE0218,5,3,0,13.0,0.0,Stable
SITE0218,6,0,1,12.5,0.0,Stable
SITE0218,7,1,1,8.0,1.0,Stable
SITE0218,8,2,1,0.0,10.0,Stable
SITE0218,9,0,0,5.5,3.0,Stable
SITE0218,10,2,2,0.0,0.0,Stable
SITE0218,11,0,0,14.0,20.0,Stable
SITE0218,12,2,2,3.0,0.0,Stable
SITE0219,1,0,2,0.0,13.0,Stable
SITE0219,2,1,2,0.0,15.333333333333334,Stable
SITE0219,3,2,2,3.3333333333333335,11.333333333333334,Stable
SITE0219,4,2,1,7.0,0.0,Stable
SITE0219,5,0,2,5.5,1.0,Stable
SITE0219,6,2,2,9.0,13.0,Stable
SITE0219,7,2,0,5.666666666666667,0.0,Stable
SITE0219,8,2,0,0.0,17.0,Stable
SITE0219,9,1,1,5.5,10.0,Stable
SITE0219,10,2,0,7.0,0.0,Stable
SITE0219,11,4,1,0.0,0.0,Stable
SITE0219,12,0,2,7.0,12.0,Stable
SITE0220,1,2,2,5.0,0.0,Stable
SITE0220,2,4,1,12.0,14.0,Stable
SITE0220,3,2,0,10.0,0.0,Stable
SITE0220,4,1,0,8.0,16.666666666666668,Stable
SITE0220,5,2,0,8.5,20.0,Stable
SITE0220,6,1,2,0.0,8.0,Stable
SITE0220,7,0,1,10.0,3.0,Stable
SITE0220,8,1,1,10.5,17.5,Stable
SITE0220,9,1,1,5.5,15.0,Stable
SITE0220,10,2,1,3.5,11.0,Stable
SITE0220,11,1,1,10.0,8.0,Stable
SITE0220,12,1,2,0.0,9.0,Stable
SITE0221,1,1,1,0.0,10.0,Deteriorating
SITE0221,2,1,1,5.666666666666667,18.0,Deteriorating
SITE0221,3,1,1,7.0,1.0,Deteriorating
SITE0221,4,1,0,5.666666666666667,14.0,Deteriorating
SITE0221,5,4,1,7.0,0.0,Deteriorating
SITE0221,6,2,4,6.0,9.333333333333334,Deteriorating
SITE0221,7,1,5,10.0,5.75,Deteriorating
SITE0221,8,5,3,7.666666666666667,12.666666666666666,Deteriorating
SITE0221,9,6,1,4.666666666666667,15.8,Deteriorating
SITE0221,10,4,4,7.8,6.6,Deteriorating
SITE0221,11,5,9,6.75,16.0,Deteriorating
SITE0221,12,11,5,7.4,15.333333333333334,Deteriorating
SITE0222,1,3,0,0.0,12.0,Stable
SITE0222,2,3,0,12.0,15.0,Stable
SITE0222,3,2,0,6.0,17.0,Stable
SITE0222,4,3,2,10.0,14.0,Stable
SITE0222,5,1,0,12.0,11.333333333333334,Stable
SITE0222,6,4,1,3.0,0.0,Stable
SITE0222,7,1,3,10.0,17.0,Stable
SITE0222,8,3,3,6.0,7.0,Stable
SITE0222,9,2,0,0.0,15.0,Stable
SITE0222,10,2,1,6.0,17.0,Stable
SITE0222,11,2,0,9.0,15.0,Stable
SITE0222,12,1,0,10.0,4.333333333333333,Stable
SITE0223,1,3,1,11.0,2.0,Stable
SITE0223,2,0,0,14.0,0.0,Stable
SITE0223,3,2,1,12.0,19.0,Stable
SITE0223,4,1,0,11.0,0.0,Stable
SITE0223,5,5,4,9.5,5.0,Stable
SITE0223,6,1,3,9.0,11.0,Stable
SITE0223,7,0,0,9.5,11.333333333333334,Stable
SITE0223,8,4,3,0.0,5.0,Stable
SITE0223,9,0,0,6.5,0.0,Stable
SITE0223,10,2,1,0.0,0.0,Stable
SITE0223,11,0,3,11.0,19.0,Stable
SITE0223,12,2,1,13.0,15.666666666666666,Stable
SITE0224,1,4,3,13.0,10.5,Anomalous
SITE0224,2,8,0,7.666666666666667,15.0,Anomalous
SITE0224,3,5,2,10.0,3.8,Anomalous
SITE0224,4,3,3,7.142857142857143,9.0,Anomalous
SITE0224,5,2,5,6.25,0.0,Anomalous
SITE0224,6,14,12,8.0,7.375,Anomalous
SITE0224,7,3,2,9.333333333333334,5.5,Anomalous
SITE0224,8,2,2,7.5,16.0,Anomalous
SITE0224,9,4,1,5.0,16.0,Anomalous
SITE0224,10,4,2,5.0,14.333333333333334,Anomalous
SITE0224,11,4,6,6.666666666666667,14.0,Anomalous
SITE0224,12,3,4,9.666666666666666,12.833333333333334,Anomalous
SITE0225,1,2,2,5.5,0.0,Stable
SITE0225,2,1,1,7.0,9.0,Stable
SITE0225,3,0,1,0.0,5.5,Stable
SITE0225,4,1,0,12.0,8.0,Stable
SITE0225,5,2,0,0.0,0.0,Stable
SITE0225,6,4,0,8.5,0.0,Stable
SITE0225,7,1,2,8.0,7.5,Stable
SITE0225,8,1,2,11.5,8.0,Stable
SITE0225,9,2,1,0.0,0.0,Stable
SITE0225,10,0,1,9.5,9.5,Stable
SITE0225,11,3,2,8.0,14.0,Stable
SITE0225,12,1,1,1.0,10.333333333333334,Stable
SITE0226,1,6,5,7.333333333333333,5.0,High Risk
SITE0226,2,14,6,6.0,10.777777777777779,High Risk
SITE0226,3,6,4,7.5,14.333333333333334,High Risk
SITE0226,4,11,6,8.0,8.0,High Risk
SITE0226,5,6,4,7.0,10.5,High Risk
SITE0226,6,6,4,6.428571428571429,10.75,High Risk
SITE0226,7,8,9,8.222222222222221,11.5,High Risk
SITE0226,8,9,3,10.75,8.0,High Risk
SITE0226,9,11,6,7.0,13.833333333333334,High Risk
SITE0226,10,5,5,8.75,13.0,High Risk
SITE0226,11,12,4,5.5,6.0,High Risk
SITE0226,12,9,3,7.714285714285714,19.5,High Risk
SITE0227,1,1,2,7.714285714285714,0.0,Anomalous
SITE0227,2,1,3,9.4,13.0,Anomalous
SITE0227,3,1,2,0.0,7.0,Anomalous
SITE0227,4,2,1,5.6,10.0,Anomalous
SITE0227,5,2,2,10.0,4.0,Anomalous
SITE0227,6,3,2,7.0,0.0,Anomalous
SITE0227,7,4,3,12.5,14.0,Anomalous
SITE0227,8,4,0,4.5,18.0,Anomalous
SITE0227,9,4,2,0.0,16.0,Anomalous
SITE0227,10,18,9,6.375,12.666666666666666,Anomalous
SITE0227,11,2,0,0.0,14.0,Anomalous
SITE0227,12,5,3,6.0,10.333333333333334,Anomalous
SITE0228,1,2,3,2.0,0.0,Stable
SITE0228,2,3,1,10.5,0.0,Stable
SITE0228,3,1,2,0.0,17.0,Stable
SITE0228,4,2,0,7.0,12.0,Stable
SITE0228,5,1,0,0.0,6.5,Stable
SITE0228,6,1,1,6.0,3.0,Stable
SITE0228,7,4,0,10.0,0.0,Stable
SITE0228,8,1,0,11.0,12.0,Stable
SITE0228,9,4,0,0.0,0.0,Stable
SITE0228,10,1,3,2.6666666666666665,12.0,Stable
SITE0228,11,1,0,9.0,9.0,Stable
SITE0228,12,2,0,0.0,4.666666666666667,Stable
SITE0229,1,9,3,7.0,8.0,High Risk
SITE0229,2,4,2,8.0,6.5,High Risk
SITE0229,3,10,4,7.555555555555555,11.571428571428571,High Risk
SITE0229,4,9,5,6.666666666666667,12.0,High Risk
SITE0229,5,3,7,9.166666666666666,11.5,High Risk
SITE0229,6,11,5,6.857142857142857,8.75,High Risk
SITE0229,7,8,4,7.5,12.2,High Risk
SITE0229,8,13,6,9.75,9.0,High Risk
SITE0229,9,11,2,5.4,12.25,High Risk
SITE0229,10,8,4,8.0,6.0,High Risk
SITE0229,11,8,7,9.8,8.333333333333334,High Risk
SITE0229,12,9,4,7.0,10.0,High Risk
SITE0230,1,1,0,0.0,3.0,Stable
SITE0230,2,2,2,0.0,0.0,Stable
SITE0230,3,1,0,9.0,0.0,Stable
SITE0230,4,5,1,4.0,6.0,Stable
SITE0230,5,4,2,0.0,3.0,Stable
SITE0230,6,2,1,14.0,0.0,Stable
SITE0230,7,3,0,6.0,8.5,Stable
SITE0230,8,1,1,0.0,0.0,Stable
SITE0230,9,1,1,8.666666666666666,16.0,Stable
SITE0230,10,3,3,7.25,17.0,Stable
SITE0230,11,2,3,0.0,0.0,Stable
SITE0230,12,2,1,7.5,17.0,Stable
SITE0231,1,13,4,9.8,9.714285714285714,High Risk
SITE0231,2,7,4,7.222222222222222,9.571428571428571,High Risk
SITE0231,3,8,7,9.0,8.4,High Risk
SITE0231,4,7,6,5.0,15.333333333333334,High Risk
SITE0231,5,7,6,7.75,9.5,High Risk
SITE0231,6,5,4,5.428571428571429,14.25,High Risk
SITE0231,7,5,7,7.75,12.0,High Risk
SITE0231,8,7,5,7.555555555555555,12.5,High Risk
SITE0231,9,20,3,8.666666666666666,4.0,High Risk
SITE0231,10,10,5,7.142857142857143,12.666666666666666,High Risk
SITE0231,11,9,4,9.0,11.25,High Risk
SITE0231,12,12,6,8.625,8.0,High Risk
SITE0232,1,3,0,2.5,20.0,Stable
SITE0232,2,1,0,5.5,5.0,Stable
SITE0232,3,2,1,6.666666666666667,0.0,Stable
SITE0232,4,3,1,0.0,0.0,Stable
SITE0232,5,0,0,5.0,13.0,Stable
SITE0232,6,6,1,5.0,19.5,Stable
SITE0232,7,1,1,0.0,0.0,Stable
SITE0232,8,2,0,0.0,13.5,Stable
SITE0232,9,3,3,4.0,9.0,Stable
SITE0232,10,5,0,6.0,0.0,Stable
SITE0232,11,1,0,11.0,0.0,Stable
SITE0232,12,3,0,14.0,11.0,Stable
SITE0233,1,0,1,12.0,0.0,Deteriorating
SITE0233,2,2,1,11.0,13.0,Deteriorating
SITE0233,3,3,2,8.5,0.0,Deteriorating
SITE0233,4,2,0,5.0,6.0,Deteriorating
SITE0233,5,5,2,4.0,8.5,Deteriorating
SITE0233,6,3,3,0.0,0.0,Deteriorating
SITE0233,7,7,4,12.0,8.0,Deteriorating
SITE0233,8,9,1,9.0,7.25,Deteriorating
SITE0233,9,6,3,0.0,8.5,Deteriorating
SITE0233,10,6,7,9.285714285714286,14.0,Deteriorating
SITE0233,11,4,2,7.75,6.0,Deteriorating
SITE0233,12,14,2,7.5,10.571428571428571,Deteriorating
SITE0234,1,2,0,7.5,0.0,Stable
SITE0234,2,1,0,4.0,0.0,Stable
SITE0234,3,3,0,0.0,15.0,Stable
SITE0234,4,4,0,5.0,1.0,Stable
SITE0234,5,0,0,9.0,0.0,Stable
SITE0234,6,0,1,0.0,3.0,Stable
SITE0234,7,1,1,0.0,0.0,Stable
SITE0234,8,1,0,7.0,9.5,Stable
SITE0234,9,2,1,12.0,11.0,Stable
SITE0234,10,2,0,0.0,0.0,Stable
SITE0234,11,0,0,7.0,0.0,Stable
SITE0234,12,2,0,0.0,0.0,Stable
SITE0235,1,8,3,8.0,10.0,High Risk
SITE0235,2,8,2,7.75,10.5,High Risk
SITE0235,3,12,5,5.0,7.5,High Risk
SITE0235,4,9,6,7.166666666666667,14.0,High Risk
SITE0235,5,8,1,8.25,8.571428571428571,High Risk
SITE0235,6,6,4,6.666666666666667,10.5,High Risk
SITE0235,7,15,4,8.166666666666666,16.0,High Risk
SITE0235,8,7,5,7.714285714285714,15.5,High Risk
SITE0235,9,9,7,9.0,11.0,High Risk
SITE0235,10,4,4,11.0,12.5,High Risk
SITE0235,11,11,6,7.333333333333333,8.6,High Risk
SITE0235,12,6,4,7.333333333333333,20.0,High Risk
SITE0236,1,3,0,0.0,0.0,Deteriorating
SITE0236,2,1,0,4.0,0.0,Deteriorating
SITE0236,3,3,0,0.0,6.0,Deteriorating
SITE0236,4,3,4,1.6666666666666667,6.5,Deteriorating
SITE0236,5,1,2,5.666666666666667,1.0,Deteriorating
SITE0236,6,5,2,11.5,11.333333333333334,Deteriorating
SITE0236,7,4,3,7.333333333333333,9.0,Deteriorating
SITE0236,8,4,4,5.5,5.0,Deteriorating
SITE0236,9,5,2,6.833333333333333,9.875,Deteriorating
SITE0236,10,5,6,0.0,5.333333333333333,Deteriorating
SITE0236,11,5,6,4.25,8.166666666666666,Deteriorating
SITE0236,12,7,6,12.333333333333334,10.25,Deteriorating
SITE0237,1,2,2,13.0,10.333333333333334,Stable
SITE0237,2,0,3,0.0,7.0,Stable
SITE0237,3,0,1,4.0,0.0,Stable
SITE0237,4,0,0,13.0,0.0,Stable
SITE0237,5,1,2,0.0,4.0,Stable
SITE0237,6,1,1,3.0,5.0,Stable
SITE0237,7,2,1,0.0,0.0,Stable
SITE0237,8,0,0,0.0,4.666666666666667,Stable
SITE0237,9,1,3,3.5,0.0,Stable
SITE0237,10,4,1,4.0,9.0,Stable
SITE0237,11,1,0,0.0,6.0,Stable
SITE0237,12,1,0,13.0,15.0,Stable
SITE0238,1,12,6,8.0,13.0,High Risk
SITE0238,2,5,1,8.1,8.6,High Risk
SITE0238,3,5,9,9.0,8.2,High Risk
SITE0238,4,11,6,8.714285714285714,5.0,High Risk
SITE0238,5,12,5,5.666666666666667,12.6,High Risk
SITE0238,6,6,4,10.0,5.75,High Risk
SITE0238,7,9,7,7.416666666666667,5.75,High Risk
SITE0238,8,8,12,7.75,12.666666666666666,High Risk
SITE0238,9,4,1,7.875,11.0,High Risk
SITE0238,10,7,6,7.333333333333333,13.75,High Risk
SITE0238,11,12,5,7.5,10.25,High Risk
SITE0238,12,9,4,5.75,13.0,High Risk
SITE0239,1,1,2,13.0,8.0,Stable
SITE0239,2,2,0,10.5,15.0,Stable
SITE0239,3,0,1,7.25,0.0,Stable
SITE0239,4,1,1,8.666666666666666,14.0,Stable
SITE0239,5,1,0,3.0,0.0,Stable
SITE0239,6,1,4,9.5,8.0,Stable
SITE0239,7,0,0,2.0,12.0,Stable
SITE0239,8,1,2,0.0,19.0,Stable
SITE0239,9,1,1,1.0,0.0,Stable
SITE0239,10,2,0,12.0,0.0,Stable
SITE0239,11,2,5,14.0,7.0,Stable
SITE0239,12,2,0,5.5,1.0,Stable
SITE0240,1,1,2,9.5,20.0,Stable
SITE0240,2,1,0,11.0,8.333333333333334,Stable
SITE0240,3,1,0,10.0,17.0,Stable
SITE0240,4,2,1,1.0,12.0,Stable
SITE0240,5,4,3,10.0,6.0,Stable
SITE0240,6,1,0,3.0,0.0,Stable
SITE0240,7,3,1,6.5,0.0,Stable
SITE0240,8,0,2,8.0,10.0,Stable
SITE0240,9,1,0,0.0,5.0,Stable
SITE0240,10,2,1,11.0,0.0,Stable
SITE0240,11,1,1,8.0,10.0,Stable
SITE0240,12,1,0,7.666666666666667,18.0,Stable
SITE0241,1,4,1,9.0,0.0,Stable
SITE0241,2,6,1,0.0,0.0,Stable
SITE0241,3,0,0,4.0,0.0,Stable
SITE0241,4,1,1,0.0,0.0,Stable
SITE0241,5,2,0,0.0,0.0,Stable
SITE0241,6,0,1,5.0,6.0,Stable
SITE0241,7,5,1,0.0,9.0,Stable
SITE0241,8,2,2,0.0,16.0,Stable
SITE0241,9,3,1,0.0,0.0,Stable
SITE0241,10,2,1,9.0,9.0,Stable
SITE0241,11,1,1,9.0,7.0,Stable
SITE0241,12,1,1,6.0,6.5,Stable
SITE0242,1,2,1,0.0,10.0,Stable
SITE0242,2,3,0,0.0,0.0,Stable
SITE0242,3,2,1,4.0,11.666666666666666,Stable
SITE0242,4,1,2,13.0,1.0,Stable
SITE0242,5,2,0,1.0,0.0,Stable
SITE0242,6,3,2,4.5,0.0,Stable
SITE0242,7,2,0,14.0,7.666666666666667,Stable
SITE0242,8,1,1,0.0,18.0,Stable
SITE0242,9,1,1,13.0,0.0,Stable
SITE0242,10,3,2,0.0,0.0,Stable
SITE0242,11,4,0,3.0,6.0,Stable
SITE0242,12,1,0,5.5,0.0,Stable
SITE0243,1,3,1,7.0,0.0,Stable
SITE0243,2,3,0,9.5,16.5,Stable
SITE0243,3,1,3,11.5,12.5,Stable
SITE0243,4,1,1,6.0,10.5,Stable
SITE0243,5,3,0,4.0,2.0,Stable
SITE0243,6,0,0,7.5,8.0,Stable
SITE0243,7,0,0,5.0,12.5,Stable
SITE0243,8,2,1,5.0,1.0,Stable
SITE0243,9,0,0,12.0,6.0,Stable
SITE0243,10,3,0,3.0,13.0,Stable
SITE0243,11,4,0,10.5,0.0,Stable
SITE0243,12,3,1,9.0,8.0,Stable
SITE0244,1,10,5,7.444444444444445,5.5,High Risk
SITE0244,2,8,3,10.25,14.5,High Risk
SITE0244,3,4,6,10.0,1.0,High Risk
SITE0244,4,7,7,10.5,14.666666666666666,High Risk
SITE0244,5,12,5,4.555555555555555,15.8,High Risk
SITE0244,6,17,5,7.625,8.0,High Risk
SITE0244,7,10,3,7.75,12.0,High Risk
SITE0244,8,10,4,8.125,5.6,High Risk
SITE0244,9,7,1,8.0,12.166666666666666,High Risk
SITE0244,10,5,2,8.8,8.666666666666666,High Risk
SITE0244,11,9,3,7.25,11.428571428571429,High Risk
SITE0244,12,4,7,5.333333333333333,10.333333333333334,High Risk
SITE0245,1,1,3,0.0,15.0,Stable
SITE0245,2,1,1,11.5,7.333333333333333,Stable
SITE0245,3,2,2,6.25,2.0,Stable
SITE0245,4,4,2,7.5,0.0,Stable
SITE0245,5,2,1,0.0,0.0,Stable
SITE0245,6,3,2,0.0,10.0,Stable
SITE0245,7,1,0,9.0,0.0,Stable
SITE0245,8,2,1,13.0,0.0,Stable
SITE0245,9,4,3,7.25,16.0,Stable
SITE0245,10,1,1,0.0,3.0,Stable
SITE0245,11,0,0,2.0,0.0,Stable
SITE0245,12,2,0,0.0,10.5,Stable
SITE0246,1,1,1,0.0,0.0,Deteriorating
SITE0246,2,0,1,0.0,7.0,Deteriorating
SITE0246,3,2,1,6.0,15.0,Deteriorating
SITE0246,4,4,0,10.5,8.333333333333334,Deteriorating
SITE0246,5,1,3,8.0,11.5,Deteriorating
SITE0246,6,3,2,10.0,6.0,Deteriorating
SITE0246,7,7,6,7.0,9.5,Deteriorating
SITE0246,8,5,3,11.333333333333334,18.0,Deteriorating
SITE0246,9,3,4,8.857142857142858,11.0,Deteriorating
SITE0246,10,4,3,11.0,8.25,Deteriorating
SITE0246,11,5,5,6.666666666666667,8.0,Deteriorating
SITE0246,12,7,0,9.666666666666666,9.5,Deteriorating
SITE0247,2,2,1,13.0,0.0,Stable
SITE0247,3,2,1,8.5,0.0,Stable
SITE0247,4,3,2,9.5,4.0,Stable
SITE0247,5,2,2,1.0,0.0,Stable
SITE0247,6,0,1,4.0,16.5,Stable
SITE0247,7,2,0,0.0,12.0,Stable
SITE0247,8,1,1,13.0,20.0,Stable
SITE0247,9,1,2,0.0,14.666666666666666,Stable
SITE0247,10,5,0,0.0,11.0,Stable
SITE0247,11,4,0,8.0,12.0,Stable
SITE0247,12,3,0,11.333333333333334,2.0,Stable
SITE0248,1,6,1,8.875,7.0,High Risk
SITE0248,2,8,4,7.125,3.0,High Risk
SITE0248,3,12,7,7.25,12.0,High Risk
SITE0248,4,10,5,8.625,10.0,High Risk
SITE0248,5,10,5,9.0,12.0,High Risk
SITE0248,6,10,6,5.0,9.444444444444445,High Risk
SITE0248,7,5,3,7.428571428571429,5.0,High Risk
SITE0248,8,9,3,8.4,9.571428571428571,High Risk
SITE0248,9,17,5,6.2,6.666666666666667,High Risk
SITE0248,10,7,5,10.5,15.0,High Risk
SITE0248,11,6,6,8.571428571428571,9.333333333333334,High Risk
SITE0248,12,12,2,6.857142857142857,13.714285714285714,High Risk
SITE0249,1,5,1,11.5,0.0,Anomalous
SITE0249,2,1,2,0.0,9.0,Anomalous
SITE0249,3,6,0,3.3333333333333335,10.5,Anomalous
SITE0249,4,3,6,11.25,9.0,Anomalous
SITE0249,5,2,2,1.0,9.25,Anomalous
SITE0249,6,2,4,7.333333333333333,7.333333333333333,Anomalous
SITE0249,7,0,2,8.0,2.0,Anomalous
SITE0249,8,4,3,4.0,8.5,Anomalous
SITE0249,9,17,14,10.375,12.5,Anomalous
SITE0249,10,1,2,11.0,14.0,Anomalous
SITE0249,11,6,1,9.666666666666666,9.5,Anomalous
SITE0249,12,3,4,9.4,16.0,Anomalous
SITE0250,1,4,1,3.0,17.0,Stable
SITE0250,2,3,1,1.0,0.0,Stable
SITE0250,3,0,0,10.0,13.0,Stable
SITE0250,4,1,0,6.0,10.0,Stable
SITE0250,5,1,2,0.0,7.0,Stable
SITE0250,6,2,0,11.0,6.0,Stable
SITE0250,7,0,1,9.0,18.0,Stable
SITE0250,8,3,0,0.0,0.0,Stable
SITE0250,9,1,1,0.0,0.0,Stable
SITE0250,10,1,2,9.0,6.5,Stable
SITE0250,11,3,1,0.0,16.0,Stable
SITE0250,12,3,0,8.6,0.0,Stable
