site_id,monitoring_period,total_adverse_events,serious_adverse_events,severe_adverse_events,average_reported_delay_days,serious_event_rate,severe_event_rate
SITE0001,1,2,0,0,2.0,0.0,0.0
SITE0001,2,1,0,0,3.0,0.0,0.0
SITE0001,3,4,0,0,1.5,0.0,0.0
SITE0001,4,7,1,1,2.7142857142857144,0.14285714285714285,0.14285714285714285
SITE0001,5,13,1,1,1.5384615384615385,0.07692307692307693,0.07692307692307693
SITE0001,6,9,0,0,1.4444444444444444,0.0,0.0
SITE0001,7,13,1,1,2.1538461538461537,0.07692307692307693,0.07692307692307693
SITE0001,8,8,0,0,3.0,0.0,0.0
SITE0001,9,8,0,0,0.75,0.0,0.0
SITE0001,10,16,3,3,2.8125,0.1875,0.1875
SITE0001,11,13,2,2,2.076923076923077,0.15384615384615385,0.15384615384615385
SITE0001,12,47,2,2,1.9574468085106382,0.0425531914893617,0.0425531914893617
SITE0002,1,3,1,1,3.0,0.3333333333333333,0.3333333333333333
SITE0002,3,4,1,1,0.75,0.25,0.25
SITE0002,4,10,1,1,2.4,0.1,0.1
SITE0002,5,7,1,1,2.142857142857143,0.14285714285714285,0.14285714285714285
SITE0002,6,9,0,0,2.7777777777777777,0.0,0.0
SITE0002,7,11,0,0,1.9090909090909092,0.0,0.0
SITE0002,8,13,2,2,2.3076923076923075,0.15384615384615385,0.15384615384615385
SITE0002,9,19,1,1,1.7894736842105263,0.05263157894736842,0.05263157894736842
SITE0002,10,8,0,0,2.375,0.0,0.0
SITE0002,11,15,0,0,1.5333333333333334,0.0,0.0
SITE0002,12,47,3,3,1.6808510638297873,0.06382978723404255,0.06382978723404255
SITE0003,3,3,0,0,3.6666666666666665,0.0,0.0
SITE0003,4,5,0,0,1.8,0.0,0.0
SITE0003,5,6,2,2,1.6666666666666667,0.3333333333333333,0.3333333333333333
SITE0003,6,14,0,0,2.0714285714285716,0.0,0.0
SITE0003,7,12,0,0,1.6666666666666667,0.0,0.0
SITE0003,8,9,0,0,1.1111111111111112,0.0,0.0
SITE0003,9,18,0,0,1.6666666666666667,0.0,0.0
SITE0003,10,11,0,0,2.4545454545454546,0.0,0.0
SITE0003,11,13,1,1,2.0,0.07692307692307693,0.07692307692307693
SITE0003,12,59,2,2,1.7457627118644068,0.03389830508474576,0.03389830508474576
SITE0004,1,1,0,0,0.0,0.0,0.0
SITE0004,2,4,0,0,2.75,0.0,0.0
SITE0004,3,3,0,0,2.3333333333333335,0.0,0.0
SITE0004,4,5,0,0,2.2,0.0,0.0
SITE0004,5,10,0,0,1.7,0.0,0.0
SITE0004,6,2,0,0,2.0,0.0,0.0
SITE0004,7,15,0,0,0.9333333333333333,0.0,0.0
SITE0004,8,9,0,0,1.6666666666666667,0.0,0.0
SITE0004,9,8,1,1,2.75,0.125,0.125
SITE0004,10,8,0,0,1.5,0.0,0.0
SITE0004,11,7,0,0,2.142857142857143,0.0,0.0
SITE0004,12,30,3,3,1.7333333333333334,0.1,0.1
SITE0005,1,1,0,0,2.0,0.0,0.0
SITE0005,2,2,1,1,0.5,0.5,0.5
SITE0005,3,7,0,0,1.8571428571428572,0.0,0.0
SITE0005,4,8,0,0,1.625,0.0,0.0
SITE0005,5,5,0,0,1.0,0.0,0.0
SITE0005,6,12,1,1,1.1666666666666667,0.08333333333333333,0.08333333333333333
SITE0005,7,16,0,0,1.625,0.0,0.0
SITE0005,8,19,1,1,1.631578947368421,0.05263157894736842,0.05263157894736842
SITE0005,9,11,0,0,1.6363636363636365,0.0,0.0
SITE0005,10,16,0,0,1.6875,0.0,0.0
SITE0005,11,16,1,1,2.125,0.0625,0.0625
SITE0005,12,52,3,3,1.8269230769230769,0.057692307692307696,0.057692307692307696
SITE0006,1,2,0,0,1.0,0.0,0.0
SITE0006,2,3,2,2,1.6666666666666667,0.6666666666666666,0.6666666666666666
SITE0006,3,7,0,0,1.4285714285714286,0.0,0.0
SITE0006,4,11,1,1,1.5454545454545454,0.09090909090909091,0.09090909090909091
SITE0006,5,12,0,0,2.0833333333333335,0.0,0.0
SITE0006,6,11,0,0,3.090909090909091,0.0,0.0
SITE0006,7,15,2,2,1.8666666666666667,0.13333333333333333,0.13333333333333333
SITE0006,8,20,1,1,2.4,0.05,0.05
SITE0006,9,19,2,2,2.210526315789474,0.10526315789473684,0.10526315789473684
SITE0006,10,15,0,0,1.6666666666666667,0.0,0.0
SITE0006,11,13,1,1,0.6923076923076923,0.07692307692307693,0.07692307692307693
SITE0006,12,51,5,5,1.5686274509803921,0.09803921568627451,0.09803921568627451
SITE0007,1,1,0,0,1.0,0.0,0.0
SITE0007,2,3,1,1,1.0,0.3333333333333333,0.3333333333333333
SITE0007,3,4,1,1,1.75,0.25,0.25
SITE0007,4,10,1,1,1.6,0.1,0.1
SITE0007,5,8,1,1,3.125,0.125,0.125
SITE0007,6,16,2,2,1.375,0.125,0.125
SITE0007,7,8,0,0,1.625,0.0,0.0
SITE0007,8,10,0,0,1.8,0.0,0.0
SITE0007,9,21,1,1,1.380952380952381,0.047619047619047616,0.047619047619047616
SITE0007,10,14,0,0,1.7142857142857142,0.0,0.0
SITE0007,11,17,0,0,3.2941176470588234,0.0,0.0
SITE0007,12,41,2,2,1.6829268292682926,0.04878048780487805,0.04878048780487805
SITE0008,2,3,0,0,3.0,0.0,0.0
SITE0008,3,3,0,0,2.6666666666666665,0.0,0.0
SITE0008,4,5,0,0,1.4,0.0,0.0
SITE0008,5,8,0,0,1.25,0.0,0.0
SITE0008,6,11,1,1,1.5454545454545454,0.09090909090909091,0.09090909090909091
SITE0008,7,14,0,0,2.0714285714285716,0.0,0.0
SITE0008,8,15,0,0,1.6,0.0,0.0
SITE0008,9,14,2,2,1.2857142857142858,0.14285714285714285,0.14285714285714285
SITE0008,10,15,1,1,1.9333333333333333,0.06666666666666667,0.06666666666666667
SITE0008,11,11,1,1,0.8181818181818182,0.09090909090909091,0.09090909090909091
SITE0008,12,55,3,3,2.0,0.05454545454545454,0.05454545454545454
SITE0009,1,3,0,0,2.6666666666666665,0.0,0.0
SITE0009,2,6,0,0,1.8333333333333333,0.0,0.0
SITE0009,3,9,1,1,1.4444444444444444,0.1111111111111111,0.1111111111111111
SITE0009,4,7,0,0,1.8571428571428572,0.0,0.0
SITE0009,5,9,1,1,1.3333333333333333,0.1111111111111111,0.1111111111111111
SITE0009,6,6,0,0,2.5,0.0,0.0
SITE0009,7,15,2,2,1.3333333333333333,0.13333333333333333,0.13333333333333333
SITE0009,8,12,0,0,0.5833333333333334,0.0,0.0
SITE0009,9,12,0,0,2.5,0.0,0.0
SITE0009,10,15,1,1,3.2,0.06666666666666667,0.06666666666666667
SITE0009,11,16,4,4,2.0,0.25,0.25
SITE0009,12,57,3,3,1.8245614035087718,0.05263157894736842,0.05263157894736842
SITE0010,1,2,0,0,1.0,0.0,0.0
SITE0010,2,2,0,0,3.0,0.0,0.0
SITE0010,3,2,1,1,0.0,0.5,0.5
SITE0010,4,2,0,0,1.5,0.0,0.0
SITE0010,5,8,0,0,2.25,0.0,0.0
SITE0010,6,5,0,0,1.8,0.0,0.0
SITE0010,7,11,0,0,1.9090909090909092,0.0,0.0
SITE0010,8,10,0,0,1.9,0.0,0.0
SITE0010,9,16,3,3,1.5625,0.1875,0.1875
SITE0010,10,13,2,2,1.3076923076923077,0.15384615384615385,0.15384615384615385
SITE0010,11,9,2,2,2.111111111111111,0.2222222222222222,0.2222222222222222
SITE0010,12,42,1,1,2.119047619047619,0.023809523809523808,0.023809523809523808
SITE0011,1,3,0,0,4.333333333333333,0.0,0.0
SITE0011,3,5,1,1,1.6,0.2,0.2
SITE0011,4,5,1,1,1.4,0.2,0.2
SITE0011,5,7,1,1,0.42857142857142855,0.14285714285714285,0.14285714285714285
SITE0011,6,11,0,0,2.0,0.0,0.0
SITE0011,7,16,1,1,2.375,0.0625,0.0625
SITE0011,8,10,0,0,1.1,0.0,0.0
SITE0011,9,6,1,1,1.8333333333333333,0.16666666666666666,0.16666666666666666
SITE0011,10,13,2,2,1.7692307692307692,0.15384615384615385,0.15384615384615385
SITE0011,11,14,1,1,2.642857142857143,0.07142857142857142,0.07142857142857142
SITE0011,12,36,4,4,1.8055555555555556,0.1111111111111111,0.1111111111111111
SITE0012,1,3,0,0,1.3333333333333333,0.0,0.0
SITE0012,2,2,0,0,3.5,0.0,0.0
SITE0012,3,7,0,0,2.142857142857143,0.0,0.0
SITE0012,4,3,1,1,0.6666666666666666,0.3333333333333333,0.3333333333333333
SITE0012,5,13,2,2,1.3076923076923077,0.15384615384615385,0.15384615384615385
SITE0012,6,10,1,1,1.4,0.1,0.1
SITE0012,7,23,1,1,1.5217391304347827,0.043478260869565216,0.043478260869565216
SITE0012,8,16,2,2,1.625,0.125,0.125
SITE0012,9,16,0,0,1.875,0.0,0.0
SITE0012,10,12,0,0,1.8333333333333333,0.0,0.0
SITE0012,11,15,2,2,1.8,0.13333333333333333,0.13333333333333333
SITE0012,12,54,1,1,1.6296296296296295,0.018518518518518517,0.018518518518518517
SITE0013,2,1,0,0,0.0,0.0,0.0
SITE0013,3,5,0,0,1.2,0.0,0.0
SITE0013,4,8,0,0,1.625,0.0,0.0
SITE0013,5,12,1,1,1.8333333333333333,0.08333333333333333,0.08333333333333333
SITE0013,6,12,0,0,2.0833333333333335,0.0,0.0
SITE0013,7,9,1,1,0.7777777777777778,0.1111111111111111,0.1111111111111111
SITE0013,8,10,0,0,1.0,0.0,0.0
SITE0013,9,20,1,1,2.4,0.05,0.05
SITE0013,10,13,0,0,1.6153846153846154,0.0,0.0
SITE0013,11,17,1,1,2.3529411764705883,0.058823529411764705,0.058823529411764705
SITE0013,12,55,0,0,1.6363636363636365,0.0,0.0
SITE0014,1,2,0,0,1.0,0.0,0.0
SITE0014,2,1,0,0,2.0,0.0,0.0
SITE0014,3,7,1,1,1.4285714285714286,0.14285714285714285,0.14285714285714285
SITE0014,4,10,0,0,1.2,0.0,0.0
SITE0014,5,15,3,3,1.8666666666666667,0.2,0.2
SITE0014,6,17,1,1,1.7058823529411764,0.058823529411764705,0.058823529411764705
SITE0014,7,18,0,0,1.3888888888888888,0.0,0.0
SITE0014,8,22,1,1,1.8181818181818181,0.045454545454545456,0.045454545454545456
SITE0014,9,9,1,1,2.3333333333333335,0.1111111111111111,0.1111111111111111
SITE0014,10,16,2,2,1.4375,0.125,0.125
SITE0014,11,12,1,1,1.1666666666666667,0.08333333333333333,0.08333333333333333
SITE0014,12,54,3,3,2.111111111111111,0.05555555555555555,0.05555555555555555
SITE0015,1,1,0,0,1.0,0.0,0.0
SITE0015,2,1,0,0,0.0,0.0,0.0
SITE0015,3,6,0,0,2.0,0.0,0.0
SITE0015,4,7,0,0,1.7142857142857142,0.0,0.0
SITE0015,5,7,1,1,1.2857142857142858,0.14285714285714285,0.14285714285714285
SITE0015,6,7,0,0,1.1428571428571428,0.0,0.0
SITE0015,7,11,2,2,1.7272727272727273,0.18181818181818182,0.18181818181818182
SITE0015,8,13,3,3,1.4615384615384615,0.23076923076923078,0.23076923076923078
SITE0015,9,10,0,0,2.7,0.0,0.0
SITE0015,10,12,0,0,1.75,0.0,0.0
SITE0015,11,17,2,2,1.8823529411764706,0.11764705882352941,0.11764705882352941
SITE0015,12,37,2,2,1.837837837837838,0.05405405405405406,0.05405405405405406
SITE0016,2,3,0,0,2.3333333333333335,0.0,0.0
SITE0016,3,1,0,0,1.0,0.0,0.0
SITE0016,4,4,0,0,1.5,0.0,0.0
SITE0016,5,3,0,0,2.3333333333333335,0.0,0.0
SITE0016,6,4,0,0,1.25,0.0,0.0
SITE0016,7,2,0,0,2.0,0.0,0.0
SITE0016,8,6,0,0,2.6666666666666665,0.0,0.0
SITE0016,9,12,1,1,1.6666666666666667,0.08333333333333333,0.08333333333333333
SITE0016,10,13,0,0,1.9230769230769231,0.0,0.0
SITE0016,11,8,0,0,2.25,0.0,0.0
SITE0016,12,28,4,4,1.4285714285714286,0.14285714285714285,0.14285714285714285
SITE0017,1,4,0,0,1.5,0.0,0.0
SITE0017,2,5,0,0,0.6,0.0,0.0
SITE0017,3,6,0,0,1.8333333333333333,0.0,0.0
SITE0017,4,9,0,0,2.3333333333333335,0.0,0.0
SITE0017,5,10,0,0,2.7,0.0,0.0
SITE0017,6,7,0,0,1.2857142857142858,0.0,0.0
SITE0017,7,15,2,2,2.2666666666666666,0.13333333333333333,0.13333333333333333
SITE0017,8,16,2,2,1.3125,0.125,0.125
SITE0017,9,17,0,0,1.2941176470588236,0.0,0.0
SITE0017,10,18,1,1,2.111111111111111,0.05555555555555555,0.05555555555555555
SITE0017,11,12,0,0,1.3333333333333333,0.0,0.0
SITE0017,12,61,4,4,1.540983606557377,0.06557377049180328,0.06557377049180328
SITE0018,1,1,0,0,0.0,0.0,0.0
SITE0018,3,3,1,1,2.0,0.3333333333333333,0.3333333333333333
SITE0018,4,4,0,0,2.25,0.0,0.0
SITE0018,5,8,1,1,2.125,0.125,0.125
SITE0018,6,3,0,0,3.0,0.0,0.0
SITE0018,7,9,0,0,2.6666666666666665,0.0,0.0
SITE0018,8,14,1,1,1.7142857142857142,0.07142857142857142,0.07142857142857142
SITE0018,9,7,1,1,1.1428571428571428,0.14285714285714285,0.14285714285714285
SITE0018,10,9,0,0,1.6666666666666667,0.0,0.0
SITE0018,11,6,0,0,2.0,0.0,0.0
SITE0018,12,41,0,0,1.7804878048780488,0.0,0.0
SITE0019,3,3,0,0,1.0,0.0,0.0
SITE0019,4,7,0,0,2.2857142857142856,0.0,0.0
SITE0019,5,7,0,0,2.5714285714285716,0.0,0.0
SITE0019,6,9,0,0,1.6666666666666667,0.0,0.0
SITE0019,7,8,0,0,1.25,0.0,0.0
SITE0019,8,8,0,0,1.75,0.0,0.0
SITE0019,9,4,0,0,3.25,0.0,0.0
SITE0019,10,11,1,1,1.9090909090909092,0.09090909090909091,0.09090909090909091
SITE0019,11,17,0,0,2.0,0.0,0.0
SITE0019,12,41,5,5,1.4146341463414633,0.12195121951219512,0.12195121951219512
SITE0020,1,1,0,0,4.0,0.0,0.0
SITE0020,2,3,0,0,2.3333333333333335,0.0,0.0
SITE0020,3,7,0,0,1.1428571428571428,0.0,0.0
SITE0020,4,3,0,0,1.6666666666666667,0.0,0.0
SITE0020,5,10,0,0,0.8,0.0,0.0
SITE0020,6,13,0,0,1.2307692307692308,0.0,0.0
SITE0020,7,11,0,0,0.6363636363636364,0.0,0.0
SITE0020,8,17,1,1,2.0588235294117645,0.058823529411764705,0.058823529411764705
SITE0020,9,10,1,1,2.5,0.1,0.1
SITE0020,10,15,2,2,1.6666666666666667,0.13333333333333333,0.13333333333333333
SITE0020,11,15,1,1,1.5333333333333334,0.06666666666666667,0.06666666666666667
SITE0020,12,32,2,2,2.0,0.0625,0.0625
SITE0021,2,3,0,0,3.0,0.0,0.0
SITE0021,3,7,1,1,1.8571428571428572,0.14285714285714285,0.14285714285714285
SITE0021,4,4,0,0,0.25,0.0,0.0
SITE0021,5,8,0,0,2.125,0.0,0.0
SITE0021,6,12,3,3,2.0,0.25,0.25
SITE0021,7,15,0,0,2.066666666666667,0.0,0.0
SITE0021,8,18,0,0,2.2777777777777777,0.0,0.0
SITE0021,9,21,2,2,2.238095238095238,0.09523809523809523,0.09523809523809523
SITE0021,10,30,2,2,1.6,0.06666666666666667,0.06666666666666667
SITE0021,11,15,2,2,2.0,0.13333333333333333,0.13333333333333333
SITE0021,12,38,1,1,1.5,0.02631578947368421,0.02631578947368421
SITE0022,1,4,0,0,1.0,0.0,0.0
SITE0022,2,3,0,0,3.0,0.0,0.0
SITE0022,3,4,1,1,1.25,0.25,0.25
SITE0022,4,13,0,0,1.8461538461538463,0.0,0.0
SITE0022,5,9,2,2,2.0,0.2222222222222222,0.2222222222222222
SITE0022,6,19,1,1,1.8421052631578947,0.05263157894736842,0.05263157894736842
SITE0022,7,14,1,1,2.142857142857143,0.07142857142857142,0.07142857142857142
SITE0022,8,15,1,1,1.8,0.06666666666666667,0.06666666666666667
SITE0022,9,19,2,2,1.9473684210526316,0.10526315789473684,0.10526315789473684
SITE0022,10,20,1,1,1.5,0.05,0.05
SITE0022,11,10,1,1,1.6,0.1,0.1
SITE0022,12,50,1,1,1.48,0.02,0.02
SITE0023,1,1,0,0,0.0,0.0,0.0
SITE0023,2,4,0,0,2.0,0.0,0.0
SITE0023,3,3,0,0,2.0,0.0,0.0
SITE0023,4,2,0,0,2.0,0.0,0.0
SITE0023,5,6,1,1,2.1666666666666665,0.16666666666666666,0.16666666666666666
SITE0023,6,12,1,1,2.0833333333333335,0.08333333333333333,0.08333333333333333
SITE0023,7,12,2,2,1.6666666666666667,0.16666666666666666,0.16666666666666666
SITE0023,8,10,0,0,2.0,0.0,0.0
SITE0023,9,6,0,0,1.1666666666666667,0.0,0.0
SITE0023,10,19,0,0,2.0,0.0,0.0
SITE0023,11,17,1,1,1.2941176470588236,0.058823529411764705,0.058823529411764705
SITE0023,12,48,1,1,1.9375,0.020833333333333332,0.020833333333333332
SITE0024,1,1,0,0,3.0,0.0,0.0
SITE0024,2,5,0,0,1.6,0.0,0.0
SITE0024,3,7,1,1,2.142857142857143,0.14285714285714285,0.14285714285714285
SITE0024,4,6,0,0,1.3333333333333333,0.0,0.0
SITE0024,5,7,0,0,1.4285714285714286,0.0,0.0
SITE0024,6,17,3,3,1.1764705882352942,0.17647058823529413,0.17647058823529413
SITE0024,7,10,0,0,1.2,0.0,0.0
SITE0024,8,14,1,1,1.5714285714285714,0.07142857142857142,0.07142857142857142
SITE0024,9,16,2,2,1.6875,0.125,0.125
SITE0024,10,14,0,0,1.6428571428571428,0.0,0.0
SITE0024,11,10,2,2,1.8,0.2,0.2
SITE0024,12,30,1,1,1.4,0.03333333333333333,0.03333333333333333
SITE0025,1,1,0,0,2.0,0.0,0.0
SITE0025,2,5,0,0,0.6,0.0,0.0
SITE0025,3,3,0,0,1.0,0.0,0.0
SITE0025,4,4,0,0,0.25,0.0,0.0
SITE0025,5,12,0,0,1.6666666666666667,0.0,0.0
SITE0025,6,11,1,1,1.0,0.09090909090909091,0.09090909090909091
SITE0025,7,16,2,2,1.9375,0.125,0.125
SITE0025,8,17,0,0,2.0,0.0,0.0
SITE0025,9,7,0,0,1.5714285714285714,0.0,0.0
SITE0025,10,11,0,0,2.5454545454545454,0.0,0.0
SITE0025,11,10,1,1,2.4,0.1,0.1
SITE0025,12,49,2,2,1.4285714285714286,0.04081632653061224,0.04081632653061224
SITE0026,2,1,0,0,1.0,0.0,0.0
SITE0026,3,9,1,1,1.4444444444444444,0.1111111111111111,0.1111111111111111
SITE0026,4,7,0,0,1.2857142857142858,0.0,0.0
SITE0026,5,13,0,0,1.1538461538461537,0.0,0.0
SITE0026,6,3,0,0,1.3333333333333333,0.0,0.0
SITE0026,7,11,0,0,1.2727272727272727,0.0,0.0
SITE0026,8,9,0,0,2.2222222222222223,0.0,0.0
SITE0026,9,19,0,0,1.3157894736842106,0.0,0.0
SITE0026,10,18,0,0,1.6111111111111112,0.0,0.0
SITE0026,11,16,3,3,1.9375,0.1875,0.1875
SITE0026,12,56,5,5,1.7857142857142858,0.08928571428571429,0.08928571428571429
SITE0027,2,2,0,0,2.5,0.0,0.0
SITE0027,3,2,0,0,0.0,0.0,0.0
SITE0027,4,7,0,0,2.142857142857143,0.0,0.0
SITE0027,5,8,0,0,1.375,0.0,0.0
SITE0027,6,4,0,0,2.25,0.0,0.0
SITE0027,7,6,0,0,2.1666666666666665,0.0,0.0
SITE0027,8,12,0,0,2.0833333333333335,0.0,0.0
SITE0027,9,13,1,1,1.7692307692307692,0.07692307692307693,0.07692307692307693
SITE0027,10,13,0,0,1.3846153846153846,0.0,0.0
SITE0027,11,7,0,0,1.8571428571428572,0.0,0.0
SITE0027,12,41,3,3,1.4634146341463414,0.07317073170731707,0.07317073170731707
SITE0028,1,2,0,0,1.5,0.0,0.0
SITE0028,2,4,0,0,2.0,0.0,0.0
SITE0028,3,2,0,0,1.0,0.0,0.0
SITE0028,4,4,1,1,1.25,0.25,0.25
SITE0028,5,8,0,0,2.125,0.0,0.0
SITE0028,6,15,1,1,1.1333333333333333,0.06666666666666667,0.06666666666666667
SITE0028,7,10,0,0,1.5,0.0,0.0
SITE0028,8,15,1,1,1.2,0.06666666666666667,0.06666666666666667
SITE0028,9,11,0,0,1.6363636363636365,0.0,0.0
SITE0028,10,9,2,2,2.4444444444444446,0.2222222222222222,0.2222222222222222
SITE0028,11,11,2,2,1.5454545454545454,0.18181818181818182,0.18181818181818182
SITE0028,12,50,2,2,1.7,0.04,0.04
SITE0029,1,2,0,0,1.5,0.0,0.0
SITE0029,2,7,0,0,2.142857142857143,0.0,0.0
SITE0029,3,2,0,0,2.5,0.0,0.0
SITE0029,4,4,0,0,1.5,0.0,0.0
SITE0029,5,9,0,0,1.5555555555555556,0.0,0.0
SITE0029,6,11,0,0,0.8181818181818182,0.0,0.0
SITE0029,7,18,1,1,1.3888888888888888,0.05555555555555555,0.05555555555555555
SITE0029,8,17,2,2,1.8235294117647058,0.11764705882352941,0.11764705882352941
SITE0029,9,17,1,1,1.8235294117647058,0.058823529411764705,0.058823529411764705
SITE0029,10,18,1,1,1.3333333333333333,0.05555555555555555,0.05555555555555555
SITE0029,11,23,0,0,1.9130434782608696,0.0,0.0
SITE0029,12,50,2,2,1.48,0.04,0.04
SITE0030,1,1,0,0,0.0,0.0,0.0
SITE0030,2,4,1,1,2.25,0.25,0.25
SITE0030,3,2,0,0,1.0,0.0,0.0
SITE0030,4,11,0,0,1.9090909090909092,0.0,0.0
SITE0030,5,13,1,1,1.1538461538461537,0.07692307692307693,0.07692307692307693
SITE0030,6,11,1,1,1.0,0.09090909090909091,0.09090909090909091
SITE0030,7,9,2,2,2.0,0.2222222222222222,0.2222222222222222
SITE0030,8,24,1,1,1.5,0.041666666666666664,0.041666666666666664
SITE0030,9,13,0,0,2.076923076923077,0.0,0.0
SITE0030,10,15,0,0,1.8,0.0,0.0
SITE0030,11,11,0,0,1.2727272727272727,0.0,0.0
SITE0030,12,60,5,5,1.9833333333333334,0.08333333333333333,0.08333333333333333
SITE0031,1,1,0,0,3.0,0.0,0.0
SITE0031,2,1,0,0,0.0,0.0,0.0
SITE0031,3,4,0,0,0.5,0.0,0.0
SITE0031,4,2,1,1,2.5,0.5,0.5
SITE0031,5,8,0,0,1.25,0.0,0.0
SITE0031,6,10,0,0,2.8,0.0,0.0
SITE0031,7,10,0,0,1.7,0.0,0.0
SITE0031,8,8,1,1,1.75,0.125,0.125
SITE0031,9,16,1,1,1.5,0.0625,0.0625
SITE0031,10,9,0,0,2.2222222222222223,0.0,0.0
SITE0031,11,15,1,1,2.0,0.06666666666666667,0.06666666666666667
SITE0031,12,30,1,1,2.1,0.03333333333333333,0.03333333333333333
SITE0032,2,5,0,0,2.2,0.0,0.0
SITE0032,3,4,0,0,2.25,0.0,0.0
SITE0032,4,11,1,1,1.7272727272727273,0.09090909090909091,0.09090909090909091
SITE0032,5,11,1,1,1.0909090909090908,0.09090909090909091,0.09090909090909091
SITE0032,6,11,0,0,1.2727272727272727,0.0,0.0
SITE0032,7,12,1,1,2.0,0.08333333333333333,0.08333333333333333
SITE0032,8,16,0,0,1.4375,0.0,0.0
SITE0032,9,24,1,1,2.0833333333333335,0.041666666666666664,0.041666666666666664
SITE0032,10,6,0,0,2.5,0.0,0.0
SITE0032,11,15,1,1,2.4,0.06666666666666667,0.06666666666666667
SITE0032,12,57,5,5,1.9298245614035088,0.08771929824561403,0.08771929824561403
SITE0033,2,1,1,1,2.0,1.0,1.0
SITE0033,3,3,1,1,1.0,0.3333333333333333,0.3333333333333333
SITE0033,4,5,0,0,1.6,0.0,0.0
SITE0033,5,8,0,0,2.125,0.0,0.0
SITE0033,6,12,1,1,1.25,0.08333333333333333,0.08333333333333333
SITE0033,7,13,1,1,0.6923076923076923,0.07692307692307693,0.07692307692307693
SITE0033,8,14,0,0,1.7142857142857142,0.0,0.0
SITE0033,9,7,0,0,2.142857142857143,0.0,0.0
SITE0033,10,8,0,0,2.375,0.0,0.0
SITE0033,11,10,1,1,0.9,0.1,0.1
SITE0033,12,23,2,2,2.0434782608695654,0.08695652173913043,0.08695652173913043
SITE0034,1,2,0,0,2.5,0.0,0.0
SITE0034,2,2,0,0,3.5,0.0,0.0
SITE0034,3,5,1,1,1.4,0.2,0.2
SITE0034,4,3,1,1,2.6666666666666665,0.3333333333333333,0.3333333333333333
SITE0034,5,5,0,0,0.4,0.0,0.0
SITE0034,6,4,0,0,1.75,0.0,0.0
SITE0034,7,6,1,1,1.6666666666666667,0.16666666666666666,0.16666666666666666
SITE0034,8,12,1,1,1.6666666666666667,0.08333333333333333,0.08333333333333333
SITE0034,9,13,0,0,1.2307692307692308,0.0,0.0
SITE0034,10,11,0,0,1.6363636363636365,0.0,0.0
SITE0034,11,16,1,1,2.0,0.0625,0.0625
SITE0034,12,41,2,2,1.5853658536585367,0.04878048780487805,0.04878048780487805
SITE0035,2,4,0,0,1.0,0.0,0.0
SITE0035,3,3,0,0,2.0,0.0,0.0
SITE0035,4,5,0,0,2.8,0.0,0.0
SITE0035,5,5,0,0,2.0,0.0,0.0
SITE0035,6,8,0,0,1.125,0.0,0.0
SITE0035,7,11,0,0,2.272727272727273,0.0,0.0
SITE0035,8,12,0,0,1.9166666666666667,0.0,0.0
SITE0035,9,13,0,0,1.6153846153846154,0.0,0.0
SITE0035,10,10,0,0,1.8,0.0,0.0
SITE0035,11,6,0,0,1.1666666666666667,0.0,0.0
SITE0035,12,36,1,1,1.6666666666666667,0.027777777777777776,0.027777777777777776
SITE0036,2,1,0,0,1.0,0.0,0.0
SITE0036,3,4,0,0,2.5,0.0,0.0
SITE0036,4,11,1,1,1.3636363636363635,0.09090909090909091,0.09090909090909091
SITE0036,5,17,0,0,2.0,0.0,0.0
SITE0036,6,11,0,0,1.0,0.0,0.0
SITE0036,7,12,1,1,2.0833333333333335,0.08333333333333333,0.08333333333333333
SITE0036,8,13,0,0,2.769230769230769,0.0,0.0
SITE0036,9,16,0,0,2.4375,0.0,0.0
SITE0036,10,19,0,0,1.4210526315789473,0.0,0.0
SITE0036,11,12,1,1,1.75,0.08333333333333333,0.08333333333333333
SITE0036,12,53,3,3,1.9622641509433962,0.05660377358490566,0.05660377358490566
SITE0037,1,2,1,1,2.5,0.5,0.5
SITE0037,2,3,1,1,2.6666666666666665,0.3333333333333333,0.3333333333333333
SITE0037,3,3,0,0,2.6666666666666665,0.0,0.0
SITE0037,4,6,0,0,1.5,0.0,0.0
SITE0037,5,5,0,0,2.0,0.0,0.0
SITE0037,6,4,1,1,1.25,0.25,0.25
SITE0037,7,5,0,0,2.4,0.0,0.0
SITE0037,8,7,0,0,1.8571428571428572,0.0,0.0
SITE0037,9,7,0,0,1.8571428571428572,0.0,0.0
SITE0037,10,8,0,0,2.0,0.0,0.0
SITE0037,11,13,1,1,2.0,0.07692307692307693,0.07692307692307693
SITE0037,12,34,1,1,1.7647058823529411,0.029411764705882353,0.029411764705882353
SITE0038,2,3,0,0,0.6666666666666666,0.0,0.0
SITE0038,3,9,1,1,1.2222222222222223,0.1111111111111111,0.1111111111111111
SITE0038,4,7,0,0,1.1428571428571428,0.0,0.0
SITE0038,5,11,0,0,1.1818181818181819,0.0,0.0
SITE0038,6,9,0,0,1.6666666666666667,0.0,0.0
SITE0038,7,15,1,1,1.2666666666666666,0.06666666666666667,0.06666666666666667
SITE0038,8,16,2,2,1.5,0.125,0.125
SITE0038,9,14,1,1,1.2142857142857142,0.07142857142857142,0.07142857142857142
SITE0038,10,9,0,0,1.4444444444444444,0.0,0.0
SITE0038,11,23,0,0,1.826086956521739,0.0,0.0
SITE0038,12,52,1,1,1.4230769230769231,0.019230769230769232,0.019230769230769232
SITE0039,3,7,0,0,2.857142857142857,0.0,0.0
SITE0039,4,6,0,0,2.3333333333333335,0.0,0.0
SITE0039,5,8,0,0,0.75,0.0,0.0
SITE0039,6,8,0,0,2.0,0.0,0.0
SITE0039,7,9,0,0,2.0,0.0,0.0
SITE0039,8,14,1,1,1.7857142857142858,0.07142857142857142,0.07142857142857142
SITE0039,9,11,3,3,1.8181818181818181,0.2727272727272727,0.2727272727272727
SITE0039,10,11,1,1,1.6363636363636365,0.09090909090909091,0.09090909090909091
SITE0039,11,15,1,1,1.6,0.06666666666666667,0.06666666666666667
SITE0039,12,51,1,1,1.7450980392156863,0.0196078431372549,0.0196078431372549
SITE0040,1,1,0,0,1.0,0.0,0.0
SITE0040,2,1,0,0,4.0,0.0,0.0
SITE0040,3,3,0,0,1.3333333333333333,0.0,0.0
SITE0040,4,7,0,0,2.142857142857143,0.0,0.0
SITE0040,5,7,0,0,2.4285714285714284,0.0,0.0
SITE0040,6,13,0,0,1.3846153846153846,0.0,0.0
SITE0040,7,5,0,0,1.4,0.0,0.0
SITE0040,8,11,1,1,1.4545454545454546,0.09090909090909091,0.09090909090909091
SITE0040,9,11,0,0,1.5454545454545454,0.0,0.0
SITE0040,10,11,0,0,1.2727272727272727,0.0,0.0
SITE0040,11,8,1,1,1.75,0.125,0.125
SITE0040,12,32,2,2,1.6875,0.0625,0.0625
SITE0041,1,1,0,0,1.0,0.0,0.0
SITE0041,2,4,0,0,0.75,0.0,0.0
SITE0041,3,3,0,0,1.0,0.0,0.0
SITE0041,4,4,0,0,1.5,0.0,0.0
SITE0041,5,7,0,0,1.5714285714285714,0.0,0.0
SITE0041,6,10,0,0,1.7,0.0,0.0
SITE0041,7,14,1,1,0.9285714285714286,0.07142857142857142,0.07142857142857142
SITE0041,8,9,0,0,1.0,0.0,0.0
SITE0041,9,18,0,0,1.4444444444444444,0.0,0.0
SITE0041,10,10,1,1,1.3,0.1,0.1
SITE0041,11,15,1,1,1.4666666666666666,0.06666666666666667,0.06666666666666667
SITE0041,12,50,3,3,1.8,0.06,0.06
SITE0042,2,1,0,0,5.0,0.0,0.0
SITE0042,3,6,0,0,2.5,0.0,0.0
SITE0042,4,6,1,1,3.3333333333333335,0.16666666666666666,0.16666666666666666
SITE0042,5,9,1,1,2.2222222222222223,0.1111111111111111,0.1111111111111111
SITE0042,6,8,0,0,2.25,0.0,0.0
SITE0042,7,9,0,0,1.4444444444444444,0.0,0.0
SITE0042,8,13,0,0,2.0,0.0,0.0
SITE0042,9,8,0,0,0.875,0.0,0.0
SITE0042,10,11,0,0,2.0,0.0,0.0
SITE0042,11,4,1,1,2.75,0.25,0.25
SITE0042,12,31,0,0,1.7741935483870968,0.0,0.0
SITE0043,1,1,0,0,2.0,0.0,0.0
SITE0043,3,6,1,1,1.6666666666666667,0.16666666666666666,0.16666666666666666
SITE0043,4,4,0,0,2.0,0.0,0.0
SITE0043,5,9,0,0,1.4444444444444444,0.0,0.0
SITE0043,6,2,0,0,2.5,0.0,0.0
SITE0043,7,11,0,0,2.1818181818181817,0.0,0.0
SITE0043,8,14,0,0,1.5,0.0,0.0
SITE0043,9,10,0,0,2.1,0.0,0.0
SITE0043,10,6,0,0,2.0,0.0,0.0
SITE0043,11,7,0,0,1.1428571428571428,0.0,0.0
SITE0043,12,42,0,0,1.5476190476190477,0.0,0.0
SITE0044,1,1,0,0,1.0,0.0,0.0
SITE0044,2,5,2,2,1.4,0.4,0.4
SITE0044,3,10,0,0,2.1,0.0,0.0
SITE0044,4,7,0,0,1.2857142857142858,0.0,0.0
SITE0044,5,9,0,0,2.111111111111111,0.0,0.0
SITE0044,6,10,1,1,1.0,0.1,0.1
SITE0044,7,25,0,0,1.84,0.0,0.0
SITE0044,8,22,1,1,2.3636363636363638,0.045454545454545456,0.045454545454545456
SITE0044,9,12,2,2,2.1666666666666665,0.16666666666666666,0.16666666666666666
SITE0044,10,13,0,0,0.9230769230769231,0.0,0.0
SITE0044,11,18,1,1,1.8888888888888888,0.05555555555555555,0.05555555555555555
SITE0044,12,49,1,1,1.9387755102040816,0.02040816326530612,0.02040816326530612
SITE0045,2,2,0,0,3.5,0.0,0.0
SITE0045,3,2,1,1,1.0,0.5,0.5
SITE0045,4,6,1,1,0.6666666666666666,0.16666666666666666,0.16666666666666666
SITE0045,5,6,0,0,2.3333333333333335,0.0,0.0
SITE0045,6,5,0,0,2.2,0.0,0.0
SITE0045,7,17,1,1,1.4705882352941178,0.058823529411764705,0.058823529411764705
SITE0045,8,13,2,2,1.7692307692307692,0.15384615384615385,0.15384615384615385
SITE0045,9,11,0,0,2.1818181818181817,0.0,0.0
SITE0045,10,13,2,2,1.5384615384615385,0.15384615384615385,0.15384615384615385
SITE0045,11,9,0,0,1.8888888888888888,0.0,0.0
SITE0045,12,37,2,2,1.5405405405405406,0.05405405405405406,0.05405405405405406
SITE0046,2,2,0,0,2.5,0.0,0.0
SITE0046,3,2,0,0,0.0,0.0,0.0
SITE0046,4,2,1,1,2.0,0.5,0.5
SITE0046,5,5,0,0,2.2,0.0,0.0
SITE0046,6,7,0,0,1.4285714285714286,0.0,0.0
SITE0046,7,9,0,0,1.2222222222222223,0.0,0.0
SITE0046,8,8,1,1,1.75,0.125,0.125
SITE0046,9,11,0,0,1.2727272727272727,0.0,0.0
SITE0046,10,6,0,0,3.0,0.0,0.0
SITE0046,11,9,0,0,2.2222222222222223,0.0,0.0
SITE0046,12,36,3,3,1.2777777777777777,0.08333333333333333,0.08333333333333333
SITE0047,1,2,0,0,4.5,0.0,0.0
SITE0047,2,2,0,0,1.0,0.0,0.0
SITE0047,3,10,1,1,1.6,0.1,0.1
SITE0047,4,4,0,0,1.0,0.0,0.0
SITE0047,5,10,1,1,2.1,0.1,0.1
SITE0047,6,9,0,0,2.111111111111111,0.0,0.0
SITE0047,7,13,1,1,2.230769230769231,0.07692307692307693,0.07692307692307693
SITE0047,8,19,0,0,2.3157894736842106,0.0,0.0
SITE0047,9,12,0,0,2.5,0.0,0.0
SITE0047,10,19,1,1,1.8421052631578947,0.05263157894736842,0.05263157894736842
SITE0047,11,19,2,2,1.8421052631578947,0.10526315789473684,0.10526315789473684
SITE0047,12,53,4,4,1.5849056603773586,0.07547169811320754,0.07547169811320754
SITE0048,1,1,0,0,1.0,0.0,0.0
SITE0048,2,1,0,0,2.0,0.0,0.0
SITE0048,3,3,0,0,2.3333333333333335,0.0,0.0
SITE0048,4,6,1,1,1.8333333333333333,0.16666666666666666,0.16666666666666666
SITE0048,5,6,0,0,2.0,0.0,0.0
SITE0048,6,3,0,0,1.0,0.0,0.0
SITE0048,7,5,1,1,1.2,0.2,0.2
SITE0048,8,11,0,0,2.4545454545454546,0.0,0.0
SITE0048,9,11,2,2,1.7272727272727273,0.18181818181818182,0.18181818181818182
SITE0048,10,9,0,0,1.2222222222222223,0.0,0.0
SITE0048,11,5,0,0,1.6,0.0,0.0
SITE0048,12,21,3,3,1.4761904761904763,0.14285714285714285,0.14285714285714285
SITE0049,3,5,0,0,1.4,0.0,0.0
SITE0049,4,10,0,0,1.8,0.0,0.0
SITE0049,5,6,0,0,0.6666666666666666,0.0,0.0
SITE0049,6,14,0,0,1.7857142857142858,0.0,0.0
SITE0049,7,19,1,1,2.1578947368421053,0.05263157894736842,0.05263157894736842
SITE0049,8,13,1,1,1.4615384615384615,0.07692307692307693,0.07692307692307693
SITE0049,9,24,2,2,1.125,0.08333333333333333,0.08333333333333333
SITE0049,10,16,0,0,2.25,0.0,0.0
SITE0049,11,16,2,2,2.4375,0.125,0.125
SITE0049,12,48,4,4,1.75,0.08333333333333333,0.08333333333333333
SITE0050,1,2,0,0,1.0,0.0,0.0
SITE0050,2,2,1,1,1.5,0.5,0.5
SITE0050,3,5,0,0,1.6,0.0,0.0
SITE0050,4,9,0,0,1.4444444444444444,0.0,0.0
SITE0050,5,11,0,0,1.4545454545454546,0.0,0.0
SITE0050,6,9,1,1,1.5555555555555556,0.1111111111111111,0.1111111111111111
SITE0050,7,9,0,0,0.7777777777777778,0.0,0.0
SITE0050,8,10,1,1,2.3,0.1,0.1
SITE0050,9,5,0,0,0.2,0.0,0.0
SITE0050,10,18,1,1,1.1666666666666667,0.05555555555555555,0.05555555555555555
SITE0050,11,19,1,1,2.4210526315789473,0.05263157894736842,0.05263157894736842
SITE0050,12,39,2,2,2.0256410256410255,0.05128205128205128,0.05128205128205128
SITE0051,1,2,1,1,2.0,0.5,0.5
SITE0051,2,5,0,0,1.0,0.0,0.0
SITE0051,3,1,0,0,2.0,0.0,0.0
SITE0051,4,5,0,0,1.2,0.0,0.0
SITE0051,5,2,0,0,1.5,0.0,0.0
SITE0051,6,12,1,1,1.9166666666666667,0.08333333333333333,0.08333333333333333
SITE0051,7,13,0,0,1.6153846153846154,0.0,0.0
SITE0051,8,17,0,0,1.7058823529411764,0.0,0.0
SITE0051,9,9,0,0,2.111111111111111,0.0,0.0
SITE0051,10,11,1,1,1.4545454545454546,0.09090909090909091,0.09090909090909091
SITE0051,11,8,0,0,1.125,0.0,0.0
SITE0051,12,52,2,2,1.3846153846153846,0.038461538461538464,0.038461538461538464
SITE0052,2,2,0,0,3.0,0.0,0.0
SITE0052,3,3,0,0,1.6666666666666667,0.0,0.0
SITE0052,4,7,0,0,0.5714285714285714,0.0,0.0
SITE0052,5,9,0,0,2.0,0.0,0.0
SITE0052,6,10,1,1,0.9,0.1,0.1
SITE0052,7,13,1,1,1.3846153846153846,0.07692307692307693,0.07692307692307693
SITE0052,8,16,0,0,1.3125,0.0,0.0
SITE0052,9,16,2,2,1.375,0.125,0.125
SITE0052,10,21,1,1,2.4285714285714284,0.047619047619047616,0.047619047619047616
SITE0052,11,16,3,3,1.875,0.1875,0.1875
SITE0052,12,41,5,5,1.7804878048780488,0.12195121951219512,0.12195121951219512
SITE0053,1,1,0,0,0.0,0.0,0.0
SITE0053,2,3,1,1,2.3333333333333335,0.3333333333333333,0.3333333333333333
SITE0053,3,3,0,0,1.6666666666666667,0.0,0.0
SITE0053,4,3,0,0,3.6666666666666665,0.0,0.0
SITE0053,5,7,1,1,2.0,0.14285714285714285,0.14285714285714285
SITE0053,6,17,0,0,2.2941176470588234,0.0,0.0
SITE0053,7,16,1,1,1.375,0.0625,0.0625
SITE0053,8,13,1,1,1.4615384615384615,0.07692307692307693,0.07692307692307693
SITE0053,9,22,0,0,2.1818181818181817,0.0,0.0
SITE0053,10,12,1,1,2.0833333333333335,0.08333333333333333,0.08333333333333333
SITE0053,11,17,1,1,1.3529411764705883,0.058823529411764705,0.058823529411764705
SITE0053,12,47,5,5,1.8936170212765957,0.10638297872340426,0.10638297872340426
SITE0054,2,1,0,0,2.0,0.0,0.0
SITE0054,3,1,0,0,0.0,0.0,0.0
SITE0054,4,7,0,0,3.5714285714285716,0.0,0.0
SITE0054,5,5,1,1,1.2,0.2,0.2
SITE0054,6,7,0,0,0.5714285714285714,0.0,0.0
SITE0054,7,10,0,0,1.4,0.0,0.0
SITE0054,8,10,2,2,2.2,0.2,0.2
SITE0054,9,7,0,0,1.0,0.0,0.0
SITE0054,10,8,0,0,2.0,0.0,0.0
SITE0054,11,10,0,0,2.1,0.0,0.0
SITE0054,12,40,2,2,1.775,0.05,0.05
SITE0055,1,3,0,0,1.6666666666666667,0.0,0.0
SITE0055,2,3,0,0,1.6666666666666667,0.0,0.0
SITE0055,3,6,0,0,1.3333333333333333,0.0,0.0
SITE0055,4,11,0,0,1.4545454545454546,0.0,0.0
SITE0055,5,7,0,0,2.2857142857142856,0.0,0.0
SITE0055,6,15,0,0,2.1333333333333333,0.0,0.0
SITE0055,7,15,1,1,1.0,0.06666666666666667,0.06666666666666667
SITE0055,8,18,0,0,1.7777777777777777,0.0,0.0
SITE0055,9,23,0,0,1.3478260869565217,0.0,0.0
SITE0055,10,12,0,0,2.75,0.0,0.0
SITE0055,11,17,0,0,1.4705882352941178,0.0,0.0
SITE0055,12,49,0,0,1.2857142857142858,0.0,0.0
SITE0056,1,1,0,0,2.0,0.0,0.0
SITE0056,2,3,0,0,3.0,0.0,0.0
SITE0056,3,8,1,1,2.5,0.125,0.125
SITE0056,4,4,0,0,2.25,0.0,0.0
SITE0056,5,12,0,0,1.9166666666666667,0.0,0.0
SITE0056,6,9,0,0,1.7777777777777777,0.0,0.0
SITE0056,7,15,2,2,1.4,0.13333333333333333,0.13333333333333333
SITE0056,8,16,2,2,1.4375,0.125,0.125
SITE0056,9,19,2,2,1.263157894736842,0.10526315789473684,0.10526315789473684
SITE0056,10,12,0,0,1.5,0.0,0.0
SITE0056,11,19,2,2,1.263157894736842,0.10526315789473684,0.10526315789473684
SITE0056,12,60,1,1,1.9166666666666667,0.016666666666666666,0.016666666666666666
SITE0057,2,3,0,0,3.0,0.0,0.0
SITE0057,3,2,0,0,2.0,0.0,0.0
SITE0057,4,8,0,0,1.625,0.0,0.0
SITE0057,5,4,0,0,2.75,0.0,0.0
SITE0057,6,15,2,2,2.2666666666666666,0.13333333333333333,0.13333333333333333
SITE0057,7,9,0,0,1.5555555555555556,0.0,0.0
SITE0057,8,17,1,1,1.2352941176470589,0.058823529411764705,0.058823529411764705
SITE0057,9,14,0,0,1.3571428571428572,0.0,0.0
SITE0057,10,17,0,0,1.4705882352941178,0.0,0.0
SITE0057,11,12,1,1,1.5,0.08333333333333333,0.08333333333333333
SITE0057,12,37,2,2,2.081081081081081,0.05405405405405406,0.05405405405405406
SITE0058,1,2,0,0,1.0,0.0,0.0
SITE0058,2,2,0,0,2.5,0.0,0.0
SITE0058,3,5,0,0,1.0,0.0,0.0
SITE0058,4,9,0,0,2.111111111111111,0.0,0.0
SITE0058,5,12,2,2,1.5833333333333333,0.16666666666666666,0.16666666666666666
SITE0058,6,11,0,0,2.090909090909091,0.0,0.0
SITE0058,7,14,1,1,2.2142857142857144,0.07142857142857142,0.07142857142857142
SITE0058,8,10,1,1,2.0,0.1,0.1
SITE0058,9,16,5,5,1.8125,0.3125,0.3125
SITE0058,10,9,1,1,2.3333333333333335,0.1111111111111111,0.1111111111111111
SITE0058,11,9,1,1,0.4444444444444444,0.1111111111111111,0.1111111111111111
SITE0058,12,40,3,3,1.575,0.075,0.075
SITE0059,2,4,1,1,1.0,0.25,0.25
SITE0059,3,4,2,2,1.75,0.5,0.5
SITE0059,4,4,0,0,1.25,0.0,0.0
SITE0059,5,12,1,1,2.0833333333333335,0.08333333333333333,0.08333333333333333
SITE0059,6,6,2,2,1.8333333333333333,0.3333333333333333,0.3333333333333333
SITE0059,7,9,0,0,1.3333333333333333,0.0,0.0
SITE0059,8,13,1,1,1.4615384615384615,0.07692307692307693,0.07692307692307693
SITE0059,9,19,2,2,1.0,0.10526315789473684,0.10526315789473684
SITE0059,10,18,0,0,1.5555555555555556,0.0,0.0
SITE0059,11,12,0,0,1.25,0.0,0.0
SITE0059,12,52,2,2,1.5,0.038461538461538464,0.038461538461538464
SITE0060,1,1,0,0,5.0,0.0,0.0
SITE0060,2,1,0,0,1.0,0.0,0.0
SITE0060,3,3,0,0,1.6666666666666667,0.0,0.0
SITE0060,4,7,0,0,2.2857142857142856,0.0,0.0
SITE0060,5,15,0,0,1.3333333333333333,0.0,0.0
SITE0060,6,12,1,1,2.1666666666666665,0.08333333333333333,0.08333333333333333
SITE0060,7,10,0,0,2.3,0.0,0.0
SITE0060,8,11,0,0,1.0909090909090908,0.0,0.0
SITE0060,9,16,0,0,1.625,0.0,0.0
SITE0060,10,10,1,1,2.2,0.1,0.1
SITE0060,11,16,2,2,1.4375,0.125,0.125
SITE0060,12,68,3,3,1.8823529411764706,0.04411764705882353,0.04411764705882353
SITE0061,2,1,0,0,0.0,0.0,0.0
SITE0061,3,3,1,1,2.0,0.3333333333333333,0.3333333333333333
SITE0061,4,4,0,0,1.0,0.0,0.0
SITE0061,5,8,0,0,0.875,0.0,0.0
SITE0061,6,9,0,0,1.4444444444444444,0.0,0.0
SITE0061,7,8,0,0,1.625,0.0,0.0
SITE0061,8,13,2,2,1.5384615384615385,0.15384615384615385,0.15384615384615385
SITE0061,9,11,0,0,0.6363636363636364,0.0,0.0
SITE0061,10,18,2,2,1.8888888888888888,0.1111111111111111,0.1111111111111111
SITE0061,11,13,1,1,1.8461538461538463,0.07692307692307693,0.07692307692307693
SITE0061,12,44,2,2,1.6818181818181819,0.045454545454545456,0.045454545454545456
SITE0062,2,6,0,0,2.1666666666666665,0.0,0.0
SITE0062,3,8,0,0,1.75,0.0,0.0
SITE0062,4,10,0,0,1.5,0.0,0.0
SITE0062,5,10,0,0,1.9,0.0,0.0
SITE0062,6,12,2,2,1.5,0.16666666666666666,0.16666666666666666
SITE0062,7,14,1,1,1.9285714285714286,0.07142857142857142,0.07142857142857142
SITE0062,8,21,1,1,1.5714285714285714,0.047619047619047616,0.047619047619047616
SITE0062,9,23,0,0,1.9565217391304348,0.0,0.0
SITE0062,10,10,0,0,3.1,0.0,0.0
SITE0062,11,14,0,0,1.7142857142857142,0.0,0.0
SITE0062,12,57,2,2,1.8245614035087718,0.03508771929824561,0.03508771929824561
SITE0063,2,3,1,1,2.6666666666666665,0.3333333333333333,0.3333333333333333
SITE0063,3,6,0,0,0.16666666666666666,0.0,0.0
SITE0063,4,4,1,1,0.75,0.25,0.25
SITE0063,5,8,1,1,1.5,0.125,0.125
SITE0063,6,14,0,0,1.4285714285714286,0.0,0.0
SITE0063,7,22,2,2,1.4090909090909092,0.09090909090909091,0.09090909090909091
SITE0063,8,19,0,0,1.4210526315789473,0.0,0.0
SITE0063,9,15,2,2,1.3333333333333333,0.13333333333333333,0.13333333333333333
SITE0063,10,22,1,1,1.9545454545454546,0.045454545454545456,0.045454545454545456
SITE0063,11,19,1,1,2.3157894736842106,0.05263157894736842,0.05263157894736842
SITE0063,12,49,2,2,1.6938775510204083,0.04081632653061224,0.04081632653061224
SITE0064,1,1,0,0,0.0,0.0,0.0
SITE0064,3,3,0,0,1.0,0.0,0.0
SITE0064,4,5,0,0,1.6,0.0,0.0
SITE0064,5,5,0,0,0.6,0.0,0.0
SITE0064,6,9,1,1,2.3333333333333335,0.1111111111111111,0.1111111111111111
SITE0064,7,16,0,0,1.25,0.0,0.0
SITE0064,8,24,0,0,1.7916666666666667,0.0,0.0
SITE0064,9,12,1,1,1.5,0.08333333333333333,0.08333333333333333
SITE0064,10,14,3,3,1.7142857142857142,0.21428571428571427,0.21428571428571427
SITE0064,11,11,2,2,1.2727272727272727,0.18181818181818182,0.18181818181818182
SITE0064,12,59,3,3,2.0,0.05084745762711865,0.05084745762711865
SITE0065,1,1,0,0,0.0,0.0,0.0
SITE0065,2,2,0,0,1.0,0.0,0.0
SITE0065,3,5,1,1,1.2,0.2,0.2
SITE0065,4,9,0,0,2.7777777777777777,0.0,0.0
SITE0065,5,10,0,0,1.9,0.0,0.0
SITE0065,6,9,2,2,1.2222222222222223,0.2222222222222222,0.2222222222222222
SITE0065,7,14,0,0,1.2142857142857142,0.0,0.0
SITE0065,8,18,0,0,1.8333333333333333,0.0,0.0
SITE0065,9,12,1,1,2.0833333333333335,0.08333333333333333,0.08333333333333333
SITE0065,10,9,0,0,2.0,0.0,0.0
SITE0065,11,10,0,0,1.5,0.0,0.0
SITE0065,12,49,2,2,1.653061224489796,0.04081632653061224,0.04081632653061224
SITE0066,1,2,0,0,3.5,0.0,0.0
SITE0066,2,4,0,0,1.75,0.0,0.0
SITE0066,3,6,0,0,2.5,0.0,0.0
SITE0066,4,6,1,1,1.0,0.16666666666666666,0.16666666666666666
SITE0066,5,11,0,0,1.6363636363636365,0.0,0.0
SITE0066,6,7,1,1,2.4285714285714284,0.14285714285714285,0.14285714285714285
SITE0066,7,10,0,0,1.8,0.0,0.0
SITE0066,8,21,2,2,1.6666666666666667,0.09523809523809523,0.09523809523809523
SITE0066,9,9,1,1,3.0,0.1111111111111111,0.1111111111111111
SITE0066,10,13,3,3,1.5384615384615385,0.23076923076923078,0.23076923076923078
SITE0066,11,13,0,0,1.7692307692307692,0.0,0.0
SITE0066,12,45,3,3,1.8888888888888888,0.06666666666666667,0.06666666666666667
SITE0067,1,3,1,1,4.666666666666667,0.3333333333333333,0.3333333333333333
SITE0067,2,2,0,0,4.5,0.0,0.0
SITE0067,3,4,0,0,2.0,0.0,0.0
SITE0067,4,6,1,1,2.0,0.16666666666666666,0.16666666666666666
SITE0067,5,8,0,0,1.125,0.0,0.0
SITE0067,6,8,1,1,2.125,0.125,0.125
SITE0067,7,11,0,0,1.7272727272727273,0.0,0.0
SITE0067,8,19,0,0,2.1578947368421053,0.0,0.0
SITE0067,9,18,2,2,1.3333333333333333,0.1111111111111111,0.1111111111111111
SITE0067,10,15,1,1,1.4,0.06666666666666667,0.06666666666666667
SITE0067,11,18,0,0,1.8333333333333333,0.0,0.0
SITE0067,12,49,4,4,1.3061224489795917,0.08163265306122448,0.08163265306122448
SITE0068,1,2,0,0,1.5,0.0,0.0
SITE0068,2,3,0,0,0.3333333333333333,0.0,0.0
SITE0068,3,5,0,0,3.6,0.0,0.0
SITE0068,4,10,0,0,1.3,0.0,0.0
SITE0068,5,6,0,0,1.6666666666666667,0.0,0.0
SITE0068,6,12,0,0,1.5,0.0,0.0
SITE0068,7,11,1,1,1.1818181818181819,0.09090909090909091,0.09090909090909091
SITE0068,8,11,1,1,1.5454545454545454,0.09090909090909091,0.09090909090909091
SITE0068,9,12,0,0,2.0833333333333335,0.0,0.0
SITE0068,10,14,0,0,1.8571428571428572,0.0,0.0
SITE0068,11,17,0,0,1.588235294117647,0.0,0.0
SITE0068,12,42,5,5,1.0952380952380953,0.11904761904761904,0.11904761904761904
SITE0069,1,1,0,0,2.0,0.0,0.0
SITE0069,2,3,1,1,2.6666666666666665,0.3333333333333333,0.3333333333333333
SITE0069,3,9,0,0,0.6666666666666666,0.0,0.0
SITE0069,4,6,1,1,2.1666666666666665,0.16666666666666666,0.16666666666666666
SITE0069,5,9,0,0,1.5555555555555556,0.0,0.0
SITE0069,6,16,0,0,1.75,0.0,0.0
SITE0069,7,13,1,1,1.1538461538461537,0.07692307692307693,0.07692307692307693
SITE0069,8,13,0,0,2.1538461538461537,0.0,0.0
SITE0069,9,12,2,2,1.9166666666666667,0.16666666666666666,0.16666666666666666
SITE0069,10,11,0,0,1.6363636363636365,0.0,0.0
SITE0069,11,13,0,0,2.3076923076923075,0.0,0.0
SITE0069,12,43,0,0,1.5813953488372092,0.0,0.0
SITE0070,1,2,0,0,1.0,0.0,0.0
SITE0070,2,4,0,0,1.5,0.0,0.0
SITE0070,3,5,0,0,3.0,0.0,0.0
SITE0070,4,6,0,0,1.3333333333333333,0.0,0.0
SITE0070,5,6,0,0,1.8333333333333333,0.0,0.0
SITE0070,6,4,0,0,1.75,0.0,0.0
SITE0070,7,15,1,1,1.2666666666666666,0.06666666666666667,0.06666666666666667
SITE0070,8,13,1,1,2.0,0.07692307692307693,0.07692307692307693
SITE0070,9,12,0,0,1.0833333333333333,0.0,0.0
SITE0070,10,13,2,2,1.1538461538461537,0.15384615384615385,0.15384615384615385
SITE0070,11,10,0,0,2.1,0.0,0.0
SITE0070,12,29,2,2,1.5517241379310345,0.06896551724137931,0.06896551724137931
SITE0071,1,3,0,0,1.0,0.0,0.0
SITE0071,2,3,0,0,2.6666666666666665,0.0,0.0
SITE0071,3,6,0,0,1.6666666666666667,0.0,0.0
SITE0071,4,7,0,0,1.1428571428571428,0.0,0.0
SITE0071,5,8,0,0,1.875,0.0,0.0
SITE0071,6,8,0,0,1.25,0.0,0.0
SITE0071,7,10,1,1,2.0,0.1,0.1
SITE0071,8,15,0,0,1.3333333333333333,0.0,0.0
SITE0071,9,13,3,3,1.0769230769230769,0.23076923076923078,0.23076923076923078
SITE0071,10,15,1,1,1.2666666666666666,0.06666666666666667,0.06666666666666667
SITE0071,11,15,1,1,1.0666666666666667,0.06666666666666667,0.06666666666666667
SITE0071,12,34,0,0,1.2941176470588236,0.0,0.0
SITE0072,2,3,0,0,2.0,0.0,0.0
SITE0072,3,2,0,0,0.5,0.0,0.0
SITE0072,4,7,2,2,2.142857142857143,0.2857142857142857,0.2857142857142857
SITE0072,5,13,1,1,1.5384615384615385,0.07692307692307693,0.07692307692307693
SITE0072,6,14,0,0,1.4285714285714286,0.0,0.0
SITE0072,7,13,1,1,1.6923076923076923,0.07692307692307693,0.07692307692307693
SITE0072,8,12,0,0,2.3333333333333335,0.0,0.0
SITE0072,9,8,2,2,1.625,0.25,0.25
SITE0072,10,12,0,0,1.9166666666666667,0.0,0.0
SITE0072,11,16,0,0,2.125,0.0,0.0
SITE0072,12,42,1,1,1.9285714285714286,0.023809523809523808,0.023809523809523808
SITE0073,2,5,0,0,2.4,0.0,0.0
SITE0073,3,3,0,0,3.0,0.0,0.0
SITE0073,4,8,1,1,1.625,0.125,0.125
SITE0073,5,15,0,0,1.4666666666666666,0.0,0.0
SITE0073,6,14,1,1,1.3571428571428572,0.07142857142857142,0.07142857142857142
SITE0073,7,20,0,0,1.65,0.0,0.0
SITE0073,8,14,0,0,1.4285714285714286,0.0,0.0
SITE0073,9,7,2,2,1.1428571428571428,0.2857142857142857,0.2857142857142857
SITE0073,10,14,2,2,2.2142857142857144,0.14285714285714285,0.14285714285714285
SITE0073,11,14,1,1,1.8571428571428572,0.07142857142857142,0.07142857142857142
SITE0073,12,47,3,3,1.4893617021276595,0.06382978723404255,0.06382978723404255
SITE0074,2,1,0,0,0.0,0.0,0.0
SITE0074,3,6,1,1,1.3333333333333333,0.16666666666666666,0.16666666666666666
SITE0074,4,3,0,0,1.3333333333333333,0.0,0.0
SITE0074,5,7,0,0,2.142857142857143,0.0,0.0
SITE0074,6,10,1,1,1.0,0.1,0.1
SITE0074,7,13,0,0,1.2307692307692308,0.0,0.0
SITE0074,8,8,1,1,1.875,0.125,0.125
SITE0074,9,8,0,0,1.75,0.0,0.0
SITE0074,10,11,1,1,1.3636363636363635,0.09090909090909091,0.09090909090909091
SITE0074,11,9,0,0,1.5555555555555556,0.0,0.0
SITE0074,12,48,1,1,1.7083333333333333,0.020833333333333332,0.020833333333333332
SITE0075,1,2,0,0,1.0,0.0,0.0
SITE0075,2,7,0,0,1.2857142857142858,0.0,0.0
SITE0075,3,7,0,0,1.1428571428571428,0.0,0.0
SITE0075,4,4,0,0,1.75,0.0,0.0
SITE0075,5,11,0,0,1.0909090909090908,0.0,0.0
SITE0075,6,9,0,0,2.0,0.0,0.0
SITE0075,7,6,1,1,1.3333333333333333,0.16666666666666666,0.16666666666666666
SITE0075,8,8,0,0,1.75,0.0,0.0
SITE0075,9,10,1,1,1.7,0.1,0.1
SITE0075,10,15,0,0,1.2,0.0,0.0
SITE0075,11,21,0,0,2.0476190476190474,0.0,0.0
SITE0075,12,60,4,4,1.6166666666666667,0.06666666666666667,0.06666666666666667
SITE0076,2,3,0,0,3.6666666666666665,0.0,0.0
SITE0076,3,2,0,0,0.5,0.0,0.0
SITE0076,4,5,0,0,1.4,0.0,0.0
SITE0076,5,7,2,2,1.5714285714285714,0.2857142857142857,0.2857142857142857
SITE0076,6,6,0,0,1.3333333333333333,0.0,0.0
SITE0076,7,14,1,1,1.9285714285714286,0.07142857142857142,0.07142857142857142
SITE0076,8,14,0,0,1.5,0.0,0.0
SITE0076,9,6,0,0,2.1666666666666665,0.0,0.0
SITE0076,10,16,1,1,1.4375,0.0625,0.0625
SITE0076,11,6,1,1,3.0,0.16666666666666666,0.16666666666666666
SITE0076,12,32,3,3,1.59375,0.09375,0.09375
SITE0077,2,1,0,0,0.0,0.0,0.0
SITE0077,3,3,0,0,2.3333333333333335,0.0,0.0
SITE0077,4,10,0,0,1.6,0.0,0.0
SITE0077,5,7,0,0,1.8571428571428572,0.0,0.0
SITE0077,6,18,1,1,1.8888888888888888,0.05555555555555555,0.05555555555555555
SITE0077,7,6,1,1,1.8333333333333333,0.16666666666666666,0.16666666666666666
SITE0077,8,11,3,3,2.0,0.2727272727272727,0.2727272727272727
SITE0077,9,13,2,2,1.6153846153846154,0.15384615384615385,0.15384615384615385
SITE0077,10,14,0,0,2.2142857142857144,0.0,0.0
SITE0077,11,10,2,2,1.9,0.2,0.2
SITE0077,12,54,3,3,1.6111111111111112,0.05555555555555555,0.05555555555555555
SITE0078,1,1,0,0,0.0,0.0,0.0
SITE0078,2,2,0,0,0.5,0.0,0.0
SITE0078,3,5,0,0,1.8,0.0,0.0
SITE0078,4,3,0,0,3.6666666666666665,0.0,0.0
SITE0078,5,4,1,1,1.75,0.25,0.25
SITE0078,6,11,0,0,2.0,0.0,0.0
SITE0078,7,8,0,0,1.875,0.0,0.0
SITE0078,8,11,1,1,1.4545454545454546,0.09090909090909091,0.09090909090909091
SITE0078,9,10,1,1,1.0,0.1,0.1
SITE0078,10,3,0,0,1.0,0.0,0.0
SITE0078,11,11,0,0,0.7272727272727273,0.0,0.0
SITE0078,12,27,2,2,1.8148148148148149,0.07407407407407407,0.07407407407407407
SITE0079,1,2,0,0,2.5,0.0,0.0
SITE0079,2,2,0,0,1.0,0.0,0.0
SITE0079,3,7,0,0,2.7142857142857144,0.0,0.0
SITE0079,4,6,1,1,0.8333333333333334,0.16666666666666666,0.16666666666666666
SITE0079,5,6,2,2,1.5,0.3333333333333333,0.3333333333333333
SITE0079,6,20,0,0,1.8,0.0,0.0
SITE0079,7,13,1,1,1.4615384615384615,0.07692307692307693,0.07692307692307693
SITE0079,8,18,0,0,1.1111111111111112,0.0,0.0
SITE0079,9,16,0,0,0.875,0.0,0.0
SITE0079,10,8,0,0,1.75,0.0,0.0
SITE0079,11,13,0,0,1.6923076923076923,0.0,0.0
SITE0079,12,45,0,0,1.6888888888888889,0.0,0.0
SITE0080,2,1,0,0,2.0,0.0,0.0
SITE0080,3,1,0,0,0.0,0.0,0.0
SITE0080,4,1,0,0,2.0,0.0,0.0
SITE0080,5,6,0,0,0.6666666666666666,0.0,0.0
SITE0080,6,6,0,0,1.8333333333333333,0.0,0.0
SITE0080,7,8,1,1,1.875,0.125,0.125
SITE0080,8,8,1,1,1.5,0.125,0.125
SITE0080,9,15,1,1,1.3333333333333333,0.06666666666666667,0.06666666666666667
SITE0080,10,6,1,1,0.8333333333333334,0.16666666666666666,0.16666666666666666
SITE0080,11,7,0,0,2.0,0.0,0.0
SITE0080,12,38,3,3,1.7894736842105263,0.07894736842105263,0.07894736842105263
SITE0081,1,2,0,0,1.0,0.0,0.0
SITE0081,2,1,0,0,0.0,0.0,0.0
SITE0081,3,5,0,0,3.4,0.0,0.0
SITE0081,4,4,0,0,1.5,0.0,0.0
SITE0081,5,8,1,1,2.5,0.125,0.125
SITE0081,6,2,0,0,2.0,0.0,0.0
SITE0081,7,10,0,0,1.2,0.0,0.0
SITE0081,8,9,0,0,2.4444444444444446,0.0,0.0
SITE0081,9,14,0,0,1.8571428571428572,0.0,0.0
SITE0081,10,8,0,0,1.625,0.0,0.0
SITE0081,11,19,2,2,1.0526315789473684,0.10526315789473684,0.10526315789473684
SITE0081,12,40,2,2,1.55,0.05,0.05
SITE0082,1,3,0,0,3.0,0.0,0.0
SITE0082,3,4,0,0,0.75,0.0,0.0
SITE0082,4,4,0,0,2.75,0.0,0.0
SITE0082,5,3,0,0,1.3333333333333333,0.0,0.0
SITE0082,6,6,0,0,1.8333333333333333,0.0,0.0
SITE0082,7,5,0,0,2.6,0.0,0.0
SITE0082,8,9,1,1,1.4444444444444444,0.1111111111111111,0.1111111111111111
SITE0082,9,13,1,1,2.3846153846153846,0.07692307692307693,0.07692307692307693
SITE0082,10,7,1,1,1.8571428571428572,0.14285714285714285,0.14285714285714285
SITE0082,11,9,1,1,1.7777777777777777,0.1111111111111111,0.1111111111111111
SITE0082,12,25,1,1,2.16,0.04,0.04
SITE0083,1,1,0,0,4.0,0.0,0.0
SITE0083,2,1,0,0,1.0,0.0,0.0
SITE0083,3,7,0,0,0.42857142857142855,0.0,0.0
SITE0083,4,6,0,0,1.6666666666666667,0.0,0.0
SITE0083,5,6,0,0,1.1666666666666667,0.0,0.0
SITE0083,6,10,1,1,0.6,0.1,0.1
SITE0083,7,25,0,0,1.72,0.0,0.0
SITE0083,8,10,0,0,2.0,0.0,0.0
SITE0083,9,19,1,1,1.8421052631578947,0.05263157894736842,0.05263157894736842
SITE0083,10,14,2,2,1.4285714285714286,0.14285714285714285,0.14285714285714285
SITE0083,11,13,0,0,2.230769230769231,0.0,0.0
SITE0083,12,53,1,1,2.150943396226415,0.018867924528301886,0.018867924528301886
SITE0084,2,2,0,0,1.5,0.0,0.0
SITE0084,3,2,0,0,0.5,0.0,0.0
SITE0084,4,4,0,0,1.75,0.0,0.0
SITE0084,5,5,0,0,1.4,0.0,0.0
SITE0084,6,7,0,0,2.2857142857142856,0.0,0.0
SITE0084,7,8,0,0,1.625,0.0,0.0
SITE0084,8,13,0,0,1.4615384615384615,0.0,0.0
SITE0084,9,11,0,0,1.3636363636363635,0.0,0.0
SITE0084,10,7,1,1,1.1428571428571428,0.14285714285714285,0.14285714285714285
SITE0084,11,12,2,2,1.75,0.16666666666666666,0.16666666666666666
SITE0084,12,29,1,1,1.8275862068965518,0.034482758620689655,0.034482758620689655
SITE0085,1,3,0,0,2.0,0.0,0.0
SITE0085,2,3,0,0,2.3333333333333335,0.0,0.0
SITE0085,3,5,0,0,2.2,0.0,0.0
SITE0085,4,4,0,0,2.25,0.0,0.0
SITE0085,5,6,0,0,2.3333333333333335,0.0,0.0
SITE0085,6,10,0,0,1.2,0.0,0.0
SITE0085,7,17,0,0,1.4705882352941178,0.0,0.0
SITE0085,8,15,1,1,1.6666666666666667,0.06666666666666667,0.06666666666666667
SITE0085,9,15,1,1,1.4,0.06666666666666667,0.06666666666666667
SITE0085,10,14,1,1,2.0714285714285716,0.07142857142857142,0.07142857142857142
SITE0085,11,11,1,1,1.6363636363636365,0.09090909090909091,0.09090909090909091
SITE0085,12,33,2,2,1.696969696969697,0.06060606060606061,0.06060606060606061
SITE0086,2,4,0,0,1.25,0.0,0.0
SITE0086,3,2,0,0,1.5,0.0,0.0
SITE0086,4,10,0,0,2.1,0.0,0.0
SITE0086,5,6,0,0,2.0,0.0,0.0
SITE0086,6,7,0,0,2.7142857142857144,0.0,0.0
SITE0086,7,11,0,0,1.8181818181818181,0.0,0.0
SITE0086,8,9,1,1,2.0,0.1111111111111111,0.1111111111111111
SITE0086,9,13,1,1,1.4615384615384615,0.07692307692307693,0.07692307692307693
SITE0086,10,15,0,0,2.1333333333333333,0.0,0.0
SITE0086,11,11,1,1,2.6363636363636362,0.09090909090909091,0.09090909090909091
SITE0086,12,44,2,2,1.8636363636363635,0.045454545454545456,0.045454545454545456
SITE0087,2,1,0,0,3.0,0.0,0.0
SITE0087,3,7,1,1,1.2857142857142858,0.14285714285714285,0.14285714285714285
SITE0087,4,4,0,0,1.25,0.0,0.0
SITE0087,5,5,1,1,1.2,0.2,0.2
SITE0087,7,7,0,0,1.1428571428571428,0.0,0.0
SITE0087,8,9,0,0,1.3333333333333333,0.0,0.0
SITE0087,9,13,0,0,2.0,0.0,0.0
SITE0087,10,10,1,1,2.4,0.1,0.1
SITE0087,11,11,0,0,2.727272727272727,0.0,0.0
SITE0087,12,42,4,4,1.7142857142857142,0.09523809523809523,0.09523809523809523
SITE0088,3,8,1,1,2.625,0.125,0.125
SITE0088,4,6,0,0,2.3333333333333335,0.0,0.0
SITE0088,5,8,0,0,3.0,0.0,0.0
SITE0088,6,14,1,1,1.8571428571428572,0.07142857142857142,0.07142857142857142
SITE0088,7,12,0,0,1.5833333333333333,0.0,0.0
SITE0088,8,10,1,1,1.4,0.1,0.1
SITE0088,9,13,0,0,1.5384615384615385,0.0,0.0
SITE0088,10,15,2,2,2.1333333333333333,0.13333333333333333,0.13333333333333333
SITE0088,11,12,0,0,2.0,0.0,0.0
SITE0088,12,53,1,1,1.849056603773585,0.018867924528301886,0.018867924528301886
SITE0089,1,2,1,1,3.5,0.5,0.5
SITE0089,2,3,0,0,0.6666666666666666,0.0,0.0
SITE0089,3,3,0,0,2.6666666666666665,0.0,0.0
SITE0089,4,4,0,0,2.25,0.0,0.0
SITE0089,5,5,1,1,1.4,0.2,0.2
SITE0089,6,11,0,0,1.7272727272727273,0.0,0.0
SITE0089,7,7,1,1,1.7142857142857142,0.14285714285714285,0.14285714285714285
SITE0089,8,10,1,1,1.8,0.1,0.1
SITE0089,9,12,0,0,1.3333333333333333,0.0,0.0
SITE0089,10,10,0,0,0.9,0.0,0.0
SITE0089,11,8,1,1,1.875,0.125,0.125
SITE0089,12,47,3,3,1.8085106382978724,0.06382978723404255,0.06382978723404255
SITE0090,2,2,0,0,0.5,0.0,0.0
SITE0090,3,4,0,0,1.25,0.0,0.0
SITE0090,4,7,0,0,1.5714285714285714,0.0,0.0
SITE0090,5,8,0,0,2.25,0.0,0.0
SITE0090,6,2,0,0,2.5,0.0,0.0
SITE0090,7,7,0,0,2.0,0.0,0.0
SITE0090,8,3,0,0,0.6666666666666666,0.0,0.0
SITE0090,9,9,1,1,1.3333333333333333,0.1111111111111111,0.1111111111111111
SITE0090,10,10,0,0,1.3,0.0,0.0
SITE0090,11,11,0,0,1.3636363636363635,0.0,0.0
SITE0090,12,49,2,2,2.5918367346938775,0.04081632653061224,0.04081632653061224
SITE0091,1,1,0,0,6.0,0.0,0.0
SITE0091,2,2,0,0,2.5,0.0,0.0
SITE0091,3,5,0,0,1.4,0.0,0.0
SITE0091,4,2,0,0,2.5,0.0,0.0
SITE0091,5,3,0,0,0.6666666666666666,0.0,0.0
SITE0091,6,8,0,0,1.5,0.0,0.0
SITE0091,7,12,0,0,2.0833333333333335,0.0,0.0
SITE0091,8,11,0,0,1.8181818181818181,0.0,0.0
SITE0091,9,11,0,0,1.1818181818181819,0.0,0.0
SITE0091,10,22,3,3,2.0,0.13636363636363635,0.13636363636363635
SITE0091,11,17,0,0,2.0588235294117645,0.0,0.0
SITE0091,12,33,0,0,1.6666666666666667,0.0,0.0
SITE0092,2,5,0,0,1.4,0.0,0.0
SITE0092,3,3,0,0,1.3333333333333333,0.0,0.0
SITE0092,4,7,0,0,0.42857142857142855,0.0,0.0
SITE0092,5,7,1,1,1.2857142857142858,0.14285714285714285,0.14285714285714285
SITE0092,6,5,0,0,2.4,0.0,0.0
SITE0092,7,4,0,0,2.5,0.0,0.0
SITE0092,8,8,1,1,1.75,0.125,0.125
SITE0092,9,9,0,0,0.7777777777777778,0.0,0.0
SITE0092,10,6,0,0,2.3333333333333335,0.0,0.0
SITE0092,11,4,0,0,2.25,0.0,0.0
SITE0092,12,35,0,0,2.0285714285714285,0.0,0.0
SITE0093,1,1,0,0,0.0,0.0,0.0
SITE0093,3,3,0,0,1.0,0.0,0.0
SITE0093,4,4,0,0,3.5,0.0,0.0
SITE0093,5,10,1,1,1.4,0.1,0.1
SITE0093,6,10,0,0,2.3,0.0,0.0
SITE0093,7,9,0,0,1.3333333333333333,0.0,0.0
SITE0093,8,15,1,1,1.6666666666666667,0.06666666666666667,0.06666666666666667
SITE0093,9,12,1,1,1.4166666666666667,0.08333333333333333,0.08333333333333333
SITE0093,10,13,0,0,1.1538461538461537,0.0,0.0
SITE0093,11,14,1,1,2.7857142857142856,0.07142857142857142,0.07142857142857142
SITE0093,12,45,2,2,1.5555555555555556,0.044444444444444446,0.044444444444444446
SITE0094,1,3,0,0,0.6666666666666666,0.0,0.0
SITE0094,2,3,0,0,1.6666666666666667,0.0,0.0
SITE0094,3,8,0,0,2.375,0.0,0.0
SITE0094,4,6,0,0,2.3333333333333335,0.0,0.0
SITE0094,5,6,0,0,1.5,0.0,0.0
SITE0094,6,4,0,0,1.5,0.0,0.0
SITE0094,7,15,3,3,1.6,0.2,0.2
SITE0094,8,14,1,1,1.5,0.07142857142857142,0.07142857142857142
SITE0094,9,13,2,2,2.6153846153846154,0.15384615384615385,0.15384615384615385
SITE0094,10,12,1,1,1.4166666666666667,0.08333333333333333,0.08333333333333333
SITE0094,11,14,1,1,1.9285714285714286,0.07142857142857142,0.07142857142857142
SITE0094,12,59,3,3,1.7118644067796611,0.05084745762711865,0.05084745762711865
SITE0095,1,1,0,0,1.0,0.0,0.0
SITE0095,2,1,0,0,4.0,0.0,0.0
SITE0095,3,3,0,0,1.6666666666666667,0.0,0.0
SITE0095,4,6,0,0,2.0,0.0,0.0
SITE0095,5,6,2,2,2.5,0.3333333333333333,0.3333333333333333
SITE0095,6,16,1,1,1.5,0.0625,0.0625
SITE0095,7,17,1,1,1.7058823529411764,0.058823529411764705,0.058823529411764705
SITE0095,8,12,0,0,2.3333333333333335,0.0,0.0
SITE0095,9,18,0,0,1.9444444444444444,0.0,0.0
SITE0095,10,14,0,0,1.6428571428571428,0.0,0.0
SITE0095,11,20,1,1,1.75,0.05,0.05
SITE0095,12,39,2,2,2.0256410256410255,0.05128205128205128,0.05128205128205128
SITE0096,1,1,0,0,0.0,0.0,0.0
SITE0096,2,1,0,0,2.0,0.0,0.0
SITE0096,3,1,0,0,1.0,0.0,0.0
SITE0096,4,8,0,0,1.625,0.0,0.0
SITE0096,5,7,0,0,1.1428571428571428,0.0,0.0
SITE0096,6,7,0,0,1.4285714285714286,0.0,0.0
SITE0096,7,12,0,0,1.5,0.0,0.0
SITE0096,8,6,0,0,1.8333333333333333,0.0,0.0
SITE0096,9,9,0,0,1.1111111111111112,0.0,0.0
SITE0096,10,7,0,0,2.2857142857142856,0.0,0.0
SITE0096,11,6,0,0,1.8333333333333333,0.0,0.0
SITE0096,12,28,0,0,1.3571428571428572,0.0,0.0
SITE0097,2,1,0,0,3.0,0.0,0.0
SITE0097,3,8,0,0,1.625,0.0,0.0
SITE0097,4,9,0,0,1.8888888888888888,0.0,0.0
SITE0097,5,14,0,0,1.9285714285714286,0.0,0.0
SITE0097,6,9,1,1,1.4444444444444444,0.1111111111111111,0.1111111111111111
SITE0097,7,23,1,1,1.3478260869565217,0.043478260869565216,0.043478260869565216
SITE0097,8,18,1,1,1.5555555555555556,0.05555555555555555,0.05555555555555555
SITE0097,9,10,0,0,1.9,0.0,0.0
SITE0097,10,13,0,0,1.9230769230769231,0.0,0.0
SITE0097,11,22,2,2,1.8636363636363635,0.09090909090909091,0.09090909090909091
SITE0097,12,35,2,2,1.8857142857142857,0.05714285714285714,0.05714285714285714
SITE0098,2,2,0,0,1.5,0.0,0.0
SITE0098,3,8,1,1,1.75,0.125,0.125
SITE0098,4,8,1,1,0.875,0.125,0.125
SITE0098,5,7,1,1,1.0,0.14285714285714285,0.14285714285714285
SITE0098,6,11,0,0,1.5454545454545454,0.0,0.0
SITE0098,7,9,0,0,2.7777777777777777,0.0,0.0
SITE0098,8,3,0,0,1.6666666666666667,0.0,0.0
SITE0098,9,6,0,0,2.6666666666666665,0.0,0.0
SITE0098,10,12,0,0,2.75,0.0,0.0
SITE0098,11,8,1,1,0.875,0.125,0.125
SITE0098,12,44,3,3,1.3409090909090908,0.06818181818181818,0.06818181818181818
SITE0099,1,1,0,0,2.0,0.0,0.0
SITE0099,2,2,1,1,1.5,0.5,0.5
SITE0099,3,9,0,0,0.7777777777777778,0.0,0.0
SITE0099,4,5,0,0,1.6,0.0,0.0
SITE0099,5,9,2,2,2.0,0.2222222222222222,0.2222222222222222
SITE0099,6,13,0,0,2.076923076923077,0.0,0.0
SITE0099,7,8,0,0,1.625,0.0,0.0
SITE0099,8,11,0,0,1.9090909090909092,0.0,0.0
SITE0099,9,16,0,0,2.3125,0.0,0.0
SITE0099,10,15,1,1,1.3333333333333333,0.06666666666666667,0.06666666666666667
SITE0099,11,20,2,2,2.3,0.1,0.1
SITE0099,12,47,6,6,1.851063829787234,0.1276595744680851,0.1276595744680851
SITE0100,2,3,0,0,2.0,0.0,0.0
SITE0100,3,5,1,1,1.4,0.2,0.2
SITE0100,4,6,0,0,2.6666666666666665,0.0,0.0
SITE0100,5,7,1,1,1.0,0.14285714285714285,0.14285714285714285
SITE0100,6,7,1,1,1.8571428571428572,0.14285714285714285,0.14285714285714285
SITE0100,7,6,0,0,1.5,0.0,0.0
SITE0100,8,19,1,1,1.631578947368421,0.05263157894736842,0.05263157894736842
SITE0100,9,18,0,0,2.8333333333333335,0.0,0.0
SITE0100,10,12,0,0,1.5833333333333333,0.0,0.0
SITE0100,11,17,0,0,2.411764705882353,0.0,0.0
SITE0100,12,40,1,1,1.625,0.025,0.025
SITE0101,3,7,0,0,1.1428571428571428,0.0,0.0
SITE0101,4,3,0,0,2.0,0.0,0.0
SITE0101,5,5,0,0,3.0,0.0,0.0
SITE0101,6,7,1,1,1.2857142857142858,0.14285714285714285,0.14285714285714285
SITE0101,7,12,0,0,1.6666666666666667,0.0,0.0
SITE0101,8,16,0,0,1.9375,0.0,0.0
SITE0101,9,14,0,0,1.6428571428571428,0.0,0.0
SITE0101,10,13,0,0,2.230769230769231,0.0,0.0
SITE0101,11,18,0,0,2.7222222222222223,0.0,0.0
SITE0101,12,43,1,1,1.8837209302325582,0.023255813953488372,0.023255813953488372
SITE0102,2,1,0,0,4.0,0.0,0.0
SITE0102,3,5,1,1,1.0,0.2,0.2
SITE0102,4,10,0,0,1.8,0.0,0.0
SITE0102,5,9,1,1,1.0,0.1111111111111111,0.1111111111111111
SITE0102,6,11,0,0,2.1818181818181817,0.0,0.0
SITE0102,7,19,0,0,1.4736842105263157,0.0,0.0
SITE0102,8,14,1,1,1.7857142857142858,0.07142857142857142,0.07142857142857142
SITE0102,9,15,2,2,1.6,0.13333333333333333,0.13333333333333333
SITE0102,10,16,2,2,2.0625,0.125,0.125
SITE0102,11,12,3,3,1.8333333333333333,0.25,0.25
SITE0102,12,41,0,0,1.2926829268292683,0.0,0.0
SITE0103,2,4,0,0,1.75,0.0,0.0
SITE0103,3,8,0,0,0.75,0.0,0.0
SITE0103,4,3,0,0,2.0,0.0,0.0
SITE0103,5,5,0,0,1.8,0.0,0.0
SITE0103,6,9,0,0,1.5555555555555556,0.0,0.0
SITE0103,7,6,0,0,1.8333333333333333,0.0,0.0
SITE0103,8,7,1,1,1.8571428571428572,0.14285714285714285,0.14285714285714285
SITE0103,9,14,1,1,2.0714285714285716,0.07142857142857142,0.07142857142857142
SITE0103,10,9,0,0,1.7777777777777777,0.0,0.0
SITE0103,11,9,0,0,2.4444444444444446,0.0,0.0
SITE0103,12,40,4,4,2.1,0.1,0.1
SITE0104,2,5,0,0,3.4,0.0,0.0
SITE0104,3,3,0,0,0.6666666666666666,0.0,0.0
SITE0104,4,6,0,0,1.8333333333333333,0.0,0.0
SITE0104,5,10,0,0,2.4,0.0,0.0
SITE0104,6,8,0,0,1.75,0.0,0.0
SITE0104,7,6,0,0,1.3333333333333333,0.0,0.0
SITE0104,8,12,1,1,2.5,0.08333333333333333,0.08333333333333333
SITE0104,9,7,0,0,1.4285714285714286,0.0,0.0
SITE0104,10,9,1,1,2.4444444444444446,0.1111111111111111,0.1111111111111111
SITE0104,11,8,1,1,2.75,0.125,0.125
SITE0104,12,29,1,1,1.6551724137931034,0.034482758620689655,0.034482758620689655
SITE0105,1,2,0,0,3.0,0.0,0.0
SITE0105,2,3,0,0,1.3333333333333333,0.0,0.0
SITE0105,3,7,0,0,1.7142857142857142,0.0,0.0
SITE0105,4,12,0,0,1.4166666666666667,0.0,0.0
SITE0105,5,11,2,2,1.3636363636363635,0.18181818181818182,0.18181818181818182
SITE0105,6,11,0,0,1.5454545454545454,0.0,0.0
SITE0105,7,24,0,0,1.7916666666666667,0.0,0.0
SITE0105,8,19,1,1,1.5263157894736843,0.05263157894736842,0.05263157894736842
SITE0105,9,21,0,0,1.4285714285714286,0.0,0.0
SITE0105,10,11,2,2,1.5454545454545454,0.18181818181818182,0.18181818181818182
SITE0105,11,17,3,3,0.7058823529411765,0.17647058823529413,0.17647058823529413
SITE0105,12,37,2,2,1.7837837837837838,0.05405405405405406,0.05405405405405406
SITE0106,1,1,0,0,0.0,0.0,0.0
SITE0106,2,5,0,0,3.6,0.0,0.0
SITE0106,3,8,0,0,3.375,0.0,0.0
SITE0106,4,4,0,0,1.0,0.0,0.0
SITE0106,5,7,0,0,1.7142857142857142,0.0,0.0
SITE0106,6,7,0,0,1.1428571428571428,0.0,0.0
SITE0106,7,16,0,0,1.125,0.0,0.0
SITE0106,8,11,0,0,1.9090909090909092,0.0,0.0
SITE0106,9,13,2,2,2.0,0.15384615384615385,0.15384615384615385
SITE0106,10,7,0,0,2.0,0.0,0.0
SITE0106,11,13,0,0,1.8461538461538463,0.0,0.0
SITE0106,12,50,1,1,1.82,0.02,0.02
SITE0107,2,1,0,0,1.0,0.0,0.0
SITE0107,3,3,0,0,3.3333333333333335,0.0,0.0
SITE0107,4,3,1,1,3.0,0.3333333333333333,0.3333333333333333
SITE0107,5,5,0,0,2.8,0.0,0.0
SITE0107,6,5,1,1,2.4,0.2,0.2
SITE0107,7,4,0,0,2.75,0.0,0.0
SITE0107,8,14,1,1,2.0,0.07142857142857142,0.07142857142857142
SITE0107,9,10,0,0,2.4,0.0,0.0
SITE0107,10,9,1,1,1.4444444444444444,0.1111111111111111,0.1111111111111111
SITE0107,11,15,2,2,1.7333333333333334,0.13333333333333333,0.13333333333333333
SITE0107,12,22,2,2,1.4090909090909092,0.09090909090909091,0.09090909090909091
SITE0108,1,1,0,0,1.0,0.0,0.0
SITE0108,2,3,0,0,2.0,0.0,0.0
SITE0108,3,3,0,0,2.6666666666666665,0.0,0.0
SITE0108,4,6,0,0,2.1666666666666665,0.0,0.0
SITE0108,5,7,0,0,2.2857142857142856,0.0,0.0
SITE0108,6,11,0,0,1.8181818181818181,0.0,0.0
SITE0108,7,1,0,0,2.0,0.0,0.0
SITE0108,8,15,2,2,2.066666666666667,0.13333333333333333,0.13333333333333333
SITE0108,9,14,0,0,1.5714285714285714,0.0,0.0
SITE0108,10,14,2,2,2.2857142857142856,0.14285714285714285,0.14285714285714285
SITE0108,11,15,0,0,2.1333333333333333,0.0,0.0
SITE0108,12,40,2,2,1.875,0.05,0.05
SITE0109,1,1,0,0,3.0,0.0,0.0
SITE0109,2,3,0,0,0.6666666666666666,0.0,0.0
SITE0109,3,4,0,0,0.25,0.0,0.0
SITE0109,4,5,1,1,1.0,0.2,0.2
SITE0109,5,3,0,0,0.6666666666666666,0.0,0.0
SITE0109,6,6,0,0,2.5,0.0,0.0
SITE0109,7,10,0,0,2.0,0.0,0.0
SITE0109,8,5,0,0,0.4,0.0,0.0
SITE0109,9,6,0,0,2.8333333333333335,0.0,0.0
SITE0109,10,7,0,0,2.0,0.0,0.0
SITE0109,11,8,0,0,1.25,0.0,0.0
SITE0109,12,35,0,0,1.7428571428571429,0.0,0.0
SITE0110,2,1,0,0,0.0,0.0,0.0
SITE0110,3,2,0,0,2.0,0.0,0.0
SITE0110,4,4,0,0,0.0,0.0,0.0
SITE0110,5,3,1,1,2.0,0.3333333333333333,0.3333333333333333
SITE0110,6,8,0,0,1.625,0.0,0.0
SITE0110,7,7,0,0,2.857142857142857,0.0,0.0
SITE0110,8,15,2,2,2.066666666666667,0.13333333333333333,0.13333333333333333
SITE0110,9,12,1,1,1.5833333333333333,0.08333333333333333,0.08333333333333333
SITE0110,10,11,0,0,2.4545454545454546,0.0,0.0
SITE0110,11,8,1,1,2.625,0.125,0.125
SITE0110,12,38,0,0,1.894736842105263,0.0,0.0
SITE0111,1,2,0,0,1.0,0.0,0.0
SITE0111,2,3,0,0,2.3333333333333335,0.0,0.0
SITE0111,3,7,0,0,1.5714285714285714,0.0,0.0
SITE0111,4,12,0,0,1.75,0.0,0.0
SITE0111,5,5,0,0,2.8,0.0,0.0
SITE0111,6,8,1,1,1.5,0.125,0.125
SITE0111,7,13,0,0,1.5384615384615385,0.0,0.0
SITE0111,8,11,0,0,1.1818181818181819,0.0,0.0
SITE0111,9,14,0,0,1.7857142857142858,0.0,0.0
SITE0111,10,15,0,0,2.0,0.0,0.0
SITE0111,11,15,1,1,1.9333333333333333,0.06666666666666667,0.06666666666666667
SITE0111,12,34,2,2,1.2352941176470589,0.058823529411764705,0.058823529411764705
SITE0112,1,3,0,0,2.0,0.0,0.0
SITE0112,2,4,1,1,1.25,0.25,0.25
SITE0112,3,3,1,1,0.6666666666666666,0.3333333333333333,0.3333333333333333
SITE0112,4,10,0,0,1.3,0.0,0.0
SITE0112,5,17,1,1,2.5294117647058822,0.058823529411764705,0.058823529411764705
SITE0112,6,10,0,0,2.3,0.0,0.0
SITE0112,7,14,1,1,2.2857142857142856,0.07142857142857142,0.07142857142857142
SITE0112,8,14,0,0,2.642857142857143,0.0,0.0
SITE0112,9,14,0,0,1.7857142857142858,0.0,0.0
SITE0112,10,19,2,2,2.0,0.10526315789473684,0.10526315789473684
SITE0112,11,11,0,0,2.727272727272727,0.0,0.0
SITE0112,12,44,3,3,1.75,0.06818181818181818,0.06818181818181818
SITE0113,2,1,0,0,0.0,0.0,0.0
SITE0113,3,1,1,1,1.0,1.0,1.0
SITE0113,4,4,2,2,0.5,0.5,0.5
SITE0113,5,8,1,1,1.0,0.125,0.125
SITE0113,6,9,0,0,1.6666666666666667,0.0,0.0
SITE0113,7,17,0,0,1.4705882352941178,0.0,0.0
SITE0113,8,14,0,0,2.0714285714285716,0.0,0.0
SITE0113,9,20,0,0,1.4,0.0,0.0
SITE0113,10,17,1,1,1.2352941176470589,0.058823529411764705,0.058823529411764705
SITE0113,11,8,1,1,2.75,0.125,0.125
SITE0113,12,52,4,4,1.7307692307692308,0.07692307692307693,0.07692307692307693
SITE0114,1,1,0,0,0.0,0.0,0.0
SITE0114,2,4,0,0,2.0,0.0,0.0
SITE0114,3,1,0,0,4.0,0.0,0.0
SITE0114,4,6,0,0,1.5,0.0,0.0
SITE0114,5,13,1,1,1.8461538461538463,0.07692307692307693,0.07692307692307693
SITE0114,6,3,0,0,0.6666666666666666,0.0,0.0
SITE0114,7,11,0,0,1.7272727272727273,0.0,0.0
SITE0114,8,10,1,1,2.4,0.1,0.1
SITE0114,9,9,1,1,2.0,0.1111111111111111,0.1111111111111111
SITE0114,10,19,0,0,1.5789473684210527,0.0,0.0
SITE0114,11,13,0,0,2.230769230769231,0.0,0.0
SITE0114,12,42,4,4,1.4761904761904763,0.09523809523809523,0.09523809523809523
SITE0115,1,1,0,0,4.0,0.0,0.0
SITE0115,2,3,0,0,2.6666666666666665,0.0,0.0
SITE0115,3,2,0,0,1.0,0.0,0.0
SITE0115,4,5,1,1,1.6,0.2,0.2
SITE0115,5,8,2,2,1.5,0.25,0.25
SITE0115,6,6,1,1,1.1666666666666667,0.16666666666666666,0.16666666666666666
SITE0115,7,12,2,2,1.3333333333333333,0.16666666666666666,0.16666666666666666
SITE0115,8,16,1,1,1.875,0.0625,0.0625
SITE0115,9,10,0,0,1.4,0.0,0.0
SITE0115,10,13,0,0,1.3076923076923077,0.0,0.0
SITE0115,11,4,0,0,0.75,0.0,0.0
SITE0115,12,40,4,4,1.625,0.1,0.1
SITE0116,1,3,0,0,1.0,0.0,0.0
SITE0116,2,5,0,0,2.0,0.0,0.0
SITE0116,3,6,0,0,1.5,0.0,0.0
SITE0116,4,8,0,0,1.625,0.0,0.0
SITE0116,5,6,0,0,1.8333333333333333,0.0,0.0
SITE0116,6,8,1,1,1.0,0.125,0.125
SITE0116,7,16,0,0,1.75,0.0,0.0
SITE0116,8,14,2,2,2.4285714285714284,0.14285714285714285,0.14285714285714285
SITE0116,9,13,0,0,1.7692307692307692,0.0,0.0
SITE0116,10,24,0,0,1.7083333333333333,0.0,0.0
SITE0116,11,12,1,1,3.0,0.08333333333333333,0.08333333333333333
SITE0116,12,75,3,3,1.9733333333333334,0.04,0.04
SITE0117,1,3,0,0,1.6666666666666667,0.0,0.0
SITE0117,2,2,1,1,2.0,0.5,0.5
SITE0117,3,5,1,1,1.6,0.2,0.2
SITE0117,4,9,1,1,2.6666666666666665,0.1111111111111111,0.1111111111111111
SITE0117,5,3,0,0,1.6666666666666667,0.0,0.0
SITE0117,6,6,2,2,1.6666666666666667,0.3333333333333333,0.3333333333333333
SITE0117,7,10,2,2,1.8,0.2,0.2
SITE0117,8,9,0,0,1.4444444444444444,0.0,0.0
SITE0117,9,14,1,1,2.0,0.07142857142857142,0.07142857142857142
SITE0117,10,6,0,0,2.0,0.0,0.0
SITE0117,11,6,1,1,2.6666666666666665,0.16666666666666666,0.16666666666666666
SITE0117,12,39,1,1,1.5897435897435896,0.02564102564102564,0.02564102564102564
SITE0118,2,7,0,0,3.0,0.0,0.0
SITE0118,3,7,1,1,1.4285714285714286,0.14285714285714285,0.14285714285714285
SITE0118,4,5,0,0,1.2,0.0,0.0
SITE0118,5,9,1,1,2.5555555555555554,0.1111111111111111,0.1111111111111111
SITE0118,6,9,0,0,2.0,0.0,0.0
SITE0118,7,17,1,1,1.4705882352941178,0.058823529411764705,0.058823529411764705
SITE0118,8,14,2,2,1.7857142857142858,0.14285714285714285,0.14285714285714285
SITE0118,9,12,1,1,1.4166666666666667,0.08333333333333333,0.08333333333333333
SITE0118,10,8,0,0,1.0,0.0,0.0
SITE0118,11,18,2,2,1.7222222222222223,0.1111111111111111,0.1111111111111111
SITE0118,12,40,2,2,1.875,0.05,0.05
SITE0119,1,1,0,0,0.0,0.0,0.0
SITE0119,2,3,0,0,1.6666666666666667,0.0,0.0
SITE0119,3,5,1,1,1.4,0.2,0.2
SITE0119,4,5,0,0,1.0,0.0,0.0
SITE0119,5,12,1,1,1.6666666666666667,0.08333333333333333,0.08333333333333333
SITE0119,6,8,0,0,1.5,0.0,0.0
SITE0119,7,17,0,0,2.176470588235294,0.0,0.0
SITE0119,8,23,2,2,1.4782608695652173,0.08695652173913043,0.08695652173913043
SITE0119,9,24,0,0,1.7083333333333333,0.0,0.0
SITE0119,10,11,0,0,2.1818181818181817,0.0,0.0
SITE0119,11,12,0,0,2.0,0.0,0.0
SITE0119,12,54,6,6,1.4814814814814814,0.1111111111111111,0.1111111111111111
SITE0120,2,1,0,0,0.0,0.0,0.0
SITE0120,3,3,1,1,0.6666666666666666,0.3333333333333333,0.3333333333333333
SITE0120,4,3,0,0,0.3333333333333333,0.0,0.0
SITE0120,5,2,0,0,2.5,0.0,0.0
SITE0120,6,13,0,0,1.4615384615384615,0.0,0.0
SITE0120,7,4,1,1,1.0,0.25,0.25
SITE0120,8,6,1,1,2.5,0.16666666666666666,0.16666666666666666
SITE0120,9,9,0,0,1.5555555555555556,0.0,0.0
SITE0120,10,7,1,1,1.4285714285714286,0.14285714285714285,0.14285714285714285
SITE0120,11,8,1,1,2.625,0.125,0.125
SITE0120,12,24,1,1,2.4583333333333335,0.041666666666666664,0.041666666666666664
SITE0121,2,5,0,0,0.6,0.0,0.0
SITE0121,3,8,0,0,3.0,0.0,0.0
SITE0121,4,7,0,0,2.4285714285714284,0.0,0.0
SITE0121,5,9,0,0,2.3333333333333335,0.0,0.0
SITE0121,6,9,3,3,2.2222222222222223,0.3333333333333333,0.3333333333333333
SITE0121,7,13,1,1,1.5384615384615385,0.07692307692307693,0.07692307692307693
SITE0121,8,7,0,0,2.0,0.0,0.0
SITE0121,9,14,0,0,2.0714285714285716,0.0,0.0
SITE0121,10,21,0,0,2.0476190476190474,0.0,0.0
SITE0121,11,13,1,1,1.5384615384615385,0.07692307692307693,0.07692307692307693
SITE0121,12,37,0,0,1.864864864864865,0.0,0.0
SITE0122,1,1,0,0,0.0,0.0,0.0
SITE0122,2,3,0,0,3.3333333333333335,0.0,0.0
SITE0122,3,4,0,0,1.5,0.0,0.0
SITE0122,4,4,0,0,2.5,0.0,0.0
SITE0122,5,12,0,0,2.25,0.0,0.0
SITE0122,6,16,0,0,1.5625,0.0,0.0
SITE0122,7,11,0,0,1.3636363636363635,0.0,0.0
SITE0122,8,17,0,0,1.9411764705882353,0.0,0.0
SITE0122,9,16,0,0,1.6875,0.0,0.0
SITE0122,10,16,0,0,1.6875,0.0,0.0
SITE0122,11,19,1,1,1.736842105263158,0.05263157894736842,0.05263157894736842
SITE0122,12,66,3,3,1.803030303030303,0.045454545454545456,0.045454545454545456
SITE0123,1,2,0,0,1.0,0.0,0.0
SITE0123,2,2,0,0,1.0,0.0,0.0
SITE0123,3,10,2,2,1.7,0.2,0.2
SITE0123,4,15,1,1,2.2666666666666666,0.06666666666666667,0.06666666666666667
SITE0123,5,8,0,0,1.375,0.0,0.0
SITE0123,6,14,0,0,1.7857142857142858,0.0,0.0
SITE0123,7,14,0,0,1.7857142857142858,0.0,0.0
SITE0123,8,15,1,1,1.5333333333333334,0.06666666666666667,0.06666666666666667
SITE0123,9,7,1,1,2.0,0.14285714285714285,0.14285714285714285
SITE0123,10,15,1,1,1.6666666666666667,0.06666666666666667,0.06666666666666667
SITE0123,11,14,0,0,1.7857142857142858,0.0,0.0
SITE0123,12,43,3,3,1.9767441860465116,0.06976744186046512,0.06976744186046512
SITE0124,2,3,0,0,2.0,0.0,0.0
SITE0124,3,6,0,0,1.6666666666666667,0.0,0.0
SITE0124,4,7,0,0,2.5714285714285716,0.0,0.0
SITE0124,5,12,1,1,1.8333333333333333,0.08333333333333333,0.08333333333333333
SITE0124,6,12,0,0,1.3333333333333333,0.0,0.0
SITE0124,7,9,0,0,1.6666666666666667,0.0,0.0
SITE0124,8,16,1,1,1.5625,0.0625,0.0625
SITE0124,9,21,1,1,2.0,0.047619047619047616,0.047619047619047616
SITE0124,10,12,0,0,1.9166666666666667,0.0,0.0
SITE0124,11,17,0,0,1.1176470588235294,0.0,0.0
SITE0124,12,36,0,0,1.5,0.0,0.0
SITE0125,2,3,0,0,1.0,0.0,0.0
SITE0125,3,2,0,0,0.5,0.0,0.0
SITE0125,4,6,0,0,3.0,0.0,0.0
SITE0125,5,9,0,0,2.111111111111111,0.0,0.0
SITE0125,6,6,1,1,1.1666666666666667,0.16666666666666666,0.16666666666666666
SITE0125,7,13,0,0,1.7692307692307692,0.0,0.0
SITE0125,8,14,0,0,2.0714285714285716,0.0,0.0
SITE0125,9,14,1,1,1.9285714285714286,0.07142857142857142,0.07142857142857142
SITE0125,10,16,0,0,1.5625,0.0,0.0
SITE0125,11,15,0,0,2.4,0.0,0.0
SITE0125,12,36,1,1,1.1944444444444444,0.027777777777777776,0.027777777777777776
SITE0126,1,1,0,0,0.0,0.0,0.0
SITE0126,2,4,0,0,1.25,0.0,0.0
SITE0126,3,7,0,0,1.7142857142857142,0.0,0.0
SITE0126,4,10,1,1,1.8,0.1,0.1
SITE0126,5,9,1,1,1.2222222222222223,0.1111111111111111,0.1111111111111111
SITE0126,6,20,0,0,1.55,0.0,0.0
SITE0126,7,18,1,1,1.5,0.05555555555555555,0.05555555555555555
SITE0126,8,28,2,2,1.9642857142857142,0.07142857142857142,0.07142857142857142
SITE0126,9,13,0,0,2.769230769230769,0.0,0.0
SITE0126,10,21,0,0,1.9047619047619047,0.0,0.0
SITE0126,11,17,0,0,1.411764705882353,0.0,0.0
SITE0126,12,60,3,3,1.6,0.05,0.05
SITE0127,1,1,0,0,0.0,0.0,0.0
SITE0127,2,1,0,0,0.0,0.0,0.0
SITE0127,3,2,0,0,2.5,0.0,0.0
SITE0127,4,5,0,0,1.8,0.0,0.0
SITE0127,5,4,0,0,2.0,0.0,0.0
SITE0127,6,12,0,0,0.75,0.0,0.0
SITE0127,7,9,0,0,2.4444444444444446,0.0,0.0
SITE0127,8,15,0,0,0.8666666666666667,0.0,0.0
SITE0127,9,8,0,0,1.5,0.0,0.0
SITE0127,10,13,0,0,1.6153846153846154,0.0,0.0
SITE0127,11,18,0,0,1.1666666666666667,0.0,0.0
SITE0127,12,54,3,3,1.8148148148148149,0.05555555555555555,0.05555555555555555
SITE0128,1,1,0,0,3.0,0.0,0.0
SITE0128,2,4,0,0,1.25,0.0,0.0
SITE0128,3,9,1,1,1.7777777777777777,0.1111111111111111,0.1111111111111111
SITE0128,4,12,1,1,2.8333333333333335,0.08333333333333333,0.08333333333333333
SITE0128,5,8,0,0,1.75,0.0,0.0
SITE0128,6,12,0,0,2.4166666666666665,0.0,0.0
SITE0128,7,8,0,0,1.75,0.0,0.0
SITE0128,8,13,0,0,1.3846153846153846,0.0,0.0
SITE0128,9,10,0,0,1.3,0.0,0.0
SITE0128,10,15,0,0,2.1333333333333333,0.0,0.0
SITE0128,11,24,0,0,1.5416666666666667,0.0,0.0
SITE0128,12,54,3,3,1.6111111111111112,0.05555555555555555,0.05555555555555555
SITE0129,1,2,0,0,2.5,0.0,0.0
SITE0129,2,3,1,1,1.6666666666666667,0.3333333333333333,0.3333333333333333
SITE0129,3,4,0,0,0.25,0.0,0.0
SITE0129,4,2,0,0,2.0,0.0,0.0
SITE0129,5,7,0,0,1.5714285714285714,0.0,0.0
SITE0129,6,7,0,0,2.0,0.0,0.0
SITE0129,7,6,1,1,2.0,0.16666666666666666,0.16666666666666666
SITE0129,8,14,1,1,1.7857142857142858,0.07142857142857142,0.07142857142857142
SITE0129,9,6,0,0,1.6666666666666667,0.0,0.0
SITE0129,10,11,1,1,1.0909090909090908,0.09090909090909091,0.09090909090909091
SITE0129,11,11,2,2,2.3636363636363638,0.18181818181818182,0.18181818181818182
SITE0129,12,44,1,1,2.159090909090909,0.022727272727272728,0.022727272727272728
SITE0130,1,1,0,0,0.0,0.0,0.0
SITE0130,2,3,1,1,2.6666666666666665,0.3333333333333333,0.3333333333333333
SITE0130,3,3,0,0,1.6666666666666667,0.0,0.0
SITE0130,4,6,1,1,2.3333333333333335,0.16666666666666666,0.16666666666666666
SITE0130,5,13,0,0,2.0,0.0,0.0
SITE0130,6,10,1,1,2.7,0.1,0.1
SITE0130,7,8,0,0,1.625,0.0,0.0
SITE0130,8,7,0,0,1.1428571428571428,0.0,0.0
SITE0130,9,12,0,0,1.0,0.0,0.0
SITE0130,10,13,1,1,2.076923076923077,0.07692307692307693,0.07692307692307693
SITE0130,11,8,0,0,1.875,0.0,0.0
SITE0130,12,48,1,1,1.7083333333333333,0.020833333333333332,0.020833333333333332
SITE0131,1,1,0,0,5.0,0.0,0.0
SITE0131,2,6,1,1,1.3333333333333333,0.16666666666666666,0.16666666666666666
SITE0131,3,2,0,0,2.5,0.0,0.0
SITE0131,4,2,0,0,0.5,0.0,0.0
SITE0131,5,4,0,0,1.5,0.0,0.0
SITE0131,6,8,0,0,0.75,0.0,0.0
SITE0131,7,11,1,1,2.090909090909091,0.09090909090909091,0.09090909090909091
SITE0131,8,12,1,1,1.8333333333333333,0.08333333333333333,0.08333333333333333
SITE0131,9,9,1,1,1.5555555555555556,0.1111111111111111,0.1111111111111111
SITE0131,10,7,0,0,2.142857142857143,0.0,0.0
SITE0131,11,10,1,1,1.4,0.1,0.1
SITE0131,12,40,0,0,1.925,0.0,0.0
SITE0132,1,1,0,0,3.0,0.0,0.0
SITE0132,2,1,0,0,1.0,0.0,0.0
SITE0132,3,4,0,0,2.75,0.0,0.0
SITE0132,4,3,1,1,2.0,0.3333333333333333,0.3333333333333333
SITE0132,5,11,0,0,2.8181818181818183,0.0,0.0
SITE0132,6,23,2,2,1.565217391304348,0.08695652173913043,0.08695652173913043
SITE0132,7,20,0,0,1.1,0.0,0.0
SITE0132,8,17,0,0,1.4705882352941178,0.0,0.0
SITE0132,9,14,0,0,2.0714285714285716,0.0,0.0
SITE0132,10,7,0,0,2.142857142857143,0.0,0.0
SITE0132,11,15,1,1,2.6666666666666665,0.06666666666666667,0.06666666666666667
SITE0132,12,43,4,4,1.697674418604651,0.09302325581395349,0.09302325581395349
SITE0133,2,1,0,0,3.0,0.0,0.0
SITE0133,4,4,0,0,2.5,0.0,0.0
SITE0133,5,3,0,0,2.0,0.0,0.0
SITE0133,6,8,1,1,1.625,0.125,0.125
SITE0133,7,11,0,0,1.7272727272727273,0.0,0.0
SITE0133,8,11,2,2,0.9090909090909091,0.18181818181818182,0.18181818181818182
SITE0133,9,14,0,0,1.9285714285714286,0.0,0.0
SITE0133,10,11,1,1,1.6363636363636365,0.09090909090909091,0.09090909090909091
SITE0133,11,13,0,0,2.230769230769231,0.0,0.0
SITE0133,12,32,1,1,1.5,0.03125,0.03125
SITE0134,1,2,0,0,1.0,0.0,0.0
SITE0134,2,5,0,0,2.2,0.0,0.0
SITE0134,3,5,1,1,0.4,0.2,0.2
SITE0134,4,3,0,0,2.3333333333333335,0.0,0.0
SITE0134,5,6,1,1,2.8333333333333335,0.16666666666666666,0.16666666666666666
SITE0134,6,11,0,0,1.3636363636363635,0.0,0.0
SITE0134,7,12,2,2,1.6666666666666667,0.16666666666666666,0.16666666666666666
SITE0134,8,9,2,2,2.888888888888889,0.2222222222222222,0.2222222222222222
SITE0134,9,10,0,0,2.5,0.0,0.0
SITE0134,10,12,1,1,1.0,0.08333333333333333,0.08333333333333333
SITE0134,11,9,1,1,2.4444444444444446,0.1111111111111111,0.1111111111111111
SITE0134,12,46,4,4,2.0,0.08695652173913043,0.08695652173913043
SITE0135,2,3,0,0,1.0,0.0,0.0
SITE0135,3,2,1,1,3.0,0.5,0.5
SITE0135,4,3,0,0,3.0,0.0,0.0
SITE0135,5,9,1,1,2.111111111111111,0.1111111111111111,0.1111111111111111
SITE0135,6,5,0,0,1.0,0.0,0.0
SITE0135,7,12,1,1,1.3333333333333333,0.08333333333333333,0.08333333333333333
SITE0135,8,9,0,0,1.1111111111111112,0.0,0.0
SITE0135,9,11,0,0,1.7272727272727273,0.0,0.0
SITE0135,10,10,1,1,2.4,0.1,0.1
SITE0135,11,6,0,0,1.3333333333333333,0.0,0.0
SITE0135,12,31,2,2,1.6774193548387097,0.06451612903225806,0.06451612903225806
SITE0136,1,2,0,0,2.5,0.0,0.0
SITE0136,2,1,0,0,2.0,0.0,0.0
SITE0136,3,14,1,1,2.142857142857143,0.07142857142857142,0.07142857142857142
SITE0136,4,5,0,0,2.6,0.0,0.0
SITE0136,5,15,1,1,2.7333333333333334,0.06666666666666667,0.06666666666666667
SITE0136,6,14,0,0,1.2857142857142858,0.0,0.0
SITE0136,7,11,1,1,0.9090909090909091,0.09090909090909091,0.09090909090909091
SITE0136,8,16,0,0,1.4375,0.0,0.0
SITE0136,9,13,0,0,3.0,0.0,0.0
SITE0136,10,23,2,2,1.9130434782608696,0.08695652173913043,0.08695652173913043
SITE0136,11,11,1,1,1.6363636363636365,0.09090909090909091,0.09090909090909091
SITE0136,12,41,3,3,1.7560975609756098,0.07317073170731707,0.07317073170731707
SITE0137,2,4,1,1,1.5,0.25,0.25
SITE0137,3,4,0,0,1.75,0.0,0.0
SITE0137,4,15,0,0,2.0,0.0,0.0
SITE0137,5,11,1,1,1.9090909090909092,0.09090909090909091,0.09090909090909091
SITE0137,6,7,0,0,2.0,0.0,0.0
SITE0137,7,18,2,2,1.4444444444444444,0.1111111111111111,0.1111111111111111
SITE0137,8,19,0,0,2.1578947368421053,0.0,0.0
SITE0137,9,19,1,1,1.368421052631579,0.05263157894736842,0.05263157894736842
SITE0137,10,19,1,1,1.9473684210526316,0.05263157894736842,0.05263157894736842
SITE0137,11,19,1,1,1.8421052631578947,0.05263157894736842,0.05263157894736842
SITE0137,12,38,4,4,1.6842105263157894,0.10526315789473684,0.10526315789473684
SITE0138,1,3,0,0,1.3333333333333333,0.0,0.0
SITE0138,2,2,0,0,2.0,0.0,0.0
SITE0138,3,3,1,1,1.3333333333333333,0.3333333333333333,0.3333333333333333
SITE0138,4,1,0,0,1.0,0.0,0.0
SITE0138,5,10,0,0,1.7,0.0,0.0
SITE0138,6,7,0,0,1.8571428571428572,0.0,0.0
SITE0138,7,11,0,0,2.272727272727273,0.0,0.0
SITE0138,8,15,1,1,1.2666666666666666,0.06666666666666667,0.06666666666666667
SITE0138,9,13,3,3,2.5384615384615383,0.23076923076923078,0.23076923076923078
SITE0138,10,23,0,0,1.6956521739130435,0.0,0.0
SITE0138,11,15,1,1,1.6,0.06666666666666667,0.06666666666666667
SITE0138,12,35,2,2,1.3142857142857143,0.05714285714285714,0.05714285714285714
SITE0139,1,1,0,0,1.0,0.0,0.0
SITE0139,2,2,0,0,2.0,0.0,0.0
SITE0139,3,3,0,0,1.6666666666666667,0.0,0.0
SITE0139,4,12,1,1,1.75,0.08333333333333333,0.08333333333333333
SITE0139,5,15,3,3,1.4666666666666666,0.2,0.2
SITE0139,6,16,2,2,1.0625,0.125,0.125
SITE0139,7,26,5,5,1.0769230769230769,0.19230769230769232,0.19230769230769232
SITE0139,8,18,2,2,2.0,0.1111111111111111,0.1111111111111111
SITE0139,9,14,1,1,1.7857142857142858,0.07142857142857142,0.07142857142857142
SITE0139,10,10,0,0,2.0,0.0,0.0
SITE0139,11,16,0,0,1.375,0.0,0.0
SITE0139,12,56,3,3,1.6071428571428572,0.05357142857142857,0.05357142857142857
SITE0140,2,6,0,0,0.8333333333333334,0.0,0.0
SITE0140,3,6,0,0,1.6666666666666667,0.0,0.0
SITE0140,4,7,0,0,1.5714285714285714,0.0,0.0
SITE0140,5,10,1,1,2.5,0.1,0.1
SITE0140,6,9,0,0,1.4444444444444444,0.0,0.0
SITE0140,7,10,0,0,1.0,0.0,0.0
SITE0140,8,13,1,1,1.3846153846153846,0.07692307692307693,0.07692307692307693
SITE0140,9,7,0,0,1.2857142857142858,0.0,0.0
SITE0140,10,5,0,0,1.4,0.0,0.0
SITE0140,11,13,1,1,1.9230769230769231,0.07692307692307693,0.07692307692307693
SITE0140,12,29,1,1,1.5172413793103448,0.034482758620689655,0.034482758620689655
SITE0141,2,2,0,0,0.5,0.0,0.0
SITE0141,3,4,0,0,1.0,0.0,0.0
SITE0141,4,14,1,1,1.5,0.07142857142857142,0.07142857142857142
SITE0141,5,14,2,2,1.9285714285714286,0.14285714285714285,0.14285714285714285
SITE0141,6,22,0,0,1.2272727272727273,0.0,0.0
SITE0141,7,19,1,1,1.4736842105263157,0.05263157894736842,0.05263157894736842
SITE0141,8,23,1,1,2.1739130434782608,0.043478260869565216,0.043478260869565216
SITE0141,9,22,1,1,1.8636363636363635,0.045454545454545456,0.045454545454545456
SITE0141,10,19,1,1,2.210526315789474,0.05263157894736842,0.05263157894736842
SITE0141,11,16,3,3,2.5,0.1875,0.1875
SITE0141,12,43,2,2,1.744186046511628,0.046511627906976744,0.046511627906976744
SITE0142,2,4,0,0,1.25,0.0,0.0
SITE0142,3,8,0,0,2.5,0.0,0.0
SITE0142,4,6,0,0,2.5,0.0,0.0
SITE0142,5,7,0,0,1.0,0.0,0.0
SITE0142,6,10,0,0,1.6,0.0,0.0
SITE0142,7,10,0,0,1.3,0.0,0.0
SITE0142,8,12,1,1,1.5833333333333333,0.08333333333333333,0.08333333333333333
SITE0142,9,12,2,2,1.6666666666666667,0.16666666666666666,0.16666666666666666
SITE0142,10,11,0,0,0.7272727272727273,0.0,0.0
SITE0142,11,6,1,1,1.0,0.16666666666666666,0.16666666666666666
SITE0142,12,45,3,3,1.8444444444444446,0.06666666666666667,0.06666666666666667
SITE0143,2,1,0,0,0.0,0.0,0.0
SITE0143,3,5,0,0,2.0,0.0,0.0
SITE0143,4,6,0,0,1.3333333333333333,0.0,0.0
SITE0143,5,9,1,1,1.3333333333333333,0.1111111111111111,0.1111111111111111
SITE0143,6,19,1,1,2.1578947368421053,0.05263157894736842,0.05263157894736842
SITE0143,7,8,0,0,1.5,0.0,0.0
SITE0143,8,8,0,0,1.0,0.0,0.0
SITE0143,9,7,1,1,3.142857142857143,0.14285714285714285,0.14285714285714285
SITE0143,10,10,1,1,2.1,0.1,0.1
SITE0143,11,13,0,0,2.076923076923077,0.0,0.0
SITE0143,12,21,2,2,1.8095238095238095,0.09523809523809523,0.09523809523809523
SITE0144,1,2,0,0,2.5,0.0,0.0
SITE0144,2,4,0,0,2.5,0.0,0.0
SITE0144,3,4,0,0,1.5,0.0,0.0
SITE0144,4,7,0,0,1.7142857142857142,0.0,0.0
SITE0144,5,9,0,0,2.2222222222222223,0.0,0.0
SITE0144,6,3,0,0,1.0,0.0,0.0
SITE0144,7,3,0,0,2.6666666666666665,0.0,0.0
SITE0144,8,14,0,0,2.9285714285714284,0.0,0.0
SITE0144,9,16,0,0,2.1875,0.0,0.0
SITE0144,10,11,0,0,1.7272727272727273,0.0,0.0
SITE0144,11,8,1,1,1.375,0.125,0.125
SITE0144,12,37,2,2,1.3243243243243243,0.05405405405405406,0.05405405405405406
SITE0145,1,1,0,0,1.0,0.0,0.0
SITE0145,2,3,0,0,2.3333333333333335,0.0,0.0
SITE0145,3,5,0,0,1.2,0.0,0.0
SITE0145,4,12,2,2,1.6666666666666667,0.16666666666666666,0.16666666666666666
SITE0145,5,5,2,2,2.0,0.4,0.4
SITE0145,6,14,1,1,1.6428571428571428,0.07142857142857142,0.07142857142857142
SITE0145,7,13,1,1,1.5384615384615385,0.07692307692307693,0.07692307692307693
SITE0145,8,16,0,0,1.875,0.0,0.0
SITE0145,9,11,0,0,2.1818181818181817,0.0,0.0
SITE0145,10,14,0,0,1.0,0.0,0.0
SITE0145,11,15,0,0,2.0,0.0,0.0
SITE0145,12,26,0,0,2.1153846153846154,0.0,0.0
SITE0146,2,3,0,0,2.6666666666666665,0.0,0.0
SITE0146,4,6,1,1,2.1666666666666665,0.16666666666666666,0.16666666666666666
SITE0146,5,8,0,0,1.75,0.0,0.0
SITE0146,6,6,0,0,1.0,0.0,0.0
SITE0146,7,13,2,2,1.6923076923076923,0.15384615384615385,0.15384615384615385
SITE0146,8,10,0,0,2.5,0.0,0.0
SITE0146,9,11,0,0,1.7272727272727273,0.0,0.0
SITE0146,10,14,2,2,2.2142857142857144,0.14285714285714285,0.14285714285714285
SITE0146,11,9,1,1,1.7777777777777777,0.1111111111111111,0.1111111111111111
SITE0146,12,23,0,0,1.8695652173913044,0.0,0.0
SITE0147,1,3,0,0,2.0,0.0,0.0
SITE0147,2,3,0,0,2.3333333333333335,0.0,0.0
SITE0147,3,2,0,0,3.0,0.0,0.0
SITE0147,4,5,0,0,1.4,0.0,0.0
SITE0147,5,18,1,1,1.5555555555555556,0.05555555555555555,0.05555555555555555
SITE0147,6,7,0,0,0.7142857142857143,0.0,0.0
SITE0147,7,13,0,0,2.076923076923077,0.0,0.0
SITE0147,8,19,0,0,2.1578947368421053,0.0,0.0
SITE0147,9,16,2,2,1.4375,0.125,0.125
SITE0147,10,9,1,1,2.3333333333333335,0.1111111111111111,0.1111111111111111
SITE0147,11,12,0,0,2.25,0.0,0.0
SITE0147,12,34,1,1,1.7647058823529411,0.029411764705882353,0.029411764705882353
SITE0148,1,2,0,0,1.0,0.0,0.0
SITE0148,2,4,0,0,2.5,0.0,0.0
SITE0148,3,7,2,2,1.4285714285714286,0.2857142857142857,0.2857142857142857
SITE0148,4,4,0,0,0.0,0.0,0.0
SITE0148,5,14,2,2,1.5714285714285714,0.14285714285714285,0.14285714285714285
SITE0148,6,9,0,0,0.8888888888888888,0.0,0.0
SITE0148,7,11,0,0,1.9090909090909092,0.0,0.0
SITE0148,8,17,1,1,1.8235294117647058,0.058823529411764705,0.058823529411764705
SITE0148,9,9,1,1,1.8888888888888888,0.1111111111111111,0.1111111111111111
SITE0148,10,16,0,0,2.3125,0.0,0.0
SITE0148,11,16,0,0,2.0625,0.0,0.0
SITE0148,12,46,0,0,1.391304347826087,0.0,0.0
SITE0149,2,1,0,0,4.0,0.0,0.0
SITE0149,3,8,1,1,1.375,0.125,0.125
SITE0149,4,5,0,0,2.0,0.0,0.0
SITE0149,5,15,0,0,1.9333333333333333,0.0,0.0
SITE0149,6,13,1,1,1.5384615384615385,0.07692307692307693,0.07692307692307693
SITE0149,7,20,0,0,1.9,0.0,0.0
SITE0149,8,25,5,5,1.88,0.2,0.2
SITE0149,9,14,0,0,1.6428571428571428,0.0,0.0
SITE0149,10,19,1,1,1.368421052631579,0.05263157894736842,0.05263157894736842
SITE0149,11,17,0,0,1.7647058823529411,0.0,0.0
SITE0149,12,65,1,1,2.0615384615384613,0.015384615384615385,0.015384615384615385
SITE0150,1,1,0,0,1.0,0.0,0.0
SITE0150,2,4,0,0,0.5,0.0,0.0
SITE0150,3,5,0,0,1.2,0.0,0.0
SITE0150,4,10,0,0,1.9,0.0,0.0
SITE0150,5,14,0,0,1.7857142857142858,0.0,0.0
SITE0150,6,15,0,0,1.8,0.0,0.0
SITE0150,7,10,1,1,1.1,0.1,0.1
SITE0150,8,16,1,1,1.75,0.0625,0.0625
SITE0150,9,11,0,0,1.8181818181818181,0.0,0.0
SITE0150,10,15,1,1,1.4666666666666666,0.06666666666666667,0.06666666666666667
SITE0150,11,14,0,0,1.7857142857142858,0.0,0.0
SITE0150,12,43,3,3,1.6744186046511629,0.06976744186046512,0.06976744186046512
SITE0151,2,5,0,0,3.8,0.0,0.0
SITE0151,3,5,1,1,1.0,0.2,0.2
SITE0151,4,4,0,0,0.75,0.0,0.0
SITE0151,5,7,0,0,1.2857142857142858,0.0,0.0
SITE0151,6,14,0,0,1.7857142857142858,0.0,0.0
SITE0151,7,13,0,0,1.6923076923076923,0.0,0.0
SITE0151,8,18,0,0,1.9444444444444444,0.0,0.0
SITE0151,9,12,0,0,1.9166666666666667,0.0,0.0
SITE0151,10,24,2,2,2.1666666666666665,0.08333333333333333,0.08333333333333333
SITE0151,11,12,0,0,0.8333333333333334,0.0,0.0
SITE0151,12,40,3,3,1.7,0.075,0.075
SITE0152,1,1,0,0,2.0,0.0,0.0
SITE0152,2,1,0,0,1.0,0.0,0.0
SITE0152,3,5,0,0,1.8,0.0,0.0
SITE0152,4,8,0,0,1.625,0.0,0.0
SITE0152,5,8,0,0,1.75,0.0,0.0
SITE0152,6,15,1,1,2.0,0.06666666666666667,0.06666666666666667
SITE0152,7,12,0,0,2.9166666666666665,0.0,0.0
SITE0152,8,18,2,2,1.7222222222222223,0.1111111111111111,0.1111111111111111
SITE0152,9,14,1,1,1.8571428571428572,0.07142857142857142,0.07142857142857142
SITE0152,10,15,3,3,1.3333333333333333,0.2,0.2
SITE0152,11,14,0,0,1.8571428571428572,0.0,0.0
SITE0152,12,42,3,3,2.261904761904762,0.07142857142857142,0.07142857142857142
SITE0153,2,2,0,0,0.5,0.0,0.0
SITE0153,3,5,0,0,1.0,0.0,0.0
SITE0153,4,6,0,0,3.0,0.0,0.0
SITE0153,5,1,0,0,1.0,0.0,0.0
SITE0153,6,7,0,0,1.1428571428571428,0.0,0.0
SITE0153,7,4,0,0,2.75,0.0,0.0
SITE0153,8,7,0,0,2.0,0.0,0.0
SITE0153,9,15,0,0,2.7333333333333334,0.0,0.0
SITE0153,10,6,1,1,2.3333333333333335,0.16666666666666666,0.16666666666666666
SITE0153,11,15,3,3,2.0,0.2,0.2
SITE0153,12,36,1,1,2.1666666666666665,0.027777777777777776,0.027777777777777776
SITE0154,1,2,1,1,1.5,0.5,0.5
SITE0154,2,4,1,1,1.75,0.25,0.25
SITE0154,3,7,1,1,1.5714285714285714,0.14285714285714285,0.14285714285714285
SITE0154,4,3,1,1,2.6666666666666665,0.3333333333333333,0.3333333333333333
SITE0154,5,12,1,1,1.25,0.08333333333333333,0.08333333333333333
SITE0154,6,14,1,1,1.9285714285714286,0.07142857142857142,0.07142857142857142
SITE0154,7,17,1,1,2.0,0.058823529411764705,0.058823529411764705
SITE0154,8,9,0,0,1.4444444444444444,0.0,0.0
SITE0154,9,9,0,0,2.0,0.0,0.0
SITE0154,10,13,0,0,1.8461538461538463,0.0,0.0
SITE0154,11,9,1,1,1.2222222222222223,0.1111111111111111,0.1111111111111111
SITE0154,12,32,0,0,2.25,0.0,0.0
SITE0155,3,2,0,0,3.0,0.0,0.0
SITE0155,4,8,0,0,1.625,0.0,0.0
SITE0155,5,3,0,0,0.3333333333333333,0.0,0.0
SITE0155,6,5,0,0,1.0,0.0,0.0
SITE0155,7,3,0,0,1.6666666666666667,0.0,0.0
SITE0155,8,10,0,0,2.3,0.0,0.0
SITE0155,9,10,1,1,1.7,0.1,0.1
SITE0155,10,9,0,0,1.3333333333333333,0.0,0.0
SITE0155,11,5,1,1,2.0,0.2,0.2
SITE0155,12,38,0,0,1.631578947368421,0.0,0.0
SITE0156,2,4,0,0,2.25,0.0,0.0
SITE0156,3,3,0,0,3.3333333333333335,0.0,0.0
SITE0156,4,6,0,0,2.1666666666666665,0.0,0.0
SITE0156,5,6,0,0,2.0,0.0,0.0
SITE0156,6,15,0,0,1.2,0.0,0.0
SITE0156,7,7,1,1,0.42857142857142855,0.14285714285714285,0.14285714285714285
SITE0156,8,10,0,0,1.7,0.0,0.0
SITE0156,9,12,0,0,1.5,0.0,0.0
SITE0156,10,10,0,0,1.8,0.0,0.0
SITE0156,11,13,1,1,0.8461538461538461,0.07692307692307693,0.07692307692307693
SITE0156,12,45,3,3,1.8666666666666667,0.06666666666666667,0.06666666666666667
SITE0157,2,1,0,0,2.0,0.0,0.0
SITE0157,3,2,0,0,3.5,0.0,0.0
SITE0157,4,4,0,0,2.25,0.0,0.0
SITE0157,5,7,0,0,2.5714285714285716,0.0,0.0
SITE0157,6,10,1,1,1.9,0.1,0.1
SITE0157,7,8,1,1,1.875,0.125,0.125
SITE0157,8,9,1,1,2.5555555555555554,0.1111111111111111,0.1111111111111111
SITE0157,9,9,2,2,1.4444444444444444,0.2222222222222222,0.2222222222222222
SITE0157,10,8,1,1,2.625,0.125,0.125
SITE0157,11,14,1,1,1.2857142857142858,0.07142857142857142,0.07142857142857142
SITE0157,12,26,4,4,1.1538461538461537,0.15384615384615385,0.15384615384615385
SITE0158,1,2,0,0,1.0,0.0,0.0
SITE0158,2,1,1,1,3.0,1.0,1.0
SITE0158,3,3,0,0,0.6666666666666666,0.0,0.0
SITE0158,4,5,0,0,3.2,0.0,0.0
SITE0158,5,10,1,1,1.7,0.1,0.1
SITE0158,6,9,0,0,1.4444444444444444,0.0,0.0
SITE0158,7,13,1,1,1.7692307692307692,0.07692307692307693,0.07692307692307693
SITE0158,8,4,0,0,1.75,0.0,0.0
SITE0158,9,3,0,0,1.0,0.0,0.0
SITE0158,10,10,1,1,1.5,0.1,0.1
SITE0158,11,10,0,0,1.2,0.0,0.0
SITE0158,12,23,2,2,1.173913043478261,0.08695652173913043,0.08695652173913043
SITE0159,2,3,1,1,2.0,0.3333333333333333,0.3333333333333333
SITE0159,3,6,1,1,1.1666666666666667,0.16666666666666666,0.16666666666666666
SITE0159,4,5,0,0,2.8,0.0,0.0
SITE0159,5,5,0,0,2.4,0.0,0.0
SITE0159,6,12,0,0,1.75,0.0,0.0
SITE0159,7,11,0,0,2.1818181818181817,0.0,0.0
SITE0159,8,11,0,0,1.4545454545454546,0.0,0.0
SITE0159,9,14,0,0,1.0,0.0,0.0
SITE0159,10,14,0,0,1.6428571428571428,0.0,0.0
SITE0159,11,13,0,0,1.7692307692307692,0.0,0.0
SITE0159,12,57,4,4,1.6842105263157894,0.07017543859649122,0.07017543859649122
SITE0160,1,1,0,0,1.0,0.0,0.0
SITE0160,2,1,1,1,0.0,1.0,1.0
SITE0160,3,9,0,0,2.0,0.0,0.0
SITE0160,4,5,0,0,1.6,0.0,0.0
SITE0160,5,6,0,0,1.3333333333333333,0.0,0.0
SITE0160,6,16,1,1,2.25,0.0625,0.0625
SITE0160,7,11,0,0,1.6363636363636365,0.0,0.0
SITE0160,8,18,1,1,1.0555555555555556,0.05555555555555555,0.05555555555555555
SITE0160,9,16,0,0,1.625,0.0,0.0
SITE0160,10,17,0,0,2.411764705882353,0.0,0.0
SITE0160,11,13,0,0,1.2307692307692308,0.0,0.0
SITE0160,12,53,3,3,2.169811320754717,0.05660377358490566,0.05660377358490566
SITE0161,1,1,0,0,1.0,0.0,0.0
SITE0161,2,3,0,0,1.6666666666666667,0.0,0.0
SITE0161,3,6,0,0,2.0,0.0,0.0
SITE0161,4,3,0,0,2.0,0.0,0.0
SITE0161,5,8,1,1,1.75,0.125,0.125
SITE0161,6,11,0,0,1.6363636363636365,0.0,0.0
SITE0161,7,11,0,0,2.090909090909091,0.0,0.0
SITE0161,8,7,0,0,2.0,0.0,0.0
SITE0161,9,11,1,1,2.3636363636363638,0.09090909090909091,0.09090909090909091
SITE0161,10,12,1,1,1.6666666666666667,0.08333333333333333,0.08333333333333333
SITE0161,11,13,0,0,1.1538461538461537,0.0,0.0
SITE0161,12,39,2,2,1.7692307692307692,0.05128205128205128,0.05128205128205128
SITE0162,2,4,1,1,2.25,0.25,0.25
SITE0162,3,6,0,0,1.6666666666666667,0.0,0.0
SITE0162,4,8,2,2,2.0,0.25,0.25
SITE0162,5,9,0,0,1.7777777777777777,0.0,0.0
SITE0162,6,10,1,1,1.9,0.1,0.1
SITE0162,7,12,0,0,1.75,0.0,0.0
SITE0162,8,12,0,0,1.0,0.0,0.0
SITE0162,9,12,1,1,2.6666666666666665,0.08333333333333333,0.08333333333333333
SITE0162,10,12,0,0,1.4166666666666667,0.0,0.0
SITE0162,11,15,1,1,2.0,0.06666666666666667,0.06666666666666667
SITE0162,12,54,2,2,1.5,0.037037037037037035,0.037037037037037035
SITE0163,1,2,0,0,2.5,0.0,0.0
SITE0163,2,2,1,1,3.0,0.5,0.5
SITE0163,3,3,0,0,0.0,0.0,0.0
SITE0163,4,7,1,1,1.4285714285714286,0.14285714285714285,0.14285714285714285
SITE0163,5,12,1,1,1.75,0.08333333333333333,0.08333333333333333
SITE0163,6,10,0,0,1.2,0.0,0.0
SITE0163,7,10,1,1,1.3,0.1,0.1
SITE0163,8,15,0,0,2.2,0.0,0.0
SITE0163,9,18,0,0,1.5555555555555556,0.0,0.0
SITE0163,10,22,0,0,1.9545454545454546,0.0,0.0
SITE0163,11,22,0,0,1.1363636363636365,0.0,0.0
SITE0163,12,56,4,4,2.2142857142857144,0.07142857142857142,0.07142857142857142
SITE0164,2,1,0,0,0.0,0.0,0.0
SITE0164,3,1,0,0,0.0,0.0,0.0
SITE0164,4,1,0,0,4.0,0.0,0.0
SITE0164,5,5,1,1,1.8,0.2,0.2
SITE0164,6,4,0,0,2.5,0.0,0.0
SITE0164,7,14,1,1,1.6428571428571428,0.07142857142857142,0.07142857142857142
SITE0164,8,11,0,0,1.0909090909090908,0.0,0.0
SITE0164,9,17,0,0,1.411764705882353,0.0,0.0
SITE0164,10,12,1,1,2.0,0.08333333333333333,0.08333333333333333
SITE0164,11,17,1,1,1.2941176470588236,0.058823529411764705,0.058823529411764705
SITE0164,12,45,2,2,1.711111111111111,0.044444444444444446,0.044444444444444446
SITE0165,2,2,0,0,3.0,0.0,0.0
SITE0165,3,6,1,1,1.1666666666666667,0.16666666666666666,0.16666666666666666
SITE0165,4,6,1,1,3.1666666666666665,0.16666666666666666,0.16666666666666666
SITE0165,5,2,0,0,0.5,0.0,0.0
SITE0165,6,6,0,0,2.3333333333333335,0.0,0.0
SITE0165,7,14,1,1,2.142857142857143,0.07142857142857142,0.07142857142857142
SITE0165,8,12,0,0,1.9166666666666667,0.0,0.0
SITE0165,9,7,0,0,0.8571428571428571,0.0,0.0
SITE0165,10,13,0,0,2.0,0.0,0.0
SITE0165,11,7,0,0,1.4285714285714286,0.0,0.0
SITE0165,12,39,1,1,1.9487179487179487,0.02564102564102564,0.02564102564102564
SITE0166,1,1,0,0,1.0,0.0,0.0
SITE0166,2,6,1,1,1.6666666666666667,0.16666666666666666,0.16666666666666666
SITE0166,3,2,0,0,2.5,0.0,0.0
SITE0166,4,3,0,0,0.6666666666666666,0.0,0.0
SITE0166,5,7,1,1,0.8571428571428571,0.14285714285714285,0.14285714285714285
SITE0166,6,6,0,0,2.3333333333333335,0.0,0.0
SITE0166,7,8,0,0,3.125,0.0,0.0
SITE0166,8,14,1,1,1.5,0.07142857142857142,0.07142857142857142
SITE0166,9,17,0,0,1.1764705882352942,0.0,0.0
SITE0166,10,14,1,1,1.0714285714285714,0.07142857142857142,0.07142857142857142
SITE0166,11,11,0,0,1.4545454545454546,0.0,0.0
SITE0166,12,42,0,0,2.0,0.0,0.0
SITE0167,2,3,0,0,1.0,0.0,0.0
SITE0167,3,3,0,0,1.6666666666666667,0.0,0.0
SITE0167,4,4,0,0,0.75,0.0,0.0
SITE0167,5,7,0,0,2.142857142857143,0.0,0.0
SITE0167,6,7,0,0,1.7142857142857142,0.0,0.0
SITE0167,7,13,0,0,2.1538461538461537,0.0,0.0
SITE0167,8,7,0,0,3.142857142857143,0.0,0.0
SITE0167,9,11,0,0,1.1818181818181819,0.0,0.0
SITE0167,10,2,0,0,1.0,0.0,0.0
SITE0167,11,11,4,4,2.272727272727273,0.36363636363636365,0.36363636363636365
SITE0167,12,32,0,0,1.21875,0.0,0.0
SITE0168,1,2,0,0,2.5,0.0,0.0
SITE0168,2,2,0,0,0.0,0.0,0.0
SITE0168,3,2,0,0,1.0,0.0,0.0
SITE0168,4,2,0,0,2.5,0.0,0.0
SITE0168,5,10,0,0,1.6,0.0,0.0
SITE0168,6,8,1,1,0.75,0.125,0.125
SITE0168,7,11,2,2,1.8181818181818181,0.18181818181818182,0.18181818181818182
SITE0168,8,8,0,0,2.0,0.0,0.0
SITE0168,9,11,1,1,1.6363636363636365,0.09090909090909091,0.09090909090909091
SITE0168,10,6,1,1,1.3333333333333333,0.16666666666666666,0.16666666666666666
SITE0168,11,12,0,0,1.4166666666666667,0.0,0.0
SITE0168,12,27,1,1,1.8888888888888888,0.037037037037037035,0.037037037037037035
SITE0169,2,2,0,0,1.5,0.0,0.0
SITE0169,3,2,1,1,1.5,0.5,0.5
SITE0169,4,6,0,0,0.5,0.0,0.0
SITE0169,5,1,0,0,0.0,0.0,0.0
SITE0169,6,6,0,0,1.0,0.0,0.0
SITE0169,7,9,0,0,1.8888888888888888,0.0,0.0
SITE0169,8,6,0,0,2.1666666666666665,0.0,0.0
SITE0169,9,5,1,1,0.4,0.2,0.2
SITE0169,10,3,0,0,4.0,0.0,0.0
SITE0169,11,11,0,0,1.5454545454545454,0.0,0.0
SITE0169,12,24,1,1,1.8333333333333333,0.041666666666666664,0.041666666666666664
SITE0170,1,2,0,0,3.0,0.0,0.0
SITE0170,2,7,0,0,1.2857142857142858,0.0,0.0
SITE0170,3,5,0,0,1.4,0.0,0.0
SITE0170,4,6,1,1,0.8333333333333334,0.16666666666666666,0.16666666666666666
SITE0170,5,11,0,0,1.9090909090909092,0.0,0.0
SITE0170,6,11,0,0,2.1818181818181817,0.0,0.0
SITE0170,7,19,0,0,1.8421052631578947,0.0,0.0
SITE0170,8,11,1,1,0.7272727272727273,0.09090909090909091,0.09090909090909091
SITE0170,9,16,1,1,1.3125,0.0625,0.0625
SITE0170,10,9,0,0,1.0,0.0,0.0
SITE0170,11,12,0,0,1.5,0.0,0.0
SITE0170,12,37,1,1,1.945945945945946,0.02702702702702703,0.02702702702702703
SITE0171,1,1,0,0,2.0,0.0,0.0
SITE0171,2,2,0,0,0.0,0.0,0.0
SITE0171,3,8,0,0,1.0,0.0,0.0
SITE0171,4,8,0,0,0.5,0.0,0.0
SITE0171,5,11,1,1,2.8181818181818183,0.09090909090909091,0.09090909090909091
SITE0171,6,7,1,1,1.8571428571428572,0.14285714285714285,0.14285714285714285
SITE0171,7,15,1,1,2.066666666666667,0.06666666666666667,0.06666666666666667
SITE0171,8,11,1,1,1.0909090909090908,0.09090909090909091,0.09090909090909091
SITE0171,9,11,0,0,1.7272727272727273,0.0,0.0
SITE0171,10,15,0,0,1.1333333333333333,0.0,0.0
SITE0171,11,9,1,1,1.3333333333333333,0.1111111111111111,0.1111111111111111
SITE0171,12,39,4,4,1.6153846153846154,0.10256410256410256,0.10256410256410256
SITE0172,3,5,1,1,1.6,0.2,0.2
SITE0172,4,6,1,1,1.8333333333333333,0.16666666666666666,0.16666666666666666
SITE0172,5,7,0,0,1.4285714285714286,0.0,0.0
SITE0172,6,10,2,2,1.8,0.2,0.2
SITE0172,7,19,0,0,1.7894736842105263,0.0,0.0
SITE0172,8,10,1,1,1.0,0.1,0.1
SITE0172,9,10,0,0,2.2,0.0,0.0
SITE0172,10,18,2,2,1.6111111111111112,0.1111111111111111,0.1111111111111111
SITE0172,11,11,2,2,2.727272727272727,0.18181818181818182,0.18181818181818182
SITE0172,12,34,2,2,1.3823529411764706,0.058823529411764705,0.058823529411764705
SITE0173,1,3,0,0,1.0,0.0,0.0
SITE0173,2,4,0,0,2.75,0.0,0.0
SITE0173,3,7,0,0,2.0,0.0,0.0
SITE0173,4,6,1,1,0.8333333333333334,0.16666666666666666,0.16666666666666666
SITE0173,5,5,0,0,0.8,0.0,0.0
SITE0173,6,13,1,1,2.1538461538461537,0.07692307692307693,0.07692307692307693
SITE0173,7,12,2,2,2.8333333333333335,0.16666666666666666,0.16666666666666666
SITE0173,8,9,0,0,2.2222222222222223,0.0,0.0
SITE0173,9,9,0,0,1.4444444444444444,0.0,0.0
SITE0173,10,10,1,1,1.4,0.1,0.1
SITE0173,11,9,0,0,1.5555555555555556,0.0,0.0
SITE0173,12,61,2,2,1.7049180327868851,0.03278688524590164,0.03278688524590164
SITE0174,1,1,0,0,2.0,0.0,0.0
SITE0174,2,2,0,0,2.0,0.0,0.0
SITE0174,3,4,0,0,2.25,0.0,0.0
SITE0174,4,5,1,1,1.6,0.2,0.2
SITE0174,5,3,0,0,0.0,0.0,0.0
SITE0174,6,10,2,2,1.1,0.2,0.2
SITE0174,7,14,1,1,1.6428571428571428,0.07142857142857142,0.07142857142857142
SITE0174,8,16,1,1,1.4375,0.0625,0.0625
SITE0174,9,13,0,0,2.3846153846153846,0.0,0.0
SITE0174,10,10,1,1,2.3,0.1,0.1
SITE0174,11,13,0,0,2.8461538461538463,0.0,0.0
SITE0174,12,43,3,3,1.9534883720930232,0.06976744186046512,0.06976744186046512
SITE0175,1,1,0,0,1.0,0.0,0.0
SITE0175,2,1,0,0,4.0,0.0,0.0
SITE0175,3,5,0,0,2.2,0.0,0.0
SITE0175,4,5,0,0,1.0,0.0,0.0
SITE0175,5,12,2,2,1.6666666666666667,0.16666666666666666,0.16666666666666666
SITE0175,6,14,0,0,1.9285714285714286,0.0,0.0
SITE0175,7,18,1,1,1.3888888888888888,0.05555555555555555,0.05555555555555555
SITE0175,8,15,3,3,1.8666666666666667,0.2,0.2
SITE0175,9,9,1,1,1.2222222222222223,0.1111111111111111,0.1111111111111111
SITE0175,10,15,1,1,1.0666666666666667,0.06666666666666667,0.06666666666666667
SITE0175,11,14,0,0,1.0,0.0,0.0
SITE0175,12,59,5,5,1.8135593220338984,0.0847457627118644,0.0847457627118644
SITE0176,2,1,0,0,0.0,0.0,0.0
SITE0176,3,11,0,0,3.3636363636363638,0.0,0.0
SITE0176,4,9,0,0,1.8888888888888888,0.0,0.0
SITE0176,5,9,0,0,1.7777777777777777,0.0,0.0
SITE0176,6,13,2,2,1.6153846153846154,0.15384615384615385,0.15384615384615385
SITE0176,7,6,0,0,1.0,0.0,0.0
SITE0176,8,21,1,1,1.8095238095238095,0.047619047619047616,0.047619047619047616
SITE0176,9,15,0,0,2.466666666666667,0.0,0.0
SITE0176,10,16,1,1,2.25,0.0625,0.0625
SITE0176,11,14,2,2,1.8571428571428572,0.14285714285714285,0.14285714285714285
SITE0176,12,50,1,1,2.0,0.02,0.02
SITE0177,1,1,0,0,3.0,0.0,0.0
SITE0177,2,2,0,0,2.5,0.0,0.0
SITE0177,3,3,0,0,1.3333333333333333,0.0,0.0
SITE0177,4,4,0,0,2.0,0.0,0.0
SITE0177,5,6,1,1,1.0,0.16666666666666666,0.16666666666666666
SITE0177,6,7,0,0,1.0,0.0,0.0
SITE0177,7,14,2,2,1.6428571428571428,0.14285714285714285,0.14285714285714285
SITE0177,8,9,0,0,1.8888888888888888,0.0,0.0
SITE0177,9,21,1,1,1.4285714285714286,0.047619047619047616,0.047619047619047616
SITE0177,10,15,0,0,1.9333333333333333,0.0,0.0
SITE0177,11,10,0,0,1.9,0.0,0.0
SITE0177,12,39,0,0,1.8974358974358974,0.0,0.0
SITE0178,1,2,0,0,1.0,0.0,0.0
SITE0178,2,4,1,1,1.25,0.25,0.25
SITE0178,3,6,1,1,1.5,0.16666666666666666,0.16666666666666666
SITE0178,4,8,0,0,1.5,0.0,0.0
SITE0178,5,5,0,0,3.2,0.0,0.0
SITE0178,6,9,0,0,1.7777777777777777,0.0,0.0
SITE0178,7,10,1,1,2.6,0.1,0.1
SITE0178,8,26,0,0,1.8846153846153846,0.0,0.0
SITE0178,9,12,0,0,2.0,0.0,0.0
SITE0178,10,8,1,1,1.125,0.125,0.125
SITE0178,11,12,0,0,1.6666666666666667,0.0,0.0
SITE0178,12,50,6,6,2.24,0.12,0.12
SITE0179,2,2,0,0,3.5,0.0,0.0
SITE0179,3,8,3,3,2.125,0.375,0.375
SITE0179,4,6,0,0,2.6666666666666665,0.0,0.0
SITE0179,5,11,1,1,1.1818181818181819,0.09090909090909091,0.09090909090909091
SITE0179,6,9,2,2,1.6666666666666667,0.2222222222222222,0.2222222222222222
SITE0179,7,13,1,1,0.6923076923076923,0.07692307692307693,0.07692307692307693
SITE0179,8,20,2,2,2.6,0.1,0.1
SITE0179,9,19,2,2,1.5789473684210527,0.10526315789473684,0.10526315789473684
SITE0179,10,10,1,1,1.5,0.1,0.1
SITE0179,11,12,1,1,1.6666666666666667,0.08333333333333333,0.08333333333333333
SITE0179,12,46,2,2,1.608695652173913,0.043478260869565216,0.043478260869565216
SITE0180,1,1,0,0,0.0,0.0,0.0
SITE0180,2,4,1,1,1.0,0.25,0.25
SITE0180,3,4,0,0,1.5,0.0,0.0
SITE0180,4,9,1,1,1.3333333333333333,0.1111111111111111,0.1111111111111111
SITE0180,5,8,0,0,2.125,0.0,0.0
SITE0180,6,8,0,0,1.25,0.0,0.0
SITE0180,7,11,0,0,2.5454545454545454,0.0,0.0
SITE0180,8,13,1,1,1.6923076923076923,0.07692307692307693,0.07692307692307693
SITE0180,9,12,0,0,1.5,0.0,0.0
SITE0180,10,15,0,0,1.8666666666666667,0.0,0.0
SITE0180,11,10,0,0,2.2,0.0,0.0
SITE0180,12,42,1,1,1.5,0.023809523809523808,0.023809523809523808
SITE0181,1,1,0,0,0.0,0.0,0.0
SITE0181,2,4,0,0,1.5,0.0,0.0
SITE0181,3,1,0,0,0.0,0.0,0.0
SITE0181,4,3,0,0,1.6666666666666667,0.0,0.0
SITE0181,5,4,0,0,1.0,0.0,0.0
SITE0181,6,7,0,0,0.8571428571428571,0.0,0.0
SITE0181,7,12,0,0,1.0,0.0,0.0
SITE0181,8,14,0,0,2.2857142857142856,0.0,0.0
SITE0181,9,13,1,1,1.7692307692307692,0.07692307692307693,0.07692307692307693
SITE0181,10,11,0,0,2.0,0.0,0.0
SITE0181,11,11,0,0,1.6363636363636365,0.0,0.0
SITE0181,12,33,2,2,1.606060606060606,0.06060606060606061,0.06060606060606061
SITE0182,2,1,0,0,0.0,0.0,0.0
SITE0182,3,6,1,1,1.1666666666666667,0.16666666666666666,0.16666666666666666
SITE0182,4,5,0,0,1.4,0.0,0.0
SITE0182,5,7,1,1,1.7142857142857142,0.14285714285714285,0.14285714285714285
SITE0182,6,8,3,3,1.125,0.375,0.375
SITE0182,7,13,0,0,1.8461538461538463,0.0,0.0
SITE0182,8,16,0,0,2.125,0.0,0.0
SITE0182,9,8,0,0,1.25,0.0,0.0
SITE0182,10,7,0,0,1.4285714285714286,0.0,0.0
SITE0182,11,10,0,0,1.8,0.0,0.0
SITE0182,12,31,2,2,1.8709677419354838,0.06451612903225806,0.06451612903225806
SITE0183,2,2,0,0,0.5,0.0,0.0
SITE0183,3,7,1,1,1.5714285714285714,0.14285714285714285,0.14285714285714285
SITE0183,4,10,0,0,0.8,0.0,0.0
SITE0183,5,11,1,1,1.7272727272727273,0.09090909090909091,0.09090909090909091
SITE0183,6,15,0,0,2.0,0.0,0.0
SITE0183,7,9,1,1,3.3333333333333335,0.1111111111111111,0.1111111111111111
SITE0183,8,7,0,0,0.7142857142857143,0.0,0.0
SITE0183,9,9,0,0,1.8888888888888888,0.0,0.0
SITE0183,10,9,0,0,2.7777777777777777,0.0,0.0
SITE0183,11,15,1,1,1.3333333333333333,0.06666666666666667,0.06666666666666667
SITE0183,12,53,2,2,2.056603773584906,0.03773584905660377,0.03773584905660377
SITE0184,2,2,0,0,0.0,0.0,0.0
SITE0184,3,8,0,0,2.25,0.0,0.0
SITE0184,4,6,0,0,2.0,0.0,0.0
SITE0184,5,5,0,0,1.0,0.0,0.0
SITE0184,6,13,1,1,1.3846153846153846,0.07692307692307693,0.07692307692307693
SITE0184,7,17,1,1,0.7647058823529411,0.058823529411764705,0.058823529411764705
SITE0184,8,10,2,2,1.7,0.2,0.2
SITE0184,9,24,0,0,1.6666666666666667,0.0,0.0
SITE0184,10,12,0,0,2.25,0.0,0.0
SITE0184,11,14,0,0,1.7142857142857142,0.0,0.0
SITE0184,12,70,3,3,1.542857142857143,0.04285714285714286,0.04285714285714286
SITE0185,2,3,0,0,2.6666666666666665,0.0,0.0
SITE0185,3,9,0,0,0.8888888888888888,0.0,0.0
SITE0185,4,6,0,0,1.3333333333333333,0.0,0.0
SITE0185,5,12,0,0,1.4166666666666667,0.0,0.0
SITE0185,6,13,1,1,2.3846153846153846,0.07692307692307693,0.07692307692307693
SITE0185,7,9,1,1,1.8888888888888888,0.1111111111111111,0.1111111111111111
SITE0185,8,18,0,0,2.0,0.0,0.0
SITE0185,9,13,0,0,0.9230769230769231,0.0,0.0
SITE0185,10,9,2,2,2.0,0.2222222222222222,0.2222222222222222
SITE0185,11,18,0,0,2.1666666666666665,0.0,0.0
SITE0185,12,52,2,2,1.7884615384615385,0.038461538461538464,0.038461538461538464
SITE0186,1,2,0,0,1.5,0.0,0.0
SITE0186,2,5,0,0,2.0,0.0,0.0
SITE0186,3,1,0,0,0.0,0.0,0.0
SITE0186,4,6,1,1,0.5,0.16666666666666666,0.16666666666666666
SITE0186,5,5,0,0,1.6,0.0,0.0
SITE0186,6,5,0,0,1.2,0.0,0.0
SITE0186,7,12,0,0,1.6666666666666667,0.0,0.0
SITE0186,8,11,3,3,2.3636363636363638,0.2727272727272727,0.2727272727272727
SITE0186,9,8,0,0,1.375,0.0,0.0
SITE0186,10,12,1,1,1.9166666666666667,0.08333333333333333,0.08333333333333333
SITE0186,11,13,0,0,1.7692307692307692,0.0,0.0
SITE0186,12,27,0,0,1.6296296296296295,0.0,0.0
SITE0187,1,1,0,0,3.0,0.0,0.0
SITE0187,2,1,0,0,1.0,0.0,0.0
SITE0187,3,3,0,0,1.6666666666666667,0.0,0.0
SITE0187,4,9,0,0,1.6666666666666667,0.0,0.0
SITE0187,5,6,0,0,1.3333333333333333,0.0,0.0
SITE0187,6,4,0,0,0.0,0.0,0.0
SITE0187,7,18,2,2,1.2222222222222223,0.1111111111111111,0.1111111111111111
SITE0187,8,15,0,0,2.2666666666666666,0.0,0.0
SITE0187,9,13,2,2,1.9230769230769231,0.15384615384615385,0.15384615384615385
SITE0187,10,10,0,0,1.3,0.0,0.0
SITE0187,11,13,1,1,2.076923076923077,0.07692307692307693,0.07692307692307693
SITE0187,12,52,1,1,1.9038461538461537,0.019230769230769232,0.019230769230769232
SITE0188,1,2,0,0,1.0,0.0,0.0
SITE0188,2,2,0,0,2.0,0.0,0.0
SITE0188,3,6,0,0,2.8333333333333335,0.0,0.0
SITE0188,4,6,0,0,2.5,0.0,0.0
SITE0188,5,9,2,2,2.111111111111111,0.2222222222222222,0.2222222222222222
SITE0188,6,9,0,0,1.4444444444444444,0.0,0.0
SITE0188,7,26,1,1,1.4615384615384615,0.038461538461538464,0.038461538461538464
SITE0188,8,15,0,0,1.8,0.0,0.0
SITE0188,9,19,1,1,1.736842105263158,0.05263157894736842,0.05263157894736842
SITE0188,10,18,0,0,2.0,0.0,0.0
SITE0188,11,24,0,0,2.25,0.0,0.0
SITE0188,12,46,7,7,1.565217391304348,0.15217391304347827,0.15217391304347827
SITE0189,1,2,0,0,0.0,0.0,0.0
SITE0189,2,4,0,0,0.75,0.0,0.0
SITE0189,3,2,0,0,1.0,0.0,0.0
SITE0189,4,9,2,2,2.5555555555555554,0.2222222222222222,0.2222222222222222
SITE0189,5,5,0,0,2.4,0.0,0.0
SITE0189,6,8,0,0,1.625,0.0,0.0
SITE0189,7,9,2,2,2.111111111111111,0.2222222222222222,0.2222222222222222
SITE0189,8,11,0,0,2.3636363636363638,0.0,0.0
SITE0189,9,12,0,0,2.25,0.0,0.0
SITE0189,10,16,0,0,2.375,0.0,0.0
SITE0189,11,15,0,0,2.6666666666666665,0.0,0.0
SITE0189,12,45,2,2,1.6888888888888889,0.044444444444444446,0.044444444444444446
SITE0190,2,2,0,0,1.5,0.0,0.0
SITE0190,3,6,1,1,1.8333333333333333,0.16666666666666666,0.16666666666666666
SITE0190,4,4,0,0,2.5,0.0,0.0
SITE0190,5,8,1,1,1.375,0.125,0.125
SITE0190,6,8,0,0,2.125,0.0,0.0
SITE0190,7,10,0,0,2.2,0.0,0.0
SITE0190,8,16,1,1,1.75,0.0625,0.0625
SITE0190,9,8,2,2,1.375,0.25,0.25
SITE0190,10,12,1,1,2.3333333333333335,0.08333333333333333,0.08333333333333333
SITE0190,11,7,0,0,1.0,0.0,0.0
SITE0190,12,43,0,0,1.4883720930232558,0.0,0.0
SITE0191,1,1,0,0,0.0,0.0,0.0
SITE0191,2,3,0,0,0.3333333333333333,0.0,0.0
SITE0191,3,4,0,0,1.0,0.0,0.0
SITE0191,4,8,0,0,1.5,0.0,0.0
SITE0191,5,10,0,0,1.2,0.0,0.0
SITE0191,6,9,2,2,1.6666666666666667,0.2222222222222222,0.2222222222222222
SITE0191,7,13,0,0,2.1538461538461537,0.0,0.0
SITE0191,8,15,1,1,1.8666666666666667,0.06666666666666667,0.06666666666666667
SITE0191,9,8,0,0,2.0,0.0,0.0
SITE0191,10,13,0,0,1.5384615384615385,0.0,0.0
SITE0191,11,25,2,2,2.2,0.08,0.08
SITE0191,12,55,3,3,1.690909090909091,0.05454545454545454,0.05454545454545454
SITE0192,1,1,0,0,4.0,0.0,0.0
SITE0192,2,5,0,0,1.4,0.0,0.0
SITE0192,3,10,2,2,1.9,0.2,0.2
SITE0192,4,6,1,1,1.8333333333333333,0.16666666666666666,0.16666666666666666
SITE0192,5,8,1,1,1.625,0.125,0.125
SITE0192,6,10,0,0,1.8,0.0,0.0
SITE0192,7,7,0,0,2.0,0.0,0.0
SITE0192,8,20,1,1,1.1,0.05,0.05
SITE0192,9,21,0,0,1.9523809523809523,0.0,0.0
SITE0192,10,22,0,0,1.1363636363636365,0.0,0.0
SITE0192,11,18,1,1,1.9444444444444444,0.05555555555555555,0.05555555555555555
SITE0192,12,56,3,3,1.7857142857142858,0.05357142857142857,0.05357142857142857
SITE0193,1,1,0,0,0.0,0.0,0.0
SITE0193,2,1,0,0,1.0,0.0,0.0
SITE0193,3,3,0,0,2.0,0.0,0.0
SITE0193,4,8,0,0,2.875,0.0,0.0
SITE0193,5,9,2,2,1.8888888888888888,0.2222222222222222,0.2222222222222222
SITE0193,6,11,0,0,1.4545454545454546,0.0,0.0
SITE0193,7,17,1,1,1.3529411764705883,0.058823529411764705,0.058823529411764705
SITE0193,8,12,2,2,2.0,0.16666666666666666,0.16666666666666666
SITE0193,9,12,0,0,2.25,0.0,0.0
SITE0193,10,6,0,0,3.1666666666666665,0.0,0.0
SITE0193,11,15,1,1,2.3333333333333335,0.06666666666666667,0.06666666666666667
SITE0193,12,38,1,1,1.6842105263157894,0.02631578947368421,0.02631578947368421
SITE0194,1,1,0,0,2.0,0.0,0.0
SITE0194,2,5,1,1,1.4,0.2,0.2
SITE0194,3,6,1,1,3.0,0.16666666666666666,0.16666666666666666
SITE0194,4,7,0,0,1.5714285714285714,0.0,0.0
SITE0194,5,12,0,0,1.9166666666666667,0.0,0.0
SITE0194,6,12,0,0,1.6666666666666667,0.0,0.0
SITE0194,7,17,1,1,2.2941176470588234,0.058823529411764705,0.058823529411764705
SITE0194,8,13,1,1,1.4615384615384615,0.07692307692307693,0.07692307692307693
SITE0194,9,21,0,0,2.0,0.0,0.0
SITE0194,10,20,0,0,1.75,0.0,0.0
SITE0194,11,15,0,0,1.4666666666666666,0.0,0.0
SITE0194,12,53,4,4,1.3396226415094339,0.07547169811320754,0.07547169811320754
SITE0195,2,1,0,0,0.0,0.0,0.0
SITE0195,3,5,0,0,1.6,0.0,0.0
SITE0195,4,12,1,1,2.4166666666666665,0.08333333333333333,0.08333333333333333
SITE0195,5,10,1,1,3.0,0.1,0.1
SITE0195,6,10,0,0,1.8,0.0,0.0
SITE0195,7,13,0,0,1.6923076923076923,0.0,0.0
SITE0195,8,14,2,2,2.2142857142857144,0.14285714285714285,0.14285714285714285
SITE0195,9,13,0,0,1.6923076923076923,0.0,0.0
SITE0195,10,12,2,2,1.0,0.16666666666666666,0.16666666666666666
SITE0195,11,11,1,1,2.8181818181818183,0.09090909090909091,0.09090909090909091
SITE0195,12,40,2,2,1.725,0.05,0.05
SITE0196,1,1,0,0,3.0,0.0,0.0
SITE0196,2,3,1,1,0.3333333333333333,0.3333333333333333,0.3333333333333333
SITE0196,3,2,0,0,2.5,0.0,0.0
SITE0196,4,6,0,0,2.1666666666666665,0.0,0.0
SITE0196,5,7,0,0,2.2857142857142856,0.0,0.0
SITE0196,6,7,0,0,1.1428571428571428,0.0,0.0
SITE0196,7,5,0,0,2.4,0.0,0.0
SITE0196,8,8,1,1,2.375,0.125,0.125
SITE0196,9,11,0,0,1.5454545454545454,0.0,0.0
SITE0196,10,16,2,2,1.9375,0.125,0.125
SITE0196,11,16,3,3,1.125,0.1875,0.1875
SITE0196,12,28,0,0,1.6428571428571428,0.0,0.0
SITE0197,2,2,0,0,4.0,0.0,0.0
SITE0197,3,3,0,0,2.3333333333333335,0.0,0.0
SITE0197,4,5,0,0,1.6,0.0,0.0
SITE0197,5,5,1,1,3.0,0.2,0.2
SITE0197,6,12,1,1,1.3333333333333333,0.08333333333333333,0.08333333333333333
SITE0197,7,9,0,0,1.7777777777777777,0.0,0.0
SITE0197,8,9,0,0,2.3333333333333335,0.0,0.0
SITE0197,9,10,0,0,1.8,0.0,0.0
SITE0197,10,17,0,0,1.8235294117647058,0.0,0.0
SITE0197,11,9,0,0,1.8888888888888888,0.0,0.0
SITE0197,12,34,3,3,1.6764705882352942,0.08823529411764706,0.08823529411764706
SITE0198,2,7,1,1,1.0,0.14285714285714285,0.14285714285714285
SITE0198,3,2,1,1,2.5,0.5,0.5
SITE0198,4,5,0,0,1.2,0.0,0.0
SITE0198,5,5,0,0,1.0,0.0,0.0
SITE0198,6,6,0,0,1.6666666666666667,0.0,0.0
SITE0198,7,9,0,0,2.0,0.0,0.0
SITE0198,8,18,0,0,1.0555555555555556,0.0,0.0
SITE0198,9,14,2,2,1.4285714285714286,0.14285714285714285,0.14285714285714285
SITE0198,10,19,1,1,1.0,0.05263157894736842,0.05263157894736842
SITE0198,11,6,0,0,1.3333333333333333,0.0,0.0
SITE0198,12,38,1,1,1.631578947368421,0.02631578947368421,0.02631578947368421
SITE0199,2,2,0,0,1.0,0.0,0.0
SITE0199,3,6,0,0,1.1666666666666667,0.0,0.0
SITE0199,4,10,0,0,2.4,0.0,0.0
SITE0199,5,4,0,0,0.75,0.0,0.0
SITE0199,6,8,1,1,2.0,0.125,0.125
SITE0199,7,10,1,1,1.2,0.1,0.1
SITE0199,8,8,0,0,1.0,0.0,0.0
SITE0199,9,8,1,1,1.875,0.125,0.125
SITE0199,10,13,0,0,1.1538461538461537,0.0,0.0
SITE0199,11,13,0,0,2.6153846153846154,0.0,0.0
SITE0199,12,36,3,3,1.5555555555555556,0.08333333333333333,0.08333333333333333
SITE0200,2,3,0,0,1.6666666666666667,0.0,0.0
SITE0200,3,7,0,0,2.4285714285714284,0.0,0.0
SITE0200,4,4,0,0,1.5,0.0,0.0
SITE0200,5,8,0,0,1.0,0.0,0.0
SITE0200,6,10,0,0,1.5,0.0,0.0
SITE0200,7,17,1,1,1.2941176470588236,0.058823529411764705,0.058823529411764705
SITE0200,8,17,0,0,1.3529411764705883,0.0,0.0
SITE0200,9,10,1,1,2.0,0.1,0.1
SITE0200,10,20,0,0,1.5,0.0,0.0
SITE0200,11,18,2,2,1.5555555555555556,0.1111111111111111,0.1111111111111111
SITE0200,12,67,3,3,1.7014925373134329,0.04477611940298507,0.04477611940298507
SITE0201,1,1,0,0,1.0,0.0,0.0
SITE0201,2,2,0,0,1.5,0.0,0.0
SITE0201,3,3,2,2,2.3333333333333335,0.6666666666666666,0.6666666666666666
SITE0201,4,2,0,0,2.5,0.0,0.0
SITE0201,5,2,0,0,1.5,0.0,0.0
SITE0201,6,6,0,0,2.8333333333333335,0.0,0.0
SITE0201,7,7,1,1,2.5714285714285716,0.14285714285714285,0.14285714285714285
SITE0201,8,4,0,0,2.5,0.0,0.0
SITE0201,9,11,1,1,0.9090909090909091,0.09090909090909091,0.09090909090909091
SITE0201,10,11,2,2,1.6363636363636365,0.18181818181818182,0.18181818181818182
SITE0201,11,8,1,1,2.625,0.125,0.125
SITE0201,12,41,4,4,1.3902439024390243,0.0975609756097561,0.0975609756097561
SITE0202,1,1,0,0,2.0,0.0,0.0
SITE0202,2,2,0,0,1.0,0.0,0.0
SITE0202,3,8,0,0,1.625,0.0,0.0
SITE0202,4,8,1,1,2.125,0.125,0.125
SITE0202,5,6,0,0,2.0,0.0,0.0
SITE0202,6,5,0,0,2.2,0.0,0.0
SITE0202,7,10,1,1,1.4,0.1,0.1
SITE0202,8,15,0,0,1.5333333333333334,0.0,0.0
SITE0202,9,12,0,0,1.1666666666666667,0.0,0.0
SITE0202,10,16,1,1,1.375,0.0625,0.0625
SITE0202,11,18,0,0,3.388888888888889,0.0,0.0
SITE0202,12,53,3,3,1.849056603773585,0.05660377358490566,0.05660377358490566
SITE0203,1,1,0,0,5.0,0.0,0.0
SITE0203,2,2,0,0,2.0,0.0,0.0
SITE0203,3,3,0,0,2.6666666666666665,0.0,0.0
SITE0203,4,3,0,0,2.0,0.0,0.0
SITE0203,5,3,0,0,2.3333333333333335,0.0,0.0
SITE0203,6,11,1,1,1.8181818181818181,0.09090909090909091,0.09090909090909091
SITE0203,7,7,1,1,2.4285714285714284,0.14285714285714285,0.14285714285714285
SITE0203,8,10,0,0,1.7,0.0,0.0
SITE0203,9,14,1,1,1.7857142857142858,0.07142857142857142,0.07142857142857142
SITE0203,10,7,0,0,3.0,0.0,0.0
SITE0203,11,13,0,0,1.1538461538461537,0.0,0.0
SITE0203,12,36,3,3,2.0,0.08333333333333333,0.08333333333333333
SITE0204,2,1,0,0,4.0,0.0,0.0
SITE0204,3,7,0,0,2.4285714285714284,0.0,0.0
SITE0204,4,8,0,0,0.875,0.0,0.0
SITE0204,5,12,0,0,2.0833333333333335,0.0,0.0
SITE0204,6,6,0,0,1.8333333333333333,0.0,0.0
SITE0204,7,8,0,0,1.625,0.0,0.0
SITE0204,8,9,1,1,3.2222222222222223,0.1111111111111111,0.1111111111111111
SITE0204,9,9,0,0,0.6666666666666666,0.0,0.0
SITE0204,10,12,0,0,2.0833333333333335,0.0,0.0
SITE0204,11,15,0,0,1.7333333333333334,0.0,0.0
SITE0204,12,40,1,1,1.625,0.025,0.025
SITE0205,2,4,0,0,2.0,0.0,0.0
SITE0205,3,4,0,0,2.5,0.0,0.0
SITE0205,4,6,1,1,1.3333333333333333,0.16666666666666666,0.16666666666666666
SITE0205,5,3,0,0,0.3333333333333333,0.0,0.0
SITE0205,6,4,0,0,0.5,0.0,0.0
SITE0205,7,9,1,1,2.111111111111111,0.1111111111111111,0.1111111111111111
SITE0205,8,11,0,0,1.8181818181818181,0.0,0.0
SITE0205,9,8,1,1,1.75,0.125,0.125
SITE0205,10,11,0,0,1.6363636363636365,0.0,0.0
SITE0205,11,10,1,1,2.1,0.1,0.1
SITE0205,12,42,1,1,1.3571428571428572,0.023809523809523808,0.023809523809523808
SITE0206,1,1,0,0,0.0,0.0,0.0
SITE0206,2,4,2,2,1.0,0.5,0.5
SITE0206,3,3,0,0,2.0,0.0,0.0
SITE0206,4,5,0,0,1.2,0.0,0.0
SITE0206,5,8,0,0,1.625,0.0,0.0
SITE0206,6,5,0,0,2.0,0.0,0.0
SITE0206,7,1,0,0,3.0,0.0,0.0
SITE0206,8,10,1,1,1.1,0.1,0.1
SITE0206,9,5,1,1,2.0,0.2,0.2
SITE0206,10,1,0,0,2.0,0.0,0.0
SITE0206,11,14,0,0,1.7142857142857142,0.0,0.0
SITE0206,12,24,4,4,1.7083333333333333,0.16666666666666666,0.16666666666666666
SITE0207,1,1,1,1,0.0,1.0,1.0
SITE0207,2,4,0,0,0.25,0.0,0.0
SITE0207,3,7,0,0,2.0,0.0,0.0
SITE0207,4,7,0,0,2.2857142857142856,0.0,0.0
SITE0207,5,10,0,0,2.5,0.0,0.0
SITE0207,6,12,1,1,2.5833333333333335,0.08333333333333333,0.08333333333333333
SITE0207,7,17,3,3,1.8823529411764706,0.17647058823529413,0.17647058823529413
SITE0207,8,11,0,0,1.8181818181818181,0.0,0.0
SITE0207,9,10,0,0,1.7,0.0,0.0
SITE0207,10,9,0,0,1.6666666666666667,0.0,0.0
SITE0207,11,17,1,1,2.4705882352941178,0.058823529411764705,0.058823529411764705
SITE0207,12,49,3,3,1.5510204081632653,0.061224489795918366,0.061224489795918366
SITE0208,2,4,0,0,3.0,0.0,0.0
SITE0208,3,3,0,0,2.6666666666666665,0.0,0.0
SITE0208,4,7,0,0,1.8571428571428572,0.0,0.0
SITE0208,5,14,0,0,2.5,0.0,0.0
SITE0208,6,14,0,0,1.8571428571428572,0.0,0.0
SITE0208,7,11,1,1,1.3636363636363635,0.09090909090909091,0.09090909090909091
SITE0208,8,14,2,2,1.5,0.14285714285714285,0.14285714285714285
SITE0208,9,15,0,0,2.066666666666667,0.0,0.0
SITE0208,10,14,0,0,1.1428571428571428,0.0,0.0
SITE0208,11,9,0,0,2.111111111111111,0.0,0.0
SITE0208,12,45,5,5,1.9333333333333333,0.1111111111111111,0.1111111111111111
SITE0209,1,2,0,0,3.0,0.0,0.0
SITE0209,2,4,0,0,3.0,0.0,0.0
SITE0209,3,7,1,1,2.857142857142857,0.14285714285714285,0.14285714285714285
SITE0209,4,6,1,1,2.6666666666666665,0.16666666666666666,0.16666666666666666
SITE0209,5,4,0,0,0.75,0.0,0.0
SITE0209,6,10,1,1,1.2,0.1,0.1
SITE0209,7,11,0,0,1.6363636363636365,0.0,0.0
SITE0209,8,15,2,2,1.8,0.13333333333333333,0.13333333333333333
SITE0209,9,9,0,0,1.4444444444444444,0.0,0.0
SITE0209,10,12,0,0,1.5,0.0,0.0
SITE0209,11,10,0,0,1.5,0.0,0.0
SITE0209,12,38,4,4,2.1842105263157894,0.10526315789473684,0.10526315789473684
SITE0210,1,2,0,0,4.0,0.0,0.0
SITE0210,2,3,1,1,2.0,0.3333333333333333,0.3333333333333333
SITE0210,3,2,1,1,3.5,0.5,0.5
SITE0210,4,3,0,0,1.0,0.0,0.0
SITE0210,5,5,0,0,0.6,0.0,0.0
SITE0210,6,8,1,1,2.875,0.125,0.125
SITE0210,7,13,0,0,2.076923076923077,0.0,0.0
SITE0210,8,11,1,1,1.9090909090909092,0.09090909090909091,0.09090909090909091
SITE0210,9,6,1,1,1.5,0.16666666666666666,0.16666666666666666
SITE0210,10,9,0,0,1.4444444444444444,0.0,0.0
SITE0210,11,12,1,1,1.9166666666666667,0.08333333333333333,0.08333333333333333
SITE0210,12,38,3,3,1.6842105263157894,0.07894736842105263,0.07894736842105263
SITE0211,2,3,0,0,1.0,0.0,0.0
SITE0211,3,10,0,0,1.7,0.0,0.0
SITE0211,4,10,0,0,2.5,0.0,0.0
SITE0211,5,9,0,0,1.5555555555555556,0.0,0.0
SITE0211,6,9,0,0,1.1111111111111112,0.0,0.0
SITE0211,7,9,0,0,1.7777777777777777,0.0,0.0
SITE0211,8,13,1,1,1.6923076923076923,0.07692307692307693,0.07692307692307693
SITE0211,9,6,0,0,1.5,0.0,0.0
SITE0211,10,13,2,2,2.4615384615384617,0.15384615384615385,0.15384615384615385
SITE0211,11,5,0,0,3.2,0.0,0.0
SITE0211,12,44,2,2,1.9545454545454546,0.045454545454545456,0.045454545454545456
SITE0212,2,1,0,0,1.0,0.0,0.0
SITE0212,3,1,0,0,4.0,0.0,0.0
SITE0212,4,4,0,0,1.0,0.0,0.0
SITE0212,5,3,0,0,0.3333333333333333,0.0,0.0
SITE0212,6,12,1,1,1.75,0.08333333333333333,0.08333333333333333
SITE0212,7,7,0,0,2.2857142857142856,0.0,0.0
SITE0212,8,9,0,0,1.3333333333333333,0.0,0.0
SITE0212,9,10,0,0,1.0,0.0,0.0
SITE0212,10,9,0,0,1.5555555555555556,0.0,0.0
SITE0212,11,10,0,0,1.6,0.0,0.0
SITE0212,12,31,4,4,1.935483870967742,0.12903225806451613,0.12903225806451613
SITE0213,2,1,0,0,2.0,0.0,0.0
SITE0213,3,5,0,0,2.2,0.0,0.0
SITE0213,4,4,0,0,1.0,0.0,0.0
SITE0213,5,7,0,0,1.2857142857142858,0.0,0.0
SITE0213,6,13,0,0,1.3076923076923077,0.0,0.0
SITE0213,7,16,2,2,1.75,0.125,0.125
SITE0213,8,11,0,0,1.4545454545454546,0.0,0.0
SITE0213,9,17,2,2,1.5294117647058822,0.11764705882352941,0.11764705882352941
SITE0213,10,16,2,2,2.1875,0.125,0.125
SITE0213,11,12,0,0,2.75,0.0,0.0
SITE0213,12,54,4,4,2.4444444444444446,0.07407407407407407,0.07407407407407407
SITE0214,1,2,0,0,1.0,0.0,0.0
SITE0214,2,1,0,0,1.0,0.0,0.0
SITE0214,3,3,0,0,2.3333333333333335,0.0,0.0
SITE0214,4,5,0,0,2.2,0.0,0.0
SITE0214,5,4,1,1,1.5,0.25,0.25
SITE0214,6,4,0,0,0.5,0.0,0.0
SITE0214,7,5,0,0,1.4,0.0,0.0
SITE0214,8,9,2,2,1.4444444444444444,0.2222222222222222,0.2222222222222222
SITE0214,9,13,0,0,2.8461538461538463,0.0,0.0
SITE0214,10,14,0,0,1.5,0.0,0.0
SITE0214,11,12,1,1,1.4166666666666667,0.08333333333333333,0.08333333333333333
SITE0214,12,44,3,3,2.1363636363636362,0.06818181818181818,0.06818181818181818
SITE0215,1,1,0,0,2.0,0.0,0.0
SITE0215,3,5,0,0,2.0,0.0,0.0
SITE0215,4,8,1,1,3.875,0.125,0.125
SITE0215,5,2,0,0,2.5,0.0,0.0
SITE0215,6,5,0,0,2.0,0.0,0.0
SITE0215,7,5,1,1,3.4,0.2,0.2
SITE0215,8,6,0,0,0.8333333333333334,0.0,0.0
SITE0215,9,8,0,0,1.75,0.0,0.0
SITE0215,10,3,0,0,0.3333333333333333,0.0,0.0
SITE0215,11,16,0,0,1.5,0.0,0.0
SITE0215,12,38,0,0,1.4736842105263157,0.0,0.0
SITE0216,1,1,0,0,0.0,0.0,0.0
SITE0216,2,4,1,1,1.25,0.25,0.25
SITE0216,3,2,0,0,0.5,0.0,0.0
SITE0216,4,4,1,1,0.75,0.25,0.25
SITE0216,5,12,0,0,1.25,0.0,0.0
SITE0216,6,5,2,2,1.0,0.4,0.4
SITE0216,7,9,0,0,1.7777777777777777,0.0,0.0
SITE0216,8,10,1,1,2.7,0.1,0.1
SITE0216,9,9,0,0,2.888888888888889,0.0,0.0
SITE0216,10,6,1,1,2.0,0.16666666666666666,0.16666666666666666
SITE0216,11,12,1,1,2.3333333333333335,0.08333333333333333,0.08333333333333333
SITE0216,12,49,3,3,2.020408163265306,0.061224489795918366,0.061224489795918366
SITE0217,2,4,0,0,2.75,0.0,0.0
SITE0217,3,4,0,0,2.0,0.0,0.0
SITE0217,4,4,0,0,1.75,0.0,0.0
SITE0217,5,9,0,0,2.6666666666666665,0.0,0.0
SITE0217,6,8,0,0,1.125,0.0,0.0
SITE0217,7,4,0,0,3.5,0.0,0.0
SITE0217,8,7,0,0,2.4285714285714284,0.0,0.0
SITE0217,9,12,0,0,1.4166666666666667,0.0,0.0
SITE0217,10,14,3,3,1.2857142857142858,0.21428571428571427,0.21428571428571427
SITE0217,11,10,1,1,2.8,0.1,0.1
SITE0217,12,30,2,2,2.2666666666666666,0.06666666666666667,0.06666666666666667
SITE0218,1,1,0,0,7.0,0.0,0.0
SITE0218,2,1,0,0,0.0,0.0,0.0
SITE0218,3,4,1,1,2.5,0.25,0.25
SITE0218,4,3,0,0,2.3333333333333335,0.0,0.0
SITE0218,5,7,0,0,1.1428571428571428,0.0,0.0
SITE0218,6,14,0,0,1.3571428571428572,0.0,0.0
SITE0218,7,13,1,1,1.3846153846153846,0.07692307692307693,0.07692307692307693
SITE0218,8,11,0,0,1.7272727272727273,0.0,0.0
SITE0218,9,26,2,2,2.076923076923077,0.07692307692307693,0.07692307692307693
SITE0218,10,15,2,2,1.6666666666666667,0.13333333333333333,0.13333333333333333
SITE0218,11,20,1,1,0.95,0.05,0.05
SITE0218,12,47,1,1,1.5106382978723405,0.02127659574468085,0.02127659574468085
SITE0219,1,1,0,0,3.0,0.0,0.0
SITE0219,2,3,0,0,1.3333333333333333,0.0,0.0
SITE0219,3,6,0,0,1.3333333333333333,0.0,0.0
SITE0219,4,7,1,1,1.2857142857142858,0.14285714285714285,0.14285714285714285
SITE0219,5,9,0,0,1.5555555555555556,0.0,0.0
SITE0219,6,15,0,0,1.0666666666666667,0.0,0.0
SITE0219,7,15,1,1,0.9333333333333333,0.06666666666666667,0.06666666666666667
SITE0219,8,15,3,3,1.6666666666666667,0.2,0.2
SITE0219,9,15,0,0,1.1333333333333333,0.0,0.0
SITE0219,10,11,0,0,1.6363636363636365,0.0,0.0
SITE0219,11,19,1,1,2.789473684210526,0.05263157894736842,0.05263157894736842
SITE0219,12,55,1,1,2.0,0.01818181818181818,0.01818181818181818
SITE0220,1,1,0,0,0.0,0.0,0.0
SITE0220,2,4,0,0,1.0,0.0,0.0
SITE0220,3,4,0,0,4.0,0.0,0.0
SITE0220,4,5,0,0,1.6,0.0,0.0
SITE0220,5,3,1,1,1.3333333333333333,0.3333333333333333,0.3333333333333333
SITE0220,6,10,0,0,1.5,0.0,0.0
SITE0220,7,8,0,0,2.25,0.0,0.0
SITE0220,8,10,0,0,1.4,0.0,0.0
SITE0220,9,12,0,0,1.5833333333333333,0.0,0.0
SITE0220,10,10,1,1,1.2,0.1,0.1
SITE0220,11,7,0,0,1.0,0.0,0.0
SITE0220,12,28,0,0,1.7142857142857142,0.0,0.0
SITE0221,1,1,0,0,5.0,0.0,0.0
SITE0221,2,4,0,0,1.5,0.0,0.0
SITE0221,3,3,0,0,3.3333333333333335,0.0,0.0
SITE0221,4,8,0,0,1.375,0.0,0.0
SITE0221,5,7,0,0,1.5714285714285714,0.0,0.0
SITE0221,6,8,0,0,1.25,0.0,0.0
SITE0221,7,17,0,0,1.2352941176470589,0.0,0.0
SITE0221,8,20,0,0,2.0,0.0,0.0
SITE0221,9,13,2,2,1.4615384615384615,0.15384615384615385,0.15384615384615385
SITE0221,10,19,2,2,1.8421052631578947,0.10526315789473684,0.10526315789473684
SITE0221,11,17,0,0,1.6470588235294117,0.0,0.0
SITE0221,12,44,0,0,1.8181818181818181,0.0,0.0
SITE0222,1,1,0,0,4.0,0.0,0.0
SITE0222,2,3,2,2,1.0,0.6666666666666666,0.6666666666666666
SITE0222,3,4,0,0,2.25,0.0,0.0
SITE0222,4,7,0,0,2.142857142857143,0.0,0.0
SITE0222,5,9,0,0,2.111111111111111,0.0,0.0
SITE0222,6,15,1,1,1.4,0.06666666666666667,0.06666666666666667
SITE0222,7,9,0,0,2.0,0.0,0.0
SITE0222,8,23,1,1,0.8260869565217391,0.043478260869565216,0.043478260869565216
SITE0222,9,11,0,0,1.0,0.0,0.0
SITE0222,10,17,1,1,1.4705882352941178,0.058823529411764705,0.058823529411764705
SITE0222,11,16,0,0,1.6875,0.0,0.0
SITE0222,12,47,1,1,1.4680851063829787,0.02127659574468085,0.02127659574468085
SITE0223,1,1,0,0,0.0,0.0,0.0
SITE0223,2,2,0,0,3.5,0.0,0.0
SITE0223,3,5,0,0,2.0,0.0,0.0
SITE0223,4,15,0,0,1.4,0.0,0.0
SITE0223,5,5,0,0,1.0,0.0,0.0
SITE0223,6,12,2,2,2.4166666666666665,0.16666666666666666,0.16666666666666666
SITE0223,7,16,2,2,2.0,0.125,0.125
SITE0223,8,18,1,1,1.6666666666666667,0.05555555555555555,0.05555555555555555
SITE0223,9,20,0,0,1.5,0.0,0.0
SITE0223,10,20,2,2,2.2,0.1,0.1
SITE0223,11,15,1,1,1.4666666666666666,0.06666666666666667,0.06666666666666667
SITE0223,12,55,4,4,1.709090909090909,0.07272727272727272,0.07272727272727272
SITE0224,1,2,0,0,1.5,0.0,0.0
SITE0224,2,5,0,0,2.6,0.0,0.0
SITE0224,3,7,0,0,2.0,0.0,0.0
SITE0224,4,3,0,0,2.6666666666666665,0.0,0.0
SITE0224,5,10,1,1,2.6,0.1,0.1
SITE0224,6,10,2,2,1.8,0.2,0.2
SITE0224,7,10,0,0,1.1,0.0,0.0
SITE0224,8,18,0,0,1.7777777777777777,0.0,0.0
SITE0224,9,13,1,1,2.3076923076923075,0.07692307692307693,0.07692307692307693
SITE0224,10,17,2,2,1.9411764705882353,0.11764705882352941,0.11764705882352941
SITE0224,11,18,1,1,2.111111111111111,0.05555555555555555,0.05555555555555555
SITE0224,12,37,5,5,2.108108108108108,0.13513513513513514,0.13513513513513514
SITE0225,1,3,0,0,1.6666666666666667,0.0,0.0
SITE0225,2,2,0,0,0.5,0.0,0.0
SITE0225,3,5,1,1,2.2,0.2,0.2
SITE0225,4,6,0,0,2.1666666666666665,0.0,0.0
SITE0225,5,4,1,1,2.5,0.25,0.25
SITE0225,6,5,0,0,0.6,0.0,0.0
SITE0225,7,18,3,3,2.2777777777777777,0.16666666666666666,0.16666666666666666
SITE0225,8,18,1,1,2.611111111111111,0.05555555555555555,0.05555555555555555
SITE0225,9,17,1,1,1.0,0.058823529411764705,0.058823529411764705
SITE0225,10,12,1,1,1.6666666666666667,0.08333333333333333,0.08333333333333333
SITE0225,11,14,0,0,1.7857142857142858,0.0,0.0
SITE0225,12,46,1,1,1.8043478260869565,0.021739130434782608,0.021739130434782608
SITE0226,3,7,2,2,1.2857142857142858,0.2857142857142857,0.2857142857142857
SITE0226,4,7,0,0,2.2857142857142856,0.0,0.0
SITE0226,5,8,2,2,1.375,0.25,0.25
SITE0226,6,12,0,0,2.25,0.0,0.0
SITE0226,7,12,0,0,1.75,0.0,0.0
SITE0226,8,9,0,0,0.8888888888888888,0.0,0.0
SITE0226,9,11,0,0,1.8181818181818181,0.0,0.0
SITE0226,10,13,0,0,1.9230769230769231,0.0,0.0
SITE0226,11,11,0,0,1.5454545454545454,0.0,0.0
SITE0226,12,40,5,5,1.675,0.125,0.125
SITE0227,2,5,1,1,2.8,0.2,0.2
SITE0227,3,6,0,0,0.8333333333333334,0.0,0.0
SITE0227,4,13,1,1,1.7692307692307692,0.07692307692307693,0.07692307692307693
SITE0227,5,18,1,1,2.1666666666666665,0.05555555555555555,0.05555555555555555
SITE0227,6,7,0,0,1.0,0.0,0.0
SITE0227,7,11,2,2,2.0,0.18181818181818182,0.18181818181818182
SITE0227,8,20,3,3,1.45,0.15,0.15
SITE0227,9,18,1,1,2.4444444444444446,0.05555555555555555,0.05555555555555555
SITE0227,10,19,0,0,1.3157894736842106,0.0,0.0
SITE0227,11,16,0,0,1.125,0.0,0.0
SITE0227,12,52,6,6,1.9038461538461537,0.11538461538461539,0.11538461538461539
SITE0228,2,3,2,2,0.6666666666666666,0.6666666666666666,0.6666666666666666
SITE0228,3,3,0,0,1.0,0.0,0.0
SITE0228,4,4,0,0,2.0,0.0,0.0
SITE0228,5,8,1,1,2.625,0.125,0.125
SITE0228,6,9,2,2,1.4444444444444444,0.2222222222222222,0.2222222222222222
SITE0228,7,14,0,0,2.0,0.0,0.0
SITE0228,8,16,1,1,1.75,0.0625,0.0625
SITE0228,9,10,0,0,1.4,0.0,0.0
SITE0228,10,15,0,0,2.1333333333333333,0.0,0.0
SITE0228,11,24,2,2,1.7083333333333333,0.08333333333333333,0.08333333333333333
SITE0228,12,57,6,6,1.912280701754386,0.10526315789473684,0.10526315789473684
SITE0229,1,3,0,0,3.0,0.0,0.0
SITE0229,2,3,0,0,4.0,0.0,0.0
SITE0229,3,8,1,1,1.875,0.125,0.125
SITE0229,4,8,1,1,1.375,0.125,0.125
SITE0229,5,11,0,0,0.6363636363636364,0.0,0.0
SITE0229,6,11,1,1,1.1818181818181819,0.09090909090909091,0.09090909090909091
SITE0229,7,20,3,3,1.2,0.15,0.15
SITE0229,8,13,1,1,1.0769230769230769,0.07692307692307693,0.07692307692307693
SITE0229,9,7,1,1,2.2857142857142856,0.14285714285714285,0.14285714285714285
SITE0229,10,20,1,1,1.5,0.05,0.05
SITE0229,11,11,0,0,2.0,0.0,0.0
SITE0229,12,58,1,1,1.8103448275862069,0.017241379310344827,0.017241379310344827
SITE0230,2,6,0,0,1.5,0.0,0.0
SITE0230,3,6,0,0,2.0,0.0,0.0
SITE0230,4,10,2,2,1.8,0.2,0.2
SITE0230,5,10,0,0,1.3,0.0,0.0
SITE0230,6,13,2,2,2.4615384615384617,0.15384615384615385,0.15384615384615385
SITE0230,7,14,0,0,1.5714285714285714,0.0,0.0
SITE0230,8,15,0,0,1.9333333333333333,0.0,0.0
SITE0230,9,19,2,2,1.6842105263157894,0.10526315789473684,0.10526315789473684
SITE0230,10,13,1,1,1.6923076923076923,0.07692307692307693,0.07692307692307693
SITE0230,11,11,0,0,1.3636363636363635,0.0,0.0
SITE0230,12,59,2,2,1.7118644067796611,0.03389830508474576,0.03389830508474576
SITE0231,2,3,0,0,0.3333333333333333,0.0,0.0
SITE0231,3,10,0,0,1.5,0.0,0.0
SITE0231,4,9,1,1,1.2222222222222223,0.1111111111111111,0.1111111111111111
SITE0231,5,6,1,1,1.6666666666666667,0.16666666666666666,0.16666666666666666
SITE0231,6,8,1,1,0.875,0.125,0.125
SITE0231,7,17,0,0,1.6470588235294117,0.0,0.0
SITE0231,8,18,1,1,1.8888888888888888,0.05555555555555555,0.05555555555555555
SITE0231,9,15,1,1,1.8,0.06666666666666667,0.06666666666666667
SITE0231,10,10,0,0,1.5,0.0,0.0
SITE0231,11,11,0,0,1.0909090909090908,0.0,0.0
SITE0231,12,40,4,4,1.75,0.1,0.1
SITE0232,1,1,0,0,0.0,0.0,0.0
SITE0232,2,4,0,0,1.0,0.0,0.0
SITE0232,3,4,1,1,2.0,0.25,0.25
SITE0232,4,12,3,3,2.8333333333333335,0.25,0.25
SITE0232,5,9,1,1,2.111111111111111,0.1111111111111111,0.1111111111111111
SITE0232,6,15,0,0,1.6666666666666667,0.0,0.0
SITE0232,7,13,0,0,1.5384615384615385,0.0,0.0
SITE0232,8,16,0,0,1.4375,0.0,0.0
SITE0232,9,14,1,1,1.1428571428571428,0.07142857142857142,0.07142857142857142
SITE0232,10,18,0,0,1.7777777777777777,0.0,0.0
SITE0232,11,15,1,1,1.5333333333333334,0.06666666666666667,0.06666666666666667
SITE0232,12,56,2,2,1.9642857142857142,0.03571428571428571,0.03571428571428571
SITE0233,1,1,0,0,2.0,0.0,0.0
SITE0233,2,1,0,0,2.0,0.0,0.0
SITE0233,3,7,0,0,1.4285714285714286,0.0,0.0
SITE0233,4,6,1,1,1.8333333333333333,0.16666666666666666,0.16666666666666666
SITE0233,5,11,0,0,0.9090909090909091,0.0,0.0
SITE0233,6,9,0,0,0.7777777777777778,0.0,0.0
SITE0233,7,17,1,1,2.0,0.058823529411764705,0.058823529411764705
SITE0233,8,7,1,1,1.2857142857142858,0.14285714285714285,0.14285714285714285
SITE0233,9,12,2,2,2.1666666666666665,0.16666666666666666,0.16666666666666666
SITE0233,10,11,1,1,1.4545454545454546,0.09090909090909091,0.09090909090909091
SITE0233,11,14,0,0,2.2857142857142856,0.0,0.0
SITE0233,12,46,1,1,1.7391304347826086,0.021739130434782608,0.021739130434782608
SITE0234,1,2,0,0,2.0,0.0,0.0
SITE0234,3,4,0,0,1.75,0.0,0.0
SITE0234,4,10,0,0,1.9,0.0,0.0
SITE0234,5,3,0,0,1.3333333333333333,0.0,0.0
SITE0234,6,10,0,0,1.8,0.0,0.0
SITE0234,7,8,0,0,1.625,0.0,0.0
SITE0234,8,7,0,0,1.5714285714285714,0.0,0.0
SITE0234,9,6,0,0,2.3333333333333335,0.0,0.0
SITE0234,10,14,1,1,2.142857142857143,0.07142857142857142,0.07142857142857142
SITE0234,11,20,1,1,1.8,0.05,0.05
SITE0234,12,34,1,1,1.6470588235294117,0.029411764705882353,0.029411764705882353
SITE0235,2,5,1,1,0.6,0.2,0.2
SITE0235,3,3,0,0,2.0,0.0,0.0
SITE0235,4,9,2,2,1.7777777777777777,0.2222222222222222,0.2222222222222222
SITE0235,5,12,0,0,2.0833333333333335,0.0,0.0
SITE0235,6,14,1,1,0.9285714285714286,0.07142857142857142,0.07142857142857142
SITE0235,7,17,2,2,2.176470588235294,0.11764705882352941,0.11764705882352941
SITE0235,8,13,0,0,1.0,0.0,0.0
SITE0235,9,18,2,2,1.4444444444444444,0.1111111111111111,0.1111111111111111
SITE0235,10,13,1,1,2.230769230769231,0.07692307692307693,0.07692307692307693
SITE0235,11,12,1,1,2.5,0.08333333333333333,0.08333333333333333
SITE0235,12,59,4,4,1.5084745762711864,0.06779661016949153,0.06779661016949153
SITE0236,2,5,0,0,1.8,0.0,0.0
SITE0236,3,3,0,0,0.0,0.0,0.0
SITE0236,4,10,0,0,1.8,0.0,0.0
SITE0236,5,10,0,0,1.3,0.0,0.0
SITE0236,6,13,1,1,2.6923076923076925,0.07692307692307693,0.07692307692307693
SITE0236,7,23,2,2,2.1739130434782608,0.08695652173913043,0.08695652173913043
SITE0236,8,18,2,2,1.2777777777777777,0.1111111111111111,0.1111111111111111
SITE0236,9,12,0,0,2.0,0.0,0.0
SITE0236,10,20,0,0,1.6,0.0,0.0
SITE0236,11,26,1,1,1.7692307692307692,0.038461538461538464,0.038461538461538464
SITE0236,12,51,2,2,1.7058823529411764,0.0392156862745098,0.0392156862745098
SITE0237,2,2,0,0,4.0,0.0,0.0
SITE0237,3,9,1,1,2.5555555555555554,0.1111111111111111,0.1111111111111111
SITE0237,4,3,0,0,2.3333333333333335,0.0,0.0
SITE0237,5,16,1,1,2.0,0.0625,0.0625
SITE0237,6,6,0,0,2.8333333333333335,0.0,0.0
SITE0237,7,8,0,0,1.5,0.0,0.0
SITE0237,8,8,0,0,1.5,0.0,0.0
SITE0237,9,10,0,0,2.7,0.0,0.0
SITE0237,10,12,0,0,1.9166666666666667,0.0,0.0
SITE0237,11,10,0,0,1.6,0.0,0.0
SITE0237,12,42,1,1,1.880952380952381,0.023809523809523808,0.023809523809523808
SITE0238,1,1,0,0,0.0,0.0,0.0
SITE0238,2,3,0,0,1.6666666666666667,0.0,0.0
SITE0238,3,3,0,0,2.3333333333333335,0.0,0.0
SITE0238,4,4,0,0,2.0,0.0,0.0
SITE0238,5,5,0,0,2.4,0.0,0.0
SITE0238,6,10,1,1,1.7,0.1,0.1
SITE0238,7,8,0,0,2.125,0.0,0.0
SITE0238,8,14,2,2,2.0,0.14285714285714285,0.14285714285714285
SITE0238,9,10,0,0,1.8,0.0,0.0
SITE0238,10,8,1,1,2.875,0.125,0.125
SITE0238,11,9,1,1,2.111111111111111,0.1111111111111111,0.1111111111111111
SITE0238,12,30,1,1,1.8333333333333333,0.03333333333333333,0.03333333333333333
SITE0239,1,1,0,0,2.0,0.0,0.0
SITE0239,2,4,0,0,1.5,0.0,0.0
SITE0239,3,4,0,0,1.5,0.0,0.0
SITE0239,4,7,2,2,1.7142857142857142,0.2857142857142857,0.2857142857142857
SITE0239,5,5,0,0,1.0,0.0,0.0
SITE0239,6,17,0,0,2.0,0.0,0.0
SITE0239,7,6,1,1,1.0,0.16666666666666666,0.16666666666666666
SITE0239,8,9,1,1,1.7777777777777777,0.1111111111111111,0.1111111111111111
SITE0239,9,9,1,1,1.1111111111111112,0.1111111111111111,0.1111111111111111
SITE0239,10,10,1,1,2.7,0.1,0.1
SITE0239,11,8,1,1,1.875,0.125,0.125
SITE0239,12,35,2,2,1.7428571428571429,0.05714285714285714,0.05714285714285714
SITE0240,2,2,0,0,1.0,0.0,0.0
SITE0240,3,3,0,0,2.0,0.0,0.0
SITE0240,5,3,0,0,2.6666666666666665,0.0,0.0
SITE0240,6,8,0,0,1.875,0.0,0.0
SITE0240,7,7,0,0,3.0,0.0,0.0
SITE0240,8,10,2,2,1.9,0.2,0.2
SITE0240,9,9,1,1,1.4444444444444444,0.1111111111111111,0.1111111111111111
SITE0240,10,9,0,0,2.3333333333333335,0.0,0.0
SITE0240,11,8,0,0,1.875,0.0,0.0
SITE0240,12,32,2,2,2.28125,0.0625,0.0625
SITE0241,2,1,1,1,2.0,1.0,1.0
SITE0241,3,5,1,1,2.0,0.2,0.2
SITE0241,4,8,0,0,2.0,0.0,0.0
SITE0241,5,4,0,0,2.0,0.0,0.0
SITE0241,6,8,1,1,0.75,0.125,0.125
SITE0241,7,11,2,2,1.4545454545454546,0.18181818181818182,0.18181818181818182
SITE0241,8,13,2,2,2.230769230769231,0.15384615384615385,0.15384615384615385
SITE0241,9,4,1,1,1.25,0.25,0.25
SITE0241,10,10,1,1,1.7,0.1,0.1
SITE0241,11,5,0,0,2.4,0.0,0.0
SITE0241,12,38,5,5,1.394736842105263,0.13157894736842105,0.13157894736842105
SITE0242,2,1,0,0,0.0,0.0,0.0
SITE0242,3,4,0,0,0.0,0.0,0.0
SITE0242,4,4,0,0,2.0,0.0,0.0
SITE0242,5,2,0,0,2.0,0.0,0.0
SITE0242,6,9,0,0,1.4444444444444444,0.0,0.0
SITE0242,7,8,2,2,2.0,0.25,0.25
SITE0242,8,14,1,1,1.4285714285714286,0.07142857142857142,0.07142857142857142
SITE0242,9,9,0,0,1.4444444444444444,0.0,0.0
SITE0242,10,12,0,0,2.0833333333333335,0.0,0.0
SITE0242,11,9,1,1,2.0,0.1111111111111111,0.1111111111111111
SITE0242,12,39,1,1,1.5897435897435896,0.02564102564102564,0.02564102564102564
SITE0243,1,1,0,0,0.0,0.0,0.0
SITE0243,2,4,0,0,1.0,0.0,0.0
SITE0243,3,4,0,0,2.0,0.0,0.0
SITE0243,4,7,0,0,1.5714285714285714,0.0,0.0
SITE0243,5,6,1,1,1.1666666666666667,0.16666666666666666,0.16666666666666666
SITE0243,6,17,1,1,1.3529411764705883,0.058823529411764705,0.058823529411764705
SITE0243,7,15,0,0,2.2,0.0,0.0
SITE0243,8,8,1,1,1.0,0.125,0.125
SITE0243,9,10,0,0,2.4,0.0,0.0
SITE0243,10,11,0,0,2.090909090909091,0.0,0.0
SITE0243,11,13,0,0,0.6923076923076923,0.0,0.0
SITE0243,12,38,2,2,2.0526315789473686,0.05263157894736842,0.05263157894736842
SITE0244,3,2,0,0,1.5,0.0,0.0
SITE0244,4,4,0,0,0.75,0.0,0.0
SITE0244,5,7,0,0,2.0,0.0,0.0
SITE0244,6,9,0,0,1.1111111111111112,0.0,0.0
SITE0244,7,10,0,0,2.3,0.0,0.0
SITE0244,8,12,1,1,1.5,0.08333333333333333,0.08333333333333333
SITE0244,9,13,0,0,2.4615384615384617,0.0,0.0
SITE0244,10,10,0,0,1.1,0.0,0.0
SITE0244,11,9,1,1,1.5555555555555556,0.1111111111111111,0.1111111111111111
SITE0244,12,31,0,0,1.6774193548387097,0.0,0.0
SITE0245,1,1,0,0,0.0,0.0,0.0
SITE0245,2,2,0,0,3.5,0.0,0.0
SITE0245,3,6,1,1,2.6666666666666665,0.16666666666666666,0.16666666666666666
SITE0245,4,5,2,2,0.8,0.4,0.4
SITE0245,5,11,1,1,3.0,0.09090909090909091,0.09090909090909091
SITE0245,6,6,0,0,0.8333333333333334,0.0,0.0
SITE0245,7,7,1,1,2.4285714285714284,0.14285714285714285,0.14285714285714285
SITE0245,8,9,0,0,2.5555555555555554,0.0,0.0
SITE0245,9,5,0,0,3.0,0.0,0.0
SITE0245,10,12,0,0,1.4166666666666667,0.0,0.0
SITE0245,11,14,0,0,1.5,0.0,0.0
SITE0245,12,48,6,6,1.7083333333333333,0.125,0.125
SITE0246,1,1,0,0,4.0,0.0,0.0
SITE0246,2,3,0,0,1.3333333333333333,0.0,0.0
SITE0246,3,4,0,0,3.75,0.0,0.0
SITE0246,4,5,0,0,0.6,0.0,0.0
SITE0246,5,9,1,1,0.7777777777777778,0.1111111111111111,0.1111111111111111
SITE0246,6,9,0,0,2.2222222222222223,0.0,0.0
SITE0246,7,21,1,1,2.142857142857143,0.047619047619047616,0.047619047619047616
SITE0246,8,14,1,1,2.0,0.07142857142857142,0.07142857142857142
SITE0246,9,15,0,0,1.4666666666666666,0.0,0.0
SITE0246,10,15,2,2,1.4,0.13333333333333333,0.13333333333333333
SITE0246,11,11,0,0,1.3636363636363635,0.0,0.0
SITE0246,12,63,2,2,1.4126984126984128,0.031746031746031744,0.031746031746031744
SITE0247,3,3,0,0,0.0,0.0,0.0
SITE0247,4,3,1,1,2.0,0.3333333333333333,0.3333333333333333
SITE0247,5,7,1,1,3.0,0.14285714285714285,0.14285714285714285
SITE0247,6,5,0,0,2.2,0.0,0.0
SITE0247,7,17,1,1,1.2941176470588236,0.058823529411764705,0.058823529411764705
SITE0247,8,12,1,1,2.25,0.08333333333333333,0.08333333333333333
SITE0247,9,8,0,0,1.625,0.0,0.0
SITE0247,10,13,0,0,2.076923076923077,0.0,0.0
SITE0247,11,9,2,2,1.6666666666666667,0.2222222222222222,0.2222222222222222
SITE0247,12,26,0,0,2.4615384615384617,0.0,0.0
SITE0248,2,2,0,0,2.5,0.0,0.0
SITE0248,3,5,1,1,1.2,0.2,0.2
SITE0248,4,6,0,0,3.0,0.0,0.0
SITE0248,5,3,0,0,2.6666666666666665,0.0,0.0
SITE0248,6,9,0,0,1.1111111111111112,0.0,0.0
SITE0248,7,5,0,0,0.4,0.0,0.0
SITE0248,8,10,0,0,1.3,0.0,0.0
SITE0248,9,8,0,0,2.75,0.0,0.0
SITE0248,10,6,0,0,2.6666666666666665,0.0,0.0
SITE0248,11,10,0,0,2.6,0.0,0.0
SITE0248,12,39,1,1,1.5128205128205128,0.02564102564102564,0.02564102564102564
SITE0249,2,2,1,1,0.0,0.5,0.5
SITE0249,3,6,0,0,1.0,0.0,0.0
SITE0249,4,11,0,0,1.0909090909090908,0.0,0.0
SITE0249,5,6,0,0,0.6666666666666666,0.0,0.0
SITE0249,6,10,1,1,3.4,0.1,0.1
SITE0249,7,16,3,3,2.25,0.1875,0.1875
SITE0249,8,16,0,0,2.125,0.0,0.0
SITE0249,9,17,0,0,2.0588235294117645,0.0,0.0
SITE0249,10,18,0,0,1.5555555555555556,0.0,0.0
SITE0249,11,18,0,0,2.0,0.0,0.0
SITE0249,12,57,5,5,1.6666666666666667,0.08771929824561403,0.08771929824561403
SITE0250,1,1,0,0,0.0,0.0,0.0
SITE0250,2,1,0,0,3.0,0.0,0.0
SITE0250,3,5,1,1,1.6,0.2,0.2
SITE0250,4,7,0,0,1.1428571428571428,0.0,0.0
SITE0250,5,8,1,1,1.375,0.125,0.125
SITE0250,6,7,0,0,2.2857142857142856,0.0,0.0
SITE0250,7,13,0,0,0.46153846153846156,0.0,0.0
SITE0250,8,20,0,0,1.8,0.0,0.0
SITE0250,9,16,1,1,1.75,0.0625,0.0625
SITE0250,10,15,3,3,1.8,0.2,0.2
SITE0250,11,22,4,4,1.8181818181818181,0.18181818181818182,0.18181818181818182
SITE0250,12,44,4,4,1.6818181818181819,0.09090909090909091,0.09090909090909091
